detector,date,hour,intensity,speed
RWS01_MONIBAS_0011hrl0434ra,2026-08-25,0,265.3,115
RWS01_MONIBAS_0011hrl0434ra,2026-08-25,1,180.0,107
RWS01_MONIBAS_0011hrl0434ra,2026-08-25,2,148.6,106
RWS01_MONIBAS_0011hrl0434ra,2026-08-25,3,142.9,104
RWS01_MONIBAS_0011hrl0434ra,2026-08-25,4,290.0,104
RWS01_MONIBAS_0011hrl0434ra,2026-08-25,5,1265.7,107
RWS01_MONIBAS_0011hrl0434ra,2026-08-25,6,3564.0,95
RWS01_MONIBAS_0011hrl0434ra,2026-08-25,7,4000.0,91
RWS01_MONIBAS_0011hrl0434ra,2026-08-25,8,3630.0,93
RWS01_MONIBAS_0011hrl0434ra,2026-08-25,9,2990.5,97
RWS01_MONIBAS_0011hrl0434ra,2026-08-25,10,3442.9,72
RWS01_MONIBAS_0011hrl0434ra,2026-08-25,11,3105.0,92
RWS01_MONIBAS_0011hrl0434ra,2026-08-25,12,3188.6,95
RWS01_MONIBAS_0011hrl0434ra,2026-08-25,13,3348.6,96
RWS01_MONIBAS_0011hrl0434ra,2026-08-25,14,3188.2,95
RWS01_MONIBAS_0011hrl0434ra,2026-08-25,15,3705.7,94
RWS01_MONIBAS_0011hrl0434ra,2026-08-25,16,4082.9,62
RWS01_MONIBAS_0011hrl0434ra,2026-08-25,17,3828.0,53
RWS01_MONIBAS_0011hrl0434ra,2026-08-25,18,3060.0,91
RWS01_MONIBAS_0011hrl0434ra,2026-08-25,19,2022.9,109
RWS01_MONIBAS_0011hrl0434ra,2026-08-25,20,1634.3,111
RWS01_MONIBAS_0011hrl0434ra,2026-08-25,21,1456.7,109
RWS01_MONIBAS_0011hrl0434ra,2026-08-25,22,1202.5,112
RWS01_MONIBAS_0011hrl0434ra,2026-08-25,23,638.2,113
RWS01_MONIBAS_0011hrl0460ra,2026-08-25,0,322.1,103
RWS01_MONIBAS_0011hrl0460ra,2026-08-25,1,212.5,96
RWS01_MONIBAS_0011hrl0460ra,2026-08-25,2,197.1,97
RWS01_MONIBAS_0011hrl0460ra,2026-08-25,3,190.9,100
RWS01_MONIBAS_0011hrl0460ra,2026-08-25,4,286.7,99
RWS01_MONIBAS_0011hrl0460ra,2026-08-25,5,1260.0,100
RWS01_MONIBAS_0011hrl0460ra,2026-08-25,6,3529.6,99
RWS01_MONIBAS_0011hrl0460ra,2026-08-25,7,3462.9,99
RWS01_MONIBAS_0011hrl0460ra,2026-08-25,8,2706.3,97
RWS01_MONIBAS_0011hrl0460ra,2026-08-25,9,2220.0,101
RWS01_MONIBAS_0011hrl0460ra,2026-08-25,10,2955.7,97
RWS01_MONIBAS_0011hrl0460ra,2026-08-25,11,3016.4,97
RWS01_MONIBAS_0011hrl0460ra,2026-08-25,12,3000.0,97
RWS01_MONIBAS_0011hrl0460ra,2026-08-25,13,3201.4,96
RWS01_MONIBAS_0011hrl0460ra,2026-08-25,14,3247.5,97
RWS01_MONIBAS_0011hrl0460ra,2026-08-25,15,3382.9,98
RWS01_MONIBAS_0011hrl0460ra,2026-08-25,16,3455.5,100
RWS01_MONIBAS_0011hrl0460ra,2026-08-25,17,3471.4,101
RWS01_MONIBAS_0011hrl0460ra,2026-08-25,18,3035.5,101
RWS01_MONIBAS_0011hrl0460ra,2026-08-25,19,2165.2,108
RWS01_MONIBAS_0011hrl0460ra,2026-08-25,20,1560.0,107
RWS01_MONIBAS_0011hrl0460ra,2026-08-25,21,1398.9,106
RWS01_MONIBAS_0011hrl0460ra,2026-08-25,22,1045.0,110
RWS01_MONIBAS_0011hrl0460ra,2026-08-25,23,619.1,108
RWS01_MONIBAS_0011hrl0856ra,2026-08-25,0,2400.0,106
RWS01_MONIBAS_0011hrl0856ra,2026-08-25,1,2400.0,106
RWS01_MONIBAS_0011hrl0856ra,2026-08-25,2,2400.0,106
RWS01_MONIBAS_0011hrl0856ra,2026-08-25,3,2400.0,106
RWS01_MONIBAS_0011hrl0856ra,2026-08-25,4,2400.0,106
RWS01_MONIBAS_0011hrl0856ra,2026-08-25,5,2400.0,106
RWS01_MONIBAS_0011hrl0856ra,2026-08-25,6,2400.0,106
RWS01_MONIBAS_0011hrl0856ra,2026-08-25,7,2400.0,106
RWS01_MONIBAS_0011hrl0856ra,2026-08-25,8,2400.0,106
RWS01_MONIBAS_0011hrl0856ra,2026-08-25,9,2400.0,106
RWS01_MONIBAS_0011hrl0856ra,2026-08-25,10,2400.0,106
RWS01_MONIBAS_0011hrl0856ra,2026-08-25,11,2400.0,106
RWS01_MONIBAS_0011hrl0856ra,2026-08-25,12,2400.0,106
RWS01_MONIBAS_0011hrl0856ra,2026-08-25,13,2400.0,106
RWS01_MONIBAS_0011hrl0856ra,2026-08-25,14,2400.0,106
RWS01_MONIBAS_0011hrl0856ra,2026-08-25,15,2400.0,106
RWS01_MONIBAS_0011hrl0856ra,2026-08-25,16,2400.0,106
RWS01_MONIBAS_0011hrl0856ra,2026-08-25,17,2400.0,106
RWS01_MONIBAS_0011hrl0856ra,2026-08-25,18,2400.0,106
RWS01_MONIBAS_0011hrl0856ra,2026-08-25,19,2400.0,106
RWS01_MONIBAS_0011hrl0856ra,2026-08-25,20,2400.0,106
RWS01_MONIBAS_0011hrl0856ra,2026-08-25,21,2400.0,106
RWS01_MONIBAS_0011hrl0856ra,2026-08-25,22,2400.0,106
RWS01_MONIBAS_0011hrl0856ra,2026-08-25,23,2400.0,106
RWS01_MONIBAS_0011hrl0987ra,2026-08-25,0,243.0,102
RWS01_MONIBAS_0011hrl0987ra,2026-08-25,1,219.0,98
RWS01_MONIBAS_0011hrl0987ra,2026-08-25,2,181.0,98
RWS01_MONIBAS_0011hrl0987ra,2026-08-25,3,315.0,99
RWS01_MONIBAS_0011hrl0987ra,2026-08-25,4,495.0,100
RWS01_MONIBAS_0011hrl0987ra,2026-08-25,5,2088.0,104
RWS01_MONIBAS_0011hrl0987ra,2026-08-25,6,4362.0,100
RWS01_MONIBAS_0011hrl0987ra,2026-08-25,7,5125.0,99
RWS01_MONIBAS_0011hrl0987ra,2026-08-25,8,4645.4,99
RWS01_MONIBAS_0011hrl0987ra,2026-08-25,9,3392.0,98
RWS01_MONIBAS_0011hrl0987ra,2026-08-25,10,2963.0,97
RWS01_MONIBAS_0011hrl0987ra,2026-08-25,11,3000.0,98
RWS01_MONIBAS_0011hrl0987ra,2026-08-25,12,3110.0,98
RWS01_MONIBAS_0011hrl0987ra,2026-08-25,13,3079.0,98
RWS01_MONIBAS_0011hrl0987ra,2026-08-25,14,3211.5,99
RWS01_MONIBAS_0011hrl0987ra,2026-08-25,15,3640.0,99
RWS01_MONIBAS_0011hrl0987ra,2026-08-25,16,3910.0,100
RWS01_MONIBAS_0011hrl0987ra,2026-08-25,17,3734.0,102
RWS01_MONIBAS_0011hrl0987ra,2026-08-25,18,2211.0,104
RWS01_MONIBAS_0011hrl0987ra,2026-08-25,19,1677.0,106
RWS01_MONIBAS_0011hrl0987ra,2026-08-25,20,1325.0,108
RWS01_MONIBAS_0011hrl0987ra,2026-08-25,21,1127.0,106
RWS01_MONIBAS_0011hrl0987ra,2026-08-25,22,815.0,107
RWS01_MONIBAS_0011hrl0987ra,2026-08-25,23,482.0,105
RWS01_MONIBAS_0011hrl1076ra,2026-08-25,0,200.0,107
RWS01_MONIBAS_0011hrl1076ra,2026-08-25,1,175.0,101
RWS01_MONIBAS_0011hrl1076ra,2026-08-25,2,161.0,101
RWS01_MONIBAS_0011hrl1076ra,2026-08-25,3,282.0,101
RWS01_MONIBAS_0011hrl1076ra,2026-08-25,4,402.0,101
RWS01_MONIBAS_0011hrl1076ra,2026-08-25,5,1610.0,111
RWS01_MONIBAS_0011hrl1076ra,2026-08-25,6,3328.0,105
RWS01_MONIBAS_0011hrl1076ra,2026-08-25,7,3961.0,105
RWS01_MONIBAS_0011hrl1076ra,2026-08-25,8,3827.8,104
RWS01_MONIBAS_0011hrl1076ra,2026-08-25,9,2628.0,103
RWS01_MONIBAS_0011hrl1076ra,2026-08-25,10,2272.0,102
RWS01_MONIBAS_0011hrl1076ra,2026-08-25,11,2289.0,102
RWS01_MONIBAS_0011hrl1076ra,2026-08-25,12,2304.0,104
RWS01_MONIBAS_0011hrl1076ra,2026-08-25,13,2339.0,104
RWS01_MONIBAS_0011hrl1076ra,2026-08-25,14,2468.1,103
RWS01_MONIBAS_0011hrl1076ra,2026-08-25,15,2573.0,104
RWS01_MONIBAS_0011hrl1076ra,2026-08-25,16,2720.0,105
RWS01_MONIBAS_0011hrl1076ra,2026-08-25,17,2850.0,107
RWS01_MONIBAS_0011hrl1076ra,2026-08-25,18,1755.0,109
RWS01_MONIBAS_0011hrl1076ra,2026-08-25,19,1290.0,116
RWS01_MONIBAS_0011hrl1076ra,2026-08-25,20,1029.0,119
RWS01_MONIBAS_0011hrl1076ra,2026-08-25,21,841.0,117
RWS01_MONIBAS_0011hrl1076ra,2026-08-25,22,640.0,118
RWS01_MONIBAS_0011hrl1076ra,2026-08-25,23,378.0,114
RWS01_MONIBAS_0011hrr0851ra_1,2026-08-25,0,245.0,111
RWS01_MONIBAS_0011hrr0851ra_1,2026-08-25,1,168.0,104
RWS01_MONIBAS_0011hrr0851ra_1,2026-08-25,2,119.0,103
RWS01_MONIBAS_0011hrr0851ra_1,2026-08-25,3,119.0,102
RWS01_MONIBAS_0011hrr0851ra_1,2026-08-25,4,190.0,101
RWS01_MONIBAS_0011hrr0851ra_1,2026-08-25,5,492.0,108
RWS01_MONIBAS_0011hrr0851ra_1,2026-08-25,6,1308.0,107
RWS01_MONIBAS_0011hrr0851ra_1,2026-08-25,7,2180.0,108
RWS01_MONIBAS_0011hrr0851ra_1,2026-08-25,8,2378.6,106
RWS01_MONIBAS_0011hrr0851ra_1,2026-08-25,9,2226.0,105
RWS01_MONIBAS_0011hrr0851ra_1,2026-08-25,10,2178.0,104
RWS01_MONIBAS_0011hrr0851ra_1,2026-08-25,11,2168.0,103
RWS01_MONIBAS_0011hrr0851ra_1,2026-08-25,12,2408.0,103
RWS01_MONIBAS_0011hrr0851ra_1,2026-08-25,13,2533.0,103
RWS01_MONIBAS_0011hrr0851ra_1,2026-08-25,14,2813.9,103
RWS01_MONIBAS_0011hrr0851ra_1,2026-08-25,15,3509.0,103
RWS01_MONIBAS_0011hrr0851ra_1,2026-08-25,16,4428.0,104
RWS01_MONIBAS_0011hrr0851ra_1,2026-08-25,17,4004.0,104
RWS01_MONIBAS_0011hrr0851ra_1,2026-08-25,18,2316.0,108
RWS01_MONIBAS_0011hrr0851ra_1,2026-08-25,19,1483.0,115
RWS01_MONIBAS_0011hrr0851ra_1,2026-08-25,20,1126.0,117
RWS01_MONIBAS_0011hrr0851ra_1,2026-08-25,21,987.0,116
RWS01_MONIBAS_0011hrr0851ra_1,2026-08-25,22,807.0,118
RWS01_MONIBAS_0011hrr0851ra_1,2026-08-25,23,551.0,119
RWS01_MONIBAS_0011hrr1044ra,2026-08-25,0,345.0,104
RWS01_MONIBAS_0011hrr1044ra,2026-08-25,1,257.0,99
RWS01_MONIBAS_0011hrr1044ra,2026-08-25,2,175.0,95
RWS01_MONIBAS_0011hrr1044ra,2026-08-25,3,161.0,95
RWS01_MONIBAS_0011hrr1044ra,2026-08-25,4,256.0,98
RWS01_MONIBAS_0011hrr1044ra,2026-08-25,5,583.0,102
RWS01_MONIBAS_0011hrr1044ra,2026-08-25,6,1939.0,103
RWS01_MONIBAS_0011hrr1044ra,2026-08-25,7,3083.0,89
RWS01_MONIBAS_0011hrr1044ra,2026-08-25,8,3484.1,105
RWS01_MONIBAS_0011hrr1044ra,2026-08-25,9,2949.0,102
RWS01_MONIBAS_0011hrr1044ra,2026-08-25,10,2778.0,101
RWS01_MONIBAS_0011hrr1044ra,2026-08-25,11,2765.0,102
RWS01_MONIBAS_0011hrr1044ra,2026-08-25,12,2991.0,101
RWS01_MONIBAS_0011hrr1044ra,2026-08-25,13,3247.0,102
RWS01_MONIBAS_0011hrr1044ra,2026-08-25,14,3679.3,103
RWS01_MONIBAS_0011hrr1044ra,2026-08-25,15,4234.0,104
RWS01_MONIBAS_0011hrr1044ra,2026-08-25,16,5505.0,106
RWS01_MONIBAS_0011hrr1044ra,2026-08-25,17,5358.0,106
RWS01_MONIBAS_0011hrr1044ra,2026-08-25,18,3431.0,106
RWS01_MONIBAS_0011hrr1044ra,2026-08-25,19,2165.0,109
RWS01_MONIBAS_0011hrr1044ra,2026-08-25,20,1513.0,110
RWS01_MONIBAS_0011hrr1044ra,2026-08-25,21,1302.0,109
RWS01_MONIBAS_0011hrr1044ra,2026-08-25,22,1077.0,110
RWS01_MONIBAS_0011hrr1044ra,2026-08-25,23,674.0,111
RWS01_MONIBAS_0011hrr1076ra,2026-08-25,0,249.0,111
RWS01_MONIBAS_0011hrr1076ra,2026-08-25,1,199.0,100
RWS01_MONIBAS_0011hrr1076ra,2026-08-25,2,139.0,98
RWS01_MONIBAS_0011hrr1076ra,2026-08-25,3,142.0,96
RWS01_MONIBAS_0011hrr1076ra,2026-08-25,4,212.0,99
RWS01_MONIBAS_0011hrr1076ra,2026-08-25,5,467.0,103
RWS01_MONIBAS_0011hrr1076ra,2026-08-25,6,1515.0,105
RWS01_MONIBAS_0011hrr1076ra,2026-08-25,7,2523.0,105
RWS01_MONIBAS_0011hrr1076ra,2026-08-25,8,2416.3,106
RWS01_MONIBAS_0011hrr1076ra,2026-08-25,9,2224.0,102
RWS01_MONIBAS_0011hrr1076ra,2026-08-25,10,2235.0,102
RWS01_MONIBAS_0011hrr1076ra,2026-08-25,11,2187.0,99
RWS01_MONIBAS_0011hrr1076ra,2026-08-25,12,2341.0,100
RWS01_MONIBAS_0011hrr1076ra,2026-08-25,13,2470.0,101
RWS01_MONIBAS_0011hrr1076ra,2026-08-25,14,2804.7,101
RWS01_MONIBAS_0011hrr1076ra,2026-08-25,15,3432.0,102
RWS01_MONIBAS_0011hrr1076ra,2026-08-25,16,4454.0,103
RWS01_MONIBAS_0011hrr1076ra,2026-08-25,17,4210.0,103
RWS01_MONIBAS_0011hrr1076ra,2026-08-25,18,2440.0,106
RWS01_MONIBAS_0011hrr1076ra,2026-08-25,19,1602.0,112
RWS01_MONIBAS_0011hrr1076ra,2026-08-25,20,1153.0,118
RWS01_MONIBAS_0011hrr1076ra,2026-08-25,21,944.0,116
RWS01_MONIBAS_0011hrr1076ra,2026-08-25,22,784.0,118
RWS01_MONIBAS_0011hrr1076ra,2026-08-25,23,504.0,116
RWS01_MONICA_00D00106CC55D0070007,2026-08-25,0,21.0,124
RWS01_MONICA_00D00106CC55D0070007,2026-08-25,1,3.0,106
RWS01_MONICA_00D00106CC55D0070007,2026-08-25,2,3.0,120
RWS01_MONICA_00D00106CC55D0070007,2026-08-25,3,9.0,142
RWS01_MONICA_00D00106CC55D0070007,2026-08-25,4,8.0,132
RWS01_MONICA_00D00106CC55D0070007,2026-08-25,5,79.0,122
RWS01_MONICA_00D00106CC55D0070007,2026-08-25,6,445.0,114
RWS01_MONICA_00D00106CC55D0070007,2026-08-25,7,1016.0,110
RWS01_MONICA_00D00106CC55D0070007,2026-08-25,8,771.0,111
RWS01_MONICA_00D00106CC55D0070007,2026-08-25,9,697.0,109
RWS01_MONICA_00D00106CC55D0070007,2026-08-25,10,677.0,107
RWS01_MONICA_00D00106CC55D0070007,2026-08-25,11,699.0,107
RWS01_MONICA_00D00106CC55D0070007,2026-08-25,12,707.0,107
RWS01_MONICA_00D00106CC55D0070007,2026-08-25,13,709.0,108
RWS01_MONICA_00D00106CC55D0070007,2026-08-25,14,866.0,107
RWS01_MONICA_00D00106CC55D0070007,2026-08-25,15,1313.0,94
RWS01_MONICA_00D00106CC55D0070007,2026-08-25,16,1125.0,32
RWS01_MONICA_00D00106CC55D0070007,2026-08-25,17,757.0,105
RWS01_MONICA_00D00106CC55D0070007,2026-08-25,18,544.0,114
RWS01_MONICA_00D00106CC55D0070007,2026-08-25,19,383.0,123
RWS01_MONICA_00D00106CC55D0070007,2026-08-25,20,248.0,122
RWS01_MONICA_00D00106CC55D0070007,2026-08-25,21,263.0,122
RWS01_MONICA_00D00106CC55D0070007,2026-08-25,22,195.0,124
RWS01_MONICA_00D00106CC55D0070007,2026-08-25,23,79.0,128
RWS01_MONICA_00D00106CC55D007000B,2026-08-25,0,159.0,110
RWS01_MONICA_00D00106CC55D007000B,2026-08-25,1,116.0,109
RWS01_MONICA_00D00106CC55D007000B,2026-08-25,2,106.0,108
RWS01_MONICA_00D00106CC55D007000B,2026-08-25,3,93.0,104
RWS01_MONICA_00D00106CC55D007000B,2026-08-25,4,130.0,106
RWS01_MONICA_00D00106CC55D007000B,2026-08-25,5,316.0,107
RWS01_MONICA_00D00106CC55D007000B,2026-08-25,6,820.0,101
RWS01_MONICA_00D00106CC55D007000B,2026-08-25,7,1247.0,99
RWS01_MONICA_00D00106CC55D007000B,2026-08-25,8,1158.0,99
RWS01_MONICA_00D00106CC55D007000B,2026-08-25,9,1116.0,98
RWS01_MONICA_00D00106CC55D007000B,2026-08-25,10,1174.0,96
RWS01_MONICA_00D00106CC55D007000B,2026-08-25,11,1163.0,96
RWS01_MONICA_00D00106CC55D007000B,2026-08-25,12,1159.0,95
RWS01_MONICA_00D00106CC55D007000B,2026-08-25,13,1146.0,96
RWS01_MONICA_00D00106CC55D007000B,2026-08-25,14,1199.0,96
RWS01_MONICA_00D00106CC55D007000B,2026-08-25,15,1340.0,86
RWS01_MONICA_00D00106CC55D007000B,2026-08-25,16,1098.0,37
RWS01_MONICA_00D00106CC55D007000B,2026-08-25,17,1138.0,94
RWS01_MONICA_00D00106CC55D007000B,2026-08-25,18,1075.0,101
RWS01_MONICA_00D00106CC55D007000B,2026-08-25,19,828.0,107
RWS01_MONICA_00D00106CC55D007000B,2026-08-25,20,682.0,108
RWS01_MONICA_00D00106CC55D007000B,2026-08-25,21,613.0,109
RWS01_MONICA_00D00106CC55D007000B,2026-08-25,22,512.0,109
RWS01_MONICA_00D00106CC55D007000B,2026-08-25,23,420.0,115
RWS01_MONICA_00D00106CC55D0070087,2026-08-25,0,68.0,107
RWS01_MONICA_00D00106CC55D0070087,2026-08-25,1,50.0,102
RWS01_MONICA_00D00106CC55D0070087,2026-08-25,2,25.0,103
RWS01_MONICA_00D00106CC55D0070087,2026-08-25,3,34.0,108
RWS01_MONICA_00D00106CC55D0070087,2026-08-25,4,45.0,104
RWS01_MONICA_00D00106CC55D0070087,2026-08-25,5,127.0,108
RWS01_MONICA_00D00106CC55D0070087,2026-08-25,6,448.0,102
RWS01_MONICA_00D00106CC55D0070087,2026-08-25,7,948.0,100
RWS01_MONICA_00D00106CC55D0070087,2026-08-25,8,1008.0,100
RWS01_MONICA_00D00106CC55D0070087,2026-08-25,9,695.0,100
RWS01_MONICA_00D00106CC55D0070087,2026-08-25,10,654.0,97
RWS01_MONICA_00D00106CC55D0070087,2026-08-25,11,602.0,98
RWS01_MONICA_00D00106CC55D0070087,2026-08-25,12,693.0,97
RWS01_MONICA_00D00106CC55D0070087,2026-08-25,13,679.0,98
RWS01_MONICA_00D00106CC55D0070087,2026-08-25,14,815.0,98
RWS01_MONICA_00D00106CC55D0070087,2026-08-25,15,1126.0,94
RWS01_MONICA_00D00106CC55D0070087,2026-08-25,16,1229.0,65
RWS01_MONICA_00D00106CC55D0070087,2026-08-25,17,1135.0,97
RWS01_MONICA_00D00106CC55D0070087,2026-08-25,18,719.0,103
RWS01_MONICA_00D00106CC55D0070087,2026-08-25,19,484.0,107
RWS01_MONICA_00D00106CC55D0070087,2026-08-25,20,392.0,107
RWS01_MONICA_00D00106CC55D0070087,2026-08-25,21,347.0,108
RWS01_MONICA_00D00106CC55D0070087,2026-08-25,22,287.0,109
RWS01_MONICA_00D00106CC55D0070087,2026-08-25,23,217.0,109
RWS01_MONICA_00D00106CC55D007008B,2026-08-25,0,84.0,109
RWS01_MONICA_00D00106CC55D007008B,2026-08-25,1,55.0,104
RWS01_MONICA_00D00106CC55D007008B,2026-08-25,2,39.0,108
RWS01_MONICA_00D00106CC55D007008B,2026-08-25,3,23.0,98
RWS01_MONICA_00D00106CC55D007008B,2026-08-25,4,45.0,99
RWS01_MONICA_00D00106CC55D007008B,2026-08-25,5,171.0,103
RWS01_MONICA_00D00106CC55D007008B,2026-08-25,6,693.0,100
RWS01_MONICA_00D00106CC55D007008B,2026-08-25,7,1361.0,96
RWS01_MONICA_00D00106CC55D007008B,2026-08-25,8,1484.0,95
RWS01_MONICA_00D00106CC55D007008B,2026-08-25,9,1080.0,96
RWS01_MONICA_00D00106CC55D007008B,2026-08-25,10,818.0,95
RWS01_MONICA_00D00106CC55D007008B,2026-08-25,11,837.0,95
RWS01_MONICA_00D00106CC55D007008B,2026-08-25,12,895.0,95
RWS01_MONICA_00D00106CC55D007008B,2026-08-25,13,913.0,95
RWS01_MONICA_00D00106CC55D007008B,2026-08-25,14,980.0,95
RWS01_MONICA_00D00106CC55D007008B,2026-08-25,15,1103.0,94
RWS01_MONICA_00D00106CC55D007008B,2026-08-25,16,1398.0,84
RWS01_MONICA_00D00106CC55D007008B,2026-08-25,17,1418.0,95
RWS01_MONICA_00D00106CC55D007008B,2026-08-25,18,927.0,100
RWS01_MONICA_00D00106CC55D007008B,2026-08-25,19,623.0,104
RWS01_MONICA_00D00106CC55D007008B,2026-08-25,20,527.0,106
RWS01_MONICA_00D00106CC55D007008B,2026-08-25,21,434.0,104
RWS01_MONICA_00D00106CC55D007008B,2026-08-25,22,364.0,106
RWS01_MONICA_00D00106CC55D007008B,2026-08-25,23,203.0,103
RWS01_MONICA_00D0010D840AD0070007,2026-08-25,0,4.0,135
RWS01_MONICA_00D0010D840AD0070007,2026-08-25,1,1.0,130
RWS01_MONICA_00D0010D840AD0070007,2026-08-25,2,0.0,0
RWS01_MONICA_00D0010D840AD0070007,2026-08-25,3,0.0,0
RWS01_MONICA_00D0010D840AD0070007,2026-08-25,4,0.0,0
RWS01_MONICA_00D0010D840AD0070007,2026-08-25,5,6.0,137
RWS01_MONICA_00D0010D840AD0070007,2026-08-25,6,70.0,120
RWS01_MONICA_00D0010D840AD0070007,2026-08-25,7,183.0,120
RWS01_MONICA_00D0010D840AD0070007,2026-08-25,8,250.2,120
RWS01_MONICA_00D0010D840AD0070007,2026-08-25,9,179.0,122
RWS01_MONICA_00D0010D840AD0070007,2026-08-25,10,180.0,116
RWS01_MONICA_00D0010D840AD0070007,2026-08-25,11,167.0,114
RWS01_MONICA_00D0010D840AD0070007,2026-08-25,12,250.0,116
RWS01_MONICA_00D0010D840AD0070007,2026-08-25,13,288.0,116
RWS01_MONICA_00D0010D840AD0070007,2026-08-25,14,347.8,118
RWS01_MONICA_00D0010D840AD0070007,2026-08-25,15,606.0,116
RWS01_MONICA_00D0010D840AD0070007,2026-08-25,16,919.0,118
RWS01_MONICA_00D0010D840AD0070007,2026-08-25,17,867.0,117
RWS01_MONICA_00D0010D840AD0070007,2026-08-25,18,310.0,123
RWS01_MONICA_00D0010D840AD0070007,2026-08-25,19,130.0,131
RWS01_MONICA_00D0010D840AD0070007,2026-08-25,20,66.0,134
RWS01_MONICA_00D0010D840AD0070007,2026-08-25,21,60.0,134
RWS01_MONICA_00D0010D840AD0070007,2026-08-25,22,18.0,135
RWS01_MONICA_00D0010D840AD0070007,2026-08-25,23,9.0,139
RWS01_MONICA_00D0010D840AD007000B,2026-08-25,0,0.0,0
RWS01_MONICA_00D0010D840AD007000B,2026-08-25,1,24.0,117
RWS01_MONICA_00D0010D840AD007000B,2026-08-25,2,19.0,124
RWS01_MONICA_00D0010D840AD007000B,2026-08-25,3,21.0,118
RWS01_MONICA_00D0010D840AD007000B,2026-08-25,4,24.0,121
RWS01_MONICA_00D0010D840AD007000B,2026-08-25,5,79.0,119
RWS01_MONICA_00D0010D840AD007000B,2026-08-25,6,241.0,109
RWS01_MONICA_00D0010D840AD007000B,2026-08-25,7,11.0,106
RWS01_MONICA_00D0010D840AD007000B,2026-08-25,8,0.0,0
RWS01_MONICA_00D0010D840AD007000B,2026-08-25,9,0.0,0
RWS01_MONICA_00D0010D840AD007000B,2026-08-25,10,0.0,0
RWS01_MONICA_00D0010D840AD007000B,2026-08-25,11,642.0,104
RWS01_MONICA_00D0010D840AD007000B,2026-08-25,12,718.0,104
RWS01_MONICA_00D0010D840AD007000B,2026-08-25,13,835.0,105
RWS01_MONICA_00D0010D840AD007000B,2026-08-25,14,930.5,105
RWS01_MONICA_00D0010D840AD007000B,2026-08-25,15,1032.0,105
RWS01_MONICA_00D0010D840AD007000B,2026-08-25,16,1348.0,106
RWS01_MONICA_00D0010D840AD007000B,2026-08-25,17,1243.0,106
RWS01_MONICA_00D0010D840AD007000B,2026-08-25,18,765.0,109
RWS01_MONICA_00D0010D840AD007000B,2026-08-25,19,504.0,117
RWS01_MONICA_00D0010D840AD007000B,2026-08-25,20,368.0,119
RWS01_MONICA_00D0010D840AD007000B,2026-08-25,21,323.0,118
RWS01_MONICA_00D0010D840AD007000B,2026-08-25,22,216.0,122
RWS01_MONICA_00D0010D840AD007000B,2026-08-25,23,138.0,124
RWS01_MONICA_00D0010D840AD007000F,2026-08-25,0,130.0,110
RWS01_MONICA_00D0010D840AD007000F,2026-08-25,1,98.0,100
RWS01_MONICA_00D0010D840AD007000F,2026-08-25,2,77.0,99
RWS01_MONICA_00D0010D840AD007000F,2026-08-25,3,65.0,99
RWS01_MONICA_00D0010D840AD007000F,2026-08-25,4,92.0,97
RWS01_MONICA_00D0010D840AD007000F,2026-08-25,5,185.0,98
RWS01_MONICA_00D0010D840AD007000F,2026-08-25,6,458.0,98
RWS01_MONICA_00D0010D840AD007000F,2026-08-25,7,656.0,99
RWS01_MONICA_00D0010D840AD007000F,2026-08-25,8,702.7,98
RWS01_MONICA_00D0010D840AD007000F,2026-08-25,9,677.0,97
RWS01_MONICA_00D0010D840AD007000F,2026-08-25,10,687.0,96
RWS01_MONICA_00D0010D840AD007000F,2026-08-25,11,688.0,95
RWS01_MONICA_00D0010D840AD007000F,2026-08-25,12,689.0,95
RWS01_MONICA_00D0010D840AD007000F,2026-08-25,13,669.0,95
RWS01_MONICA_00D0010D840AD007000F,2026-08-25,14,718.0,95
RWS01_MONICA_00D0010D840AD007000F,2026-08-25,15,793.0,95
RWS01_MONICA_00D0010D840AD007000F,2026-08-25,16,835.0,97
RWS01_MONICA_00D0010D840AD007000F,2026-08-25,17,816.0,98
RWS01_MONICA_00D0010D840AD007000F,2026-08-25,18,645.0,100
RWS01_MONICA_00D0010D840AD007000F,2026-08-25,19,518.0,105
RWS01_MONICA_00D0010D840AD007000F,2026-08-25,20,433.0,107
RWS01_MONICA_00D0010D840AD007000F,2026-08-25,21,383.0,106
RWS01_MONICA_00D0010D840AD007000F,2026-08-25,22,335.0,112
RWS01_MONICA_00D0010D840AD007000F,2026-08-25,23,251.0,114
RWS01_MONICA_00D0010D840AD0070087,2026-08-25,0,43.0,104
RWS01_MONICA_00D0010D840AD0070087,2026-08-25,1,19.0,96
RWS01_MONICA_00D0010D840AD0070087,2026-08-25,2,19.0,107
RWS01_MONICA_00D0010D840AD0070087,2026-08-25,3,25.0,97
RWS01_MONICA_00D0010D840AD0070087,2026-08-25,4,59.0,97
RWS01_MONICA_00D0010D840AD0070087,2026-08-25,5,160.0,103
RWS01_MONICA_00D0010D840AD0070087,2026-08-25,6,361.0,99
RWS01_MONICA_00D0010D840AD0070087,2026-08-25,7,608.0,101
RWS01_MONICA_00D0010D840AD0070087,2026-08-25,8,602.0,98
RWS01_MONICA_00D0010D840AD0070087,2026-08-25,9,532.0,97
RWS01_MONICA_00D0010D840AD0070087,2026-08-25,10,500.0,97
RWS01_MONICA_00D0010D840AD0070087,2026-08-25,11,450.0,95
RWS01_MONICA_00D0010D840AD0070087,2026-08-25,12,518.0,95
RWS01_MONICA_00D0010D840AD0070087,2026-08-25,13,561.0,95
RWS01_MONICA_00D0010D840AD0070087,2026-08-25,14,573.6,98
RWS01_MONICA_00D0010D840AD0070087,2026-08-25,15,826.0,95
RWS01_MONICA_00D0010D840AD0070087,2026-08-25,16,1099.0,96
RWS01_MONICA_00D0010D840AD0070087,2026-08-25,17,902.0,98
RWS01_MONICA_00D0010D840AD0070087,2026-08-25,18,500.0,101
RWS01_MONICA_00D0010D840AD0070087,2026-08-25,19,264.0,106
RWS01_MONICA_00D0010D840AD0070087,2026-08-25,20,189.0,107
RWS01_MONICA_00D0010D840AD0070087,2026-08-25,21,175.0,109
RWS01_MONICA_00D0010D840AD0070087,2026-08-25,22,161.0,109
RWS01_MONICA_00D0010D840AD0070087,2026-08-25,23,116.0,109
RWS01_MONICA_00D0010D840AD007008B,2026-08-25,0,12.0,98
RWS01_MONICA_00D0010D840AD007008B,2026-08-25,1,13.0,89
RWS01_MONICA_00D0010D840AD007008B,2026-08-25,2,5.0,96
RWS01_MONICA_00D0010D840AD007008B,2026-08-25,3,12.0,95
RWS01_MONICA_00D0010D840AD007008B,2026-08-25,4,16.0,96
RWS01_MONICA_00D0010D840AD007008B,2026-08-25,5,45.0,103
RWS01_MONICA_00D0010D840AD007008B,2026-08-25,6,77.0,95
RWS01_MONICA_00D0010D840AD007008B,2026-08-25,7,73.0,96
RWS01_MONICA_00D0010D840AD007008B,2026-08-25,8,101.7,95
RWS01_MONICA_00D0010D840AD007008B,2026-08-25,9,153.0,94
RWS01_MONICA_00D0010D840AD007008B,2026-08-25,10,140.0,94
RWS01_MONICA_00D0010D840AD007008B,2026-08-25,11,164.0,94
RWS01_MONICA_00D0010D840AD007008B,2026-08-25,12,180.0,93
RWS01_MONICA_00D0010D840AD007008B,2026-08-25,13,184.0,94
RWS01_MONICA_00D0010D840AD007008B,2026-08-25,14,191.2,96
RWS01_MONICA_00D0010D840AD007008B,2026-08-25,15,205.0,96
RWS01_MONICA_00D0010D840AD007008B,2026-08-25,16,213.0,96
RWS01_MONICA_00D0010D840AD007008B,2026-08-25,17,165.0,98
RWS01_MONICA_00D0010D840AD007008B,2026-08-25,18,130.0,98
RWS01_MONICA_00D0010D840AD007008B,2026-08-25,19,79.0,104
RWS01_MONICA_00D0010D840AD007008B,2026-08-25,20,72.0,106
RWS01_MONICA_00D0010D840AD007008B,2026-08-25,21,58.0,107
RWS01_MONICA_00D0010D840AD007008B,2026-08-25,22,65.0,110
RWS01_MONICA_00D0010D840AD007008B,2026-08-25,23,36.0,106
RWS01_MONICA_10D00107400FD0070007,2026-08-25,0,68.0,123
RWS01_MONICA_10D00107400FD0070007,2026-08-25,1,30.0,125
RWS01_MONICA_10D00107400FD0070007,2026-08-25,2,23.0,125
RWS01_MONICA_10D00107400FD0070007,2026-08-25,3,20.0,125
RWS01_MONICA_10D00107400FD0070007,2026-08-25,4,48.0,126
RWS01_MONICA_10D00107400FD0070007,2026-08-25,5,268.0,124
RWS01_MONICA_10D00107400FD0070007,2026-08-25,6,1011.0,115
RWS01_MONICA_10D00107400FD0070007,2026-08-25,7,1720.0,112
RWS01_MONICA_10D00107400FD0070007,2026-08-25,8,1526.4,112
RWS01_MONICA_10D00107400FD0070007,2026-08-25,9,1384.0,111
RWS01_MONICA_10D00107400FD0070007,2026-08-25,10,1278.0,108
RWS01_MONICA_10D00107400FD0070007,2026-08-25,11,1274.0,110
RWS01_MONICA_10D00107400FD0070007,2026-08-25,12,1363.0,110
RWS01_MONICA_10D00107400FD0070007,2026-08-25,13,1324.0,111
RWS01_MONICA_10D00107400FD0070007,2026-08-25,14,1616.9,110
RWS01_MONICA_10D00107400FD0070007,2026-08-25,15,2105.0,80
RWS01_MONICA_10D00107400FD0070007,2026-08-25,16,2083.0,43
RWS01_MONICA_10D00107400FD0070007,2026-08-25,17,1618.0,63
RWS01_MONICA_10D00107400FD0070007,2026-08-25,18,1115.0,116
RWS01_MONICA_10D00107400FD0070007,2026-08-25,19,783.0,123
RWS01_MONICA_10D00107400FD0070007,2026-08-25,20,673.0,124
RWS01_MONICA_10D00107400FD0070007,2026-08-25,21,600.0,125
RWS01_MONICA_10D00107400FD0070007,2026-08-25,22,401.0,127
RWS01_MONICA_10D00107400FD0070007,2026-08-25,23,235.0,129
RWS01_MONICA_10D00107400FD007000B,2026-08-25,0,281.0,104
RWS01_MONICA_10D00107400FD007000B,2026-08-25,1,196.0,105
RWS01_MONICA_10D00107400FD007000B,2026-08-25,2,150.0,102
RWS01_MONICA_10D00107400FD007000B,2026-08-25,3,167.0,102
RWS01_MONICA_10D00107400FD007000B,2026-08-25,4,223.0,101
RWS01_MONICA_10D00107400FD007000B,2026-08-25,5,528.0,99
RWS01_MONICA_10D00107400FD007000B,2026-08-25,6,1182.0,95
RWS01_MONICA_10D00107400FD007000B,2026-08-25,7,1730.0,97
RWS01_MONICA_10D00107400FD007000B,2026-08-25,8,1552.9,96
RWS01_MONICA_10D00107400FD007000B,2026-08-25,9,1508.0,95
RWS01_MONICA_10D00107400FD007000B,2026-08-25,10,1651.0,94
RWS01_MONICA_10D00107400FD007000B,2026-08-25,11,1480.0,95
RWS01_MONICA_10D00107400FD007000B,2026-08-25,12,1524.0,94
RWS01_MONICA_10D00107400FD007000B,2026-08-25,13,1493.0,94
RWS01_MONICA_10D00107400FD007000B,2026-08-25,14,1547.8,94
RWS01_MONICA_10D00107400FD007000B,2026-08-25,15,1749.0,73
RWS01_MONICA_10D00107400FD007000B,2026-08-25,16,1697.0,36
RWS01_MONICA_10D00107400FD007000B,2026-08-25,17,1609.8,58
RWS01_MONICA_10D00107400FD007000B,2026-08-25,18,1307.0,99
RWS01_MONICA_10D00107400FD007000B,2026-08-25,19,1136.0,104
RWS01_MONICA_10D00107400FD007000B,2026-08-25,20,1073.0,102
RWS01_MONICA_10D00107400FD007000B,2026-08-25,21,1002.0,103
RWS01_MONICA_10D00107400FD007000B,2026-08-25,22,872.0,104
RWS01_MONICA_10D00107400FD007000B,2026-08-25,23,591.0,108
RWS01_MONICA_10D00107400FD0070187,2026-08-25,0,0.0,0
RWS01_MONICA_10D00107400FD0070187,2026-08-25,1,0.0,0
RWS01_MONICA_10D00107400FD0070187,2026-08-25,2,0.0,0
RWS01_MONICA_10D00107400FD0070187,2026-08-25,3,0.0,0
RWS01_MONICA_10D00107400FD0070187,2026-08-25,4,0.0,0
RWS01_MONICA_10D00107400FD0070187,2026-08-25,5,0.0,0
RWS01_MONICA_10D00107400FD0070187,2026-08-25,6,250.0,89
RWS01_MONICA_10D00107400FD0070187,2026-08-25,7,905.0,89
RWS01_MONICA_10D00107400FD0070187,2026-08-25,8,861.4,89
RWS01_MONICA_10D00107400FD0070187,2026-08-25,9,751.0,86
RWS01_MONICA_10D00107400FD0070187,2026-08-25,10,800.0,86
RWS01_MONICA_10D00107400FD0070187,2026-08-25,11,783.0,87
RWS01_MONICA_10D00107400FD0070187,2026-08-25,12,795.0,86
RWS01_MONICA_10D00107400FD0070187,2026-08-25,13,789.0,86
RWS01_MONICA_10D00107400FD0070187,2026-08-25,14,892.9,86
RWS01_MONICA_10D00107400FD0070187,2026-08-25,15,1090.0,73
RWS01_MONICA_10D00107400FD0070187,2026-08-25,16,1380.0,34
RWS01_MONICA_10D00107400FD0070187,2026-08-25,17,1206.1,58
RWS01_MONICA_10D00107400FD0070187,2026-08-25,18,668.0,91
RWS01_MONICA_10D00107400FD0070187,2026-08-25,19,440.0,93
RWS01_MONICA_10D00107400FD0070187,2026-08-25,20,0.0,0
RWS01_MONICA_10D00107400FD0070187,2026-08-25,21,0.0,0
RWS01_MONICA_10D00107400FD0070187,2026-08-25,22,0.0,0
RWS01_MONICA_10D00107400FD0070187,2026-08-25,23,0.0,0
RWS01_MONIBAS_0011hrl0434ra,2026-09-01,0,277.5,106
RWS01_MONIBAS_0011hrl0434ra,2026-09-01,1,171.4,110
RWS01_MONIBAS_0011hrl0434ra,2026-09-01,2,183.3,108
RWS01_MONIBAS_0011hrl0434ra,2026-09-01,3,231.4,109
RWS01_MONIBAS_0011hrl0434ra,2026-09-01,4,265.3,106
RWS01_MONIBAS_0011hrl0434ra,2026-09-01,5,1101.0,107
RWS01_MONIBAS_0011hrl0434ra,2026-09-01,6,3558.9,90
RWS01_MONIBAS_0011hrl0434ra,2026-09-01,7,4217.6,73
RWS01_MONIBAS_0011hrl0434ra,2026-09-01,8,3864.0,73
RWS01_MONIBAS_0011hrl0434ra,2026-09-01,9,3651.0,91
RWS01_MONIBAS_0011hrl0434ra,2026-09-01,10,2824.6,95
RWS01_MONIBAS_0011hrl0434ra,2026-09-01,11,2799.0,96
RWS01_MONIBAS_0011hrl0434ra,2026-09-01,12,3038.8,95
RWS01_MONIBAS_0011hrl0434ra,2026-09-01,13,3231.8,96
RWS01_MONIBAS_0011hrl0434ra,2026-09-01,14,3229.6,95
RWS01_MONIBAS_0011hrl0434ra,2026-09-01,15,3813.6,90
RWS01_MONIBAS_0011hrl0434ra,2026-09-01,16,4022.6,63
RWS01_MONIBAS_0011hrl0434ra,2026-09-01,17,3865.7,59
RWS01_MONIBAS_0011hrl0434ra,2026-09-01,18,3042.4,89
RWS01_MONIBAS_0011hrl0434ra,2026-09-01,19,2070.0,108
RWS01_MONIBAS_0011hrl0434ra,2026-09-01,20,1581.2,110
RWS01_MONIBAS_0011hrl0434ra,2026-09-01,21,1345.3,110
RWS01_MONIBAS_0011hrl0434ra,2026-09-01,22,1272.0,113
RWS01_MONIBAS_0011hrl0434ra,2026-09-01,23,578.8,113
RWS01_MONIBAS_0011hrl0460ra,2026-09-01,0,321.8,107
RWS01_MONIBAS_0011hrl0460ra,2026-09-01,1,182.9,99
RWS01_MONIBAS_0011hrl0460ra,2026-09-01,2,174.3,102
RWS01_MONIBAS_0011hrl0460ra,2026-09-01,3,254.3,103
RWS01_MONIBAS_0011hrl0460ra,2026-09-01,4,353.7,96
RWS01_MONIBAS_0011hrl0460ra,2026-09-01,5,1398.0,103
RWS01_MONIBAS_0011hrl0460ra,2026-09-01,6,3342.9,99
RWS01_MONIBAS_0011hrl0460ra,2026-09-01,7,3613.3,83
RWS01_MONIBAS_0011hrl0460ra,2026-09-01,8,3456.5,96
RWS01_MONIBAS_0011hrl0460ra,2026-09-01,9,3477.0,97
RWS01_MONIBAS_0011hrl0460ra,2026-09-01,10,3089.0,96
RWS01_MONIBAS_0011hrl0460ra,2026-09-01,11,2828.6,97
RWS01_MONIBAS_0011hrl0460ra,2026-09-01,12,3117.0,96
RWS01_MONIBAS_0011hrl0460ra,2026-09-01,13,3100.9,95
RWS01_MONIBAS_0011hrl0460ra,2026-09-01,14,3177.5,96
RWS01_MONIBAS_0011hrl0460ra,2026-09-01,15,3220.0,97
RWS01_MONIBAS_0011hrl0460ra,2026-09-01,16,3396.9,99
RWS01_MONIBAS_0011hrl0460ra,2026-09-01,17,3623.5,99
RWS01_MONIBAS_0011hrl0460ra,2026-09-01,18,2760.0,103
RWS01_MONIBAS_0011hrl0460ra,2026-09-01,19,1843.6,107
RWS01_MONIBAS_0011hrl0460ra,2026-09-01,20,1158.9,110
RWS01_MONIBAS_0011hrl0460ra,2026-09-01,21,1105.3,111
RWS01_MONIBAS_0011hrl0460ra,2026-09-01,22,954.5,111
RWS01_MONIBAS_0011hrl0460ra,2026-09-01,23,402.4,108
RWS01_MONIBAS_0011hrl0856ra,2026-09-01,0,2400.0,106
RWS01_MONIBAS_0011hrl0856ra,2026-09-01,1,2400.0,106
RWS01_MONIBAS_0011hrl0856ra,2026-09-01,2,2400.0,106
RWS01_MONIBAS_0011hrl0856ra,2026-09-01,3,2400.0,106
RWS01_MONIBAS_0011hrl0856ra,2026-09-01,4,2400.0,106
RWS01_MONIBAS_0011hrl0856ra,2026-09-01,5,2400.0,106
RWS01_MONIBAS_0011hrl0856ra,2026-09-01,6,2400.0,106
RWS01_MONIBAS_0011hrl0856ra,2026-09-01,7,2400.0,106
RWS01_MONIBAS_0011hrl0856ra,2026-09-01,8,2400.0,106
RWS01_MONIBAS_0011hrl0856ra,2026-09-01,9,2400.0,106
RWS01_MONIBAS_0011hrl0856ra,2026-09-01,10,2400.0,106
RWS01_MONIBAS_0011hrl0856ra,2026-09-01,11,2400.0,106
RWS01_MONIBAS_0011hrl0856ra,2026-09-01,12,2400.0,106
RWS01_MONIBAS_0011hrl0856ra,2026-09-01,13,2400.0,106
RWS01_MONIBAS_0011hrl0856ra,2026-09-01,14,2400.0,106
RWS01_MONIBAS_0011hrl0856ra,2026-09-01,15,2400.0,106
RWS01_MONIBAS_0011hrl0856ra,2026-09-01,16,2400.0,106
RWS01_MONIBAS_0011hrl0856ra,2026-09-01,17,2400.0,106
RWS01_MONIBAS_0011hrl0856ra,2026-09-01,18,2400.0,106
RWS01_MONIBAS_0011hrl0856ra,2026-09-01,19,2375.0,106
RWS01_MONIBAS_0011hrl0856ra,2026-09-01,20,2100.0,102
RWS01_MONIBAS_0011hrl0856ra,2026-09-01,21,2100.0,102
RWS01_MONIBAS_0011hrl0856ra,2026-09-01,22,2100.0,102
RWS01_MONIBAS_0011hrl0856ra,2026-09-01,23,2100.0,102
RWS01_MONIBAS_0011hrl0987ra,2026-09-01,0,254.0,93
RWS01_MONIBAS_0011hrl0987ra,2026-09-01,1,204.0,97
RWS01_MONIBAS_0011hrl0987ra,2026-09-01,2,221.0,96
RWS01_MONIBAS_0011hrl0987ra,2026-09-01,3,299.0,99
RWS01_MONIBAS_0011hrl0987ra,2026-09-01,4,568.0,99
RWS01_MONIBAS_0011hrl0987ra,2026-09-01,5,2125.0,104
RWS01_MONIBAS_0011hrl0987ra,2026-09-01,6,4604.0,99
RWS01_MONIBAS_0011hrl0987ra,2026-09-01,7,5888.0,97
RWS01_MONIBAS_0011hrl0987ra,2026-09-01,8,5169.0,98
RWS01_MONIBAS_0011hrl0987ra,2026-09-01,9,3502.0,97
RWS01_MONIBAS_0011hrl0987ra,2026-09-01,10,2818.0,98
RWS01_MONIBAS_0011hrl0987ra,2026-09-01,11,2998.0,97
RWS01_MONIBAS_0011hrl0987ra,2026-09-01,12,3137.0,97
RWS01_MONIBAS_0011hrl0987ra,2026-09-01,13,2975.0,98
RWS01_MONIBAS_0011hrl0987ra,2026-09-01,14,3238.0,97
RWS01_MONIBAS_0011hrl0987ra,2026-09-01,15,3565.0,98
RWS01_MONIBAS_0011hrl0987ra,2026-09-01,16,3942.0,99
RWS01_MONIBAS_0011hrl0987ra,2026-09-01,17,4083.0,100
RWS01_MONIBAS_0011hrl0987ra,2026-09-01,18,2183.0,103
RWS01_MONIBAS_0011hrl0987ra,2026-09-01,19,1591.0,106
RWS01_MONIBAS_0011hrl0987ra,2026-09-01,20,1177.6,106
RWS01_MONIBAS_0011hrl0987ra,2026-09-01,21,1047.0,105
RWS01_MONIBAS_0011hrl0987ra,2026-09-01,22,736.0,108
RWS01_MONIBAS_0011hrl0987ra,2026-09-01,23,420.0,103
RWS01_MONIBAS_0011hrl1076ra,2026-09-01,0,195.0,102
RWS01_MONIBAS_0011hrl1076ra,2026-09-01,1,164.0,103
RWS01_MONIBAS_0011hrl1076ra,2026-09-01,2,191.0,103
RWS01_MONIBAS_0011hrl1076ra,2026-09-01,3,264.0,102
RWS01_MONIBAS_0011hrl1076ra,2026-09-01,4,492.0,100
RWS01_MONIBAS_0011hrl1076ra,2026-09-01,5,1643.0,109
RWS01_MONIBAS_0011hrl1076ra,2026-09-01,6,3419.0,104
RWS01_MONIBAS_0011hrl1076ra,2026-09-01,7,4380.0,102
RWS01_MONIBAS_0011hrl1076ra,2026-09-01,8,4233.0,104
RWS01_MONIBAS_0011hrl1076ra,2026-09-01,9,2635.0,103
RWS01_MONIBAS_0011hrl1076ra,2026-09-01,10,2141.0,102
RWS01_MONIBAS_0011hrl1076ra,2026-09-01,11,2308.0,101
RWS01_MONIBAS_0011hrl1076ra,2026-09-01,12,2421.0,102
RWS01_MONIBAS_0011hrl1076ra,2026-09-01,13,2299.0,103
RWS01_MONIBAS_0011hrl1076ra,2026-09-01,14,2375.0,103
RWS01_MONIBAS_0011hrl1076ra,2026-09-01,15,2481.0,103
RWS01_MONIBAS_0011hrl1076ra,2026-09-01,16,2695.0,105
RWS01_MONIBAS_0011hrl1076ra,2026-09-01,17,2944.0,106
RWS01_MONIBAS_0011hrl1076ra,2026-09-01,18,1663.0,109
RWS01_MONIBAS_0011hrl1076ra,2026-09-01,19,1168.0,115
RWS01_MONIBAS_0011hrl1076ra,2026-09-01,20,952.9,117
RWS01_MONIBAS_0011hrl1076ra,2026-09-01,21,809.0,117
RWS01_MONIBAS_0011hrl1076ra,2026-09-01,22,558.0,119
RWS01_MONIBAS_0011hrl1076ra,2026-09-01,23,312.0,114
RWS01_MONIBAS_0011hrr0851ra_1,2026-09-01,0,51.0,104
RWS01_MONIBAS_0011hrr0851ra_1,2026-09-01,1,36.0,99
RWS01_MONIBAS_0011hrr0851ra_1,2026-09-01,2,26.0,105
RWS01_MONIBAS_0011hrr0851ra_1,2026-09-01,3,54.0,96
RWS01_MONIBAS_0011hrr0851ra_1,2026-09-01,4,122.0,103
RWS01_MONIBAS_0011hrr0851ra_1,2026-09-01,5,441.0,110
RWS01_MONIBAS_0011hrr0851ra_1,2026-09-01,6,1388.0,109
RWS01_MONIBAS_0011hrr0851ra_1,2026-09-01,7,2435.0,108
RWS01_MONIBAS_0011hrr0851ra_1,2026-09-01,8,2435.0,107
RWS01_MONIBAS_0011hrr0851ra_1,2026-09-01,9,1946.0,106
RWS01_MONIBAS_0011hrr0851ra_1,2026-09-01,10,1890.5,105
RWS01_MONIBAS_0011hrr0851ra_1,2026-09-01,11,2087.0,103
RWS01_MONIBAS_0011hrr0851ra_1,2026-09-01,12,2244.0,104
RWS01_MONIBAS_0011hrr0851ra_1,2026-09-01,13,2350.0,104
RWS01_MONIBAS_0011hrr0851ra_1,2026-09-01,14,2823.0,104
RWS01_MONIBAS_0011hrr0851ra_1,2026-09-01,15,3499.0,105
RWS01_MONIBAS_0011hrr0851ra_1,2026-09-01,16,4381.0,105
RWS01_MONIBAS_0011hrr0851ra_1,2026-09-01,17,3952.0,106
RWS01_MONIBAS_0011hrr0851ra_1,2026-09-01,18,2132.0,110
RWS01_MONIBAS_0011hrr0851ra_1,2026-09-01,19,1480.0,115
RWS01_MONIBAS_0011hrr0851ra_1,2026-09-01,20,1280.3,115
RWS01_MONIBAS_0011hrr0851ra_1,2026-09-01,21,923.0,116
RWS01_MONIBAS_0011hrr0851ra_1,2026-09-01,22,796.0,118
RWS01_MONIBAS_0011hrr0851ra_1,2026-09-01,23,505.0,115
RWS01_MONIBAS_0011hrr1044ra,2026-09-01,0,304.0,103
RWS01_MONIBAS_0011hrr1044ra,2026-09-01,1,208.0,99
RWS01_MONIBAS_0011hrr1044ra,2026-09-01,2,170.0,98
RWS01_MONIBAS_0011hrr1044ra,2026-09-01,3,177.0,98
RWS01_MONIBAS_0011hrr1044ra,2026-09-01,4,221.0,99
RWS01_MONIBAS_0011hrr1044ra,2026-09-01,5,604.0,104
RWS01_MONIBAS_0011hrr1044ra,2026-09-01,6,1969.0,105
RWS01_MONIBAS_0011hrr1044ra,2026-09-01,7,3719.0,106
RWS01_MONIBAS_0011hrr1044ra,2026-09-01,8,3795.0,106
RWS01_MONIBAS_0011hrr1044ra,2026-09-01,9,2813.0,104
RWS01_MONIBAS_0011hrr1044ra,2026-09-01,10,2553.0,103
RWS01_MONIBAS_0011hrr1044ra,2026-09-01,11,2638.0,102
RWS01_MONIBAS_0011hrr1044ra,2026-09-01,12,3080.0,103
RWS01_MONIBAS_0011hrr1044ra,2026-09-01,13,3152.0,103
RWS01_MONIBAS_0011hrr1044ra,2026-09-01,14,3517.0,104
RWS01_MONIBAS_0011hrr1044ra,2026-09-01,15,4402.0,105
RWS01_MONIBAS_0011hrr1044ra,2026-09-01,16,5892.0,106
RWS01_MONIBAS_0011hrr1044ra,2026-09-01,17,5586.0,106
RWS01_MONIBAS_0011hrr1044ra,2026-09-01,18,3084.0,108
RWS01_MONIBAS_0011hrr1044ra,2026-09-01,19,2083.0,109
RWS01_MONIBAS_0011hrr1044ra,2026-09-01,20,1558.0,110
RWS01_MONIBAS_0011hrr1044ra,2026-09-01,21,1365.0,109
RWS01_MONIBAS_0011hrr1044ra,2026-09-01,22,1117.0,111
RWS01_MONIBAS_0011hrr1044ra,2026-09-01,23,601.0,110
RWS01_MONIBAS_0011hrr1076ra,2026-09-01,0,260.0,105
RWS01_MONIBAS_0011hrr1076ra,2026-09-01,1,163.0,103
RWS01_MONIBAS_0011hrr1076ra,2026-09-01,2,141.0,96
RWS01_MONIBAS_0011hrr1076ra,2026-09-01,3,163.0,96
RWS01_MONIBAS_0011hrr1076ra,2026-09-01,4,170.0,98
RWS01_MONIBAS_0011hrr1076ra,2026-09-01,5,514.0,104
RWS01_MONIBAS_0011hrr1076ra,2026-09-01,6,1580.0,107
RWS01_MONIBAS_0011hrr1076ra,2026-09-01,7,2836.0,104
RWS01_MONIBAS_0011hrr1076ra,2026-09-01,8,2503.0,106
RWS01_MONIBAS_0011hrr1076ra,2026-09-01,9,1986.0,105
RWS01_MONIBAS_0011hrr1076ra,2026-09-01,10,1964.0,104
RWS01_MONIBAS_0011hrr1076ra,2026-09-01,11,2049.0,102
RWS01_MONIBAS_0011hrr1076ra,2026-09-01,12,2321.0,103
RWS01_MONIBAS_0011hrr1076ra,2026-09-01,13,2366.0,102
RWS01_MONIBAS_0011hrr1076ra,2026-09-01,14,2735.0,103
RWS01_MONIBAS_0011hrr1076ra,2026-09-01,15,3477.0,104
RWS01_MONIBAS_0011hrr1076ra,2026-09-01,16,4686.0,103
RWS01_MONIBAS_0011hrr1076ra,2026-09-01,17,4285.0,105
RWS01_MONIBAS_0011hrr1076ra,2026-09-01,18,2228.0,103
RWS01_MONIBAS_0011hrr1076ra,2026-09-01,19,1538.0,107
RWS01_MONIBAS_0011hrr1076ra,2026-09-01,20,1154.2,116
RWS01_MONIBAS_0011hrr1076ra,2026-09-01,21,1046.0,118
RWS01_MONIBAS_0011hrr1076ra,2026-09-01,22,756.0,120
RWS01_MONIBAS_0011hrr1076ra,2026-09-01,23,477.0,117
RWS01_MONICA_00D00106CC55D0070007,2026-09-01,0,14.0,139
RWS01_MONICA_00D00106CC55D0070007,2026-09-01,1,5.0,108
RWS01_MONICA_00D00106CC55D0070007,2026-09-01,2,5.0,118
RWS01_MONICA_00D00106CC55D0070007,2026-09-01,3,2.0,142
RWS01_MONICA_00D00106CC55D0070007,2026-09-01,4,16.0,129
RWS01_MONICA_00D00106CC55D0070007,2026-09-01,5,80.0,124
RWS01_MONICA_00D00106CC55D0070007,2026-09-01,6,514.0,115
RWS01_MONICA_00D00106CC55D0070007,2026-09-01,7,1219.0,109
RWS01_MONICA_00D00106CC55D0070007,2026-09-01,8,1072.9,106
RWS01_MONICA_00D00106CC55D0070007,2026-09-01,9,703.0,109
RWS01_MONICA_00D00106CC55D0070007,2026-09-01,10,640.0,107
RWS01_MONICA_00D00106CC55D0070007,2026-09-01,11,645.0,106
RWS01_MONICA_00D00106CC55D0070007,2026-09-01,12,651.0,106
RWS01_MONICA_00D00106CC55D0070007,2026-09-01,13,764.0,107
RWS01_MONICA_00D00106CC55D0070007,2026-09-01,14,920.0,108
RWS01_MONICA_00D00106CC55D0070007,2026-09-01,15,1290.0,90
RWS01_MONICA_00D00106CC55D0070007,2026-09-01,16,1050.0,36
RWS01_MONICA_00D00106CC55D0070007,2026-09-01,17,857.0,110
RWS01_MONICA_00D00106CC55D0070007,2026-09-01,18,578.0,115
RWS01_MONICA_00D00106CC55D0070007,2026-09-01,19,364.0,122
RWS01_MONICA_00D00106CC55D0070007,2026-09-01,20,206.0,124
RWS01_MONICA_00D00106CC55D0070007,2026-09-01,21,192.0,124
RWS01_MONICA_00D00106CC55D0070007,2026-09-01,22,165.0,126
RWS01_MONICA_00D00106CC55D0070007,2026-09-01,23,46.0,125
RWS01_MONICA_00D00106CC55D007000B,2026-09-01,0,144.0,111
RWS01_MONICA_00D00106CC55D007000B,2026-09-01,1,86.0,106
RWS01_MONICA_00D00106CC55D007000B,2026-09-01,2,97.0,107
RWS01_MONICA_00D00106CC55D007000B,2026-09-01,3,68.0,106
RWS01_MONICA_00D00106CC55D007000B,2026-09-01,4,133.0,104
RWS01_MONICA_00D00106CC55D007000B,2026-09-01,5,314.0,109
RWS01_MONICA_00D00106CC55D007000B,2026-09-01,6,843.0,101
RWS01_MONICA_00D00106CC55D007000B,2026-09-01,7,1348.0,98
RWS01_MONICA_00D00106CC55D007000B,2026-09-01,8,1182.7,94
RWS01_MONICA_00D00106CC55D007000B,2026-09-01,9,1100.0,98
RWS01_MONICA_00D00106CC55D007000B,2026-09-01,10,1124.0,95
RWS01_MONICA_00D00106CC55D007000B,2026-09-01,11,1099.0,94
RWS01_MONICA_00D00106CC55D007000B,2026-09-01,12,1134.0,95
RWS01_MONICA_00D00106CC55D007000B,2026-09-01,13,1095.0,96
RWS01_MONICA_00D00106CC55D007000B,2026-09-01,14,1187.0,95
RWS01_MONICA_00D00106CC55D007000B,2026-09-01,15,1366.0,80
RWS01_MONICA_00D00106CC55D007000B,2026-09-01,16,1046.0,36
RWS01_MONICA_00D00106CC55D007000B,2026-09-01,17,1285.0,99
RWS01_MONICA_00D00106CC55D007000B,2026-09-01,18,1034.0,101
RWS01_MONICA_00D00106CC55D007000B,2026-09-01,19,803.0,106
RWS01_MONICA_00D00106CC55D007000B,2026-09-01,20,638.0,110
RWS01_MONICA_00D00106CC55D007000B,2026-09-01,21,539.0,109
RWS01_MONICA_00D00106CC55D007000B,2026-09-01,22,504.0,112
RWS01_MONICA_00D00106CC55D007000B,2026-09-01,23,290.0,113
RWS01_MONICA_00D00106CC55D0070087,2026-09-01,0,84.0,107
RWS01_MONICA_00D00106CC55D0070087,2026-09-01,1,37.0,103
RWS01_MONICA_00D00106CC55D0070087,2026-09-01,2,37.0,102
RWS01_MONICA_00D00106CC55D0070087,2026-09-01,3,27.0,99
RWS01_MONICA_00D00106CC55D0070087,2026-09-01,4,58.0,110
RWS01_MONICA_00D00106CC55D0070087,2026-09-01,5,142.0,103
RWS01_MONICA_00D00106CC55D0070087,2026-09-01,6,491.0,104
RWS01_MONICA_00D00106CC55D0070087,2026-09-01,7,1094.0,98
RWS01_MONICA_00D00106CC55D0070087,2026-09-01,8,1104.4,91
RWS01_MONICA_00D00106CC55D0070087,2026-09-01,9,698.0,99
RWS01_MONICA_00D00106CC55D0070087,2026-09-01,10,634.0,96
RWS01_MONICA_00D00106CC55D0070087,2026-09-01,11,615.0,97
RWS01_MONICA_00D00106CC55D0070087,2026-09-01,12,657.0,98
RWS01_MONICA_00D00106CC55D0070087,2026-09-01,13,758.0,97
RWS01_MONICA_00D00106CC55D0070087,2026-09-01,14,866.0,97
RWS01_MONICA_00D00106CC55D0070087,2026-09-01,15,1047.0,96
RWS01_MONICA_00D00106CC55D0070087,2026-09-01,16,1338.0,85
RWS01_MONICA_00D00106CC55D0070087,2026-09-01,17,995.0,100
RWS01_MONICA_00D00106CC55D0070087,2026-09-01,18,678.0,103
RWS01_MONICA_00D00106CC55D0070087,2026-09-01,19,449.0,108
RWS01_MONICA_00D00106CC55D0070087,2026-09-01,20,380.0,107
RWS01_MONICA_00D00106CC55D0070087,2026-09-01,21,341.0,109
RWS01_MONICA_00D00106CC55D0070087,2026-09-01,22,321.0,109
RWS01_MONICA_00D00106CC55D0070087,2026-09-01,23,185.0,109
RWS01_MONICA_00D00106CC55D007008B,2026-09-01,0,76.0,107
RWS01_MONICA_00D00106CC55D007008B,2026-09-01,1,42.0,104
RWS01_MONICA_00D00106CC55D007008B,2026-09-01,2,32.0,102
RWS01_MONICA_00D00106CC55D007008B,2026-09-01,3,31.0,97
RWS01_MONICA_00D00106CC55D007008B,2026-09-01,4,53.0,100
RWS01_MONICA_00D00106CC55D007008B,2026-09-01,5,185.0,104
RWS01_MONICA_00D00106CC55D007008B,2026-09-01,6,765.0,99
RWS01_MONICA_00D00106CC55D007008B,2026-09-01,7,1575.0,93
RWS01_MONICA_00D00106CC55D007008B,2026-09-01,8,1475.6,81
RWS01_MONICA_00D00106CC55D007008B,2026-09-01,9,1063.0,95
RWS01_MONICA_00D00106CC55D007008B,2026-09-01,10,828.0,95
RWS01_MONICA_00D00106CC55D007008B,2026-09-01,11,766.0,95
RWS01_MONICA_00D00106CC55D007008B,2026-09-01,12,904.0,95
RWS01_MONICA_00D00106CC55D007008B,2026-09-01,13,956.0,95
RWS01_MONICA_00D00106CC55D007008B,2026-09-01,14,956.0,94
RWS01_MONICA_00D00106CC55D007008B,2026-09-01,15,1078.0,95
RWS01_MONICA_00D00106CC55D007008B,2026-09-01,16,1336.0,87
RWS01_MONICA_00D00106CC55D007008B,2026-09-01,17,1373.0,96
RWS01_MONICA_00D00106CC55D007008B,2026-09-01,18,963.0,100
RWS01_MONICA_00D00106CC55D007008B,2026-09-01,19,750.0,103
RWS01_MONICA_00D00106CC55D007008B,2026-09-01,20,480.0,105
RWS01_MONICA_00D00106CC55D007008B,2026-09-01,21,444.0,104
RWS01_MONICA_00D00106CC55D007008B,2026-09-01,22,337.0,106
RWS01_MONICA_00D00106CC55D007008B,2026-09-01,23,194.0,104
RWS01_MONICA_00D0010D840AD0070007,2026-09-01,0,0.0,0
RWS01_MONICA_00D0010D840AD0070007,2026-09-01,1,0.0,0
RWS01_MONICA_00D0010D840AD0070007,2026-09-01,2,0.0,0
RWS01_MONICA_00D0010D840AD0070007,2026-09-01,3,0.0,0
RWS01_MONICA_00D0010D840AD0070007,2026-09-01,4,0.0,0
RWS01_MONICA_00D0010D840AD0070007,2026-09-01,5,6.0,141
RWS01_MONICA_00D0010D840AD0070007,2026-09-01,6,80.0,130
RWS01_MONICA_00D0010D840AD0070007,2026-09-01,7,214.0,124
RWS01_MONICA_00D0010D840AD0070007,2026-09-01,8,213.0,120
RWS01_MONICA_00D0010D840AD0070007,2026-09-01,9,126.0,122
RWS01_MONICA_00D0010D840AD0070007,2026-09-01,10,115.7,117
RWS01_MONICA_00D0010D840AD0070007,2026-09-01,11,183.0,119
RWS01_MONICA_00D0010D840AD0070007,2026-09-01,12,210.0,119
RWS01_MONICA_00D0010D840AD0070007,2026-09-01,13,228.0,119
RWS01_MONICA_00D0010D840AD0070007,2026-09-01,14,332.0,119
RWS01_MONICA_00D0010D840AD0070007,2026-09-01,15,559.0,120
RWS01_MONICA_00D0010D840AD0070007,2026-09-01,16,841.0,119
RWS01_MONICA_00D0010D840AD0070007,2026-09-01,17,677.0,119
RWS01_MONICA_00D0010D840AD0070007,2026-09-01,18,195.0,123
RWS01_MONICA_00D0010D840AD0070007,2026-09-01,19,99.0,131
RWS01_MONICA_00D0010D840AD0070007,2026-09-01,20,74.2,130
RWS01_MONICA_00D0010D840AD0070007,2026-09-01,21,50.0,133
RWS01_MONICA_00D0010D840AD0070007,2026-09-01,22,19.0,137
RWS01_MONICA_00D0010D840AD0070007,2026-09-01,23,5.0,136
RWS01_MONICA_00D0010D840AD007000B,2026-09-01,0,2.0,120
RWS01_MONICA_00D0010D840AD007000B,2026-09-01,1,3.0,135
RWS01_MONICA_00D0010D840AD007000B,2026-09-01,2,1.0,121
RWS01_MONICA_00D0010D840AD007000B,2026-09-01,3,1.0,101
RWS01_MONICA_00D0010D840AD007000B,2026-09-01,4,17.0,116
RWS01_MONICA_00D0010D840AD007000B,2026-09-01,5,72.0,122
RWS01_MONICA_00D0010D840AD007000B,2026-09-01,6,346.0,113
RWS01_MONICA_00D0010D840AD007000B,2026-09-01,7,697.0,109
RWS01_MONICA_00D0010D840AD007000B,2026-09-01,8,697.0,109
RWS01_MONICA_00D0010D840AD007000B,2026-09-01,9,538.0,108
RWS01_MONICA_00D0010D840AD007000B,2026-09-01,10,558.2,107
RWS01_MONICA_00D0010D840AD007000B,2026-09-01,11,648.0,106
RWS01_MONICA_00D0010D840AD007000B,2026-09-01,12,715.0,106
RWS01_MONICA_00D0010D840AD007000B,2026-09-01,13,708.0,106
RWS01_MONICA_00D0010D840AD007000B,2026-09-01,14,875.0,107
RWS01_MONICA_00D0010D840AD007000B,2026-09-01,15,1062.0,106
RWS01_MONICA_00D0010D840AD007000B,2026-09-01,16,1302.0,107
RWS01_MONICA_00D0010D840AD007000B,2026-09-01,17,1171.0,107
RWS01_MONICA_00D0010D840AD007000B,2026-09-01,18,671.0,112
RWS01_MONICA_00D0010D840AD007000B,2026-09-01,19,424.0,118
RWS01_MONICA_00D0010D840AD007000B,2026-09-01,20,340.7,120
RWS01_MONICA_00D0010D840AD007000B,2026-09-01,21,260.0,120
RWS01_MONICA_00D0010D840AD007000B,2026-09-01,22,211.0,123
RWS01_MONICA_00D0010D840AD007000B,2026-09-01,23,135.0,122
RWS01_MONICA_00D0010D840AD007000F,2026-09-01,0,35.0,109
RWS01_MONICA_00D0010D840AD007000F,2026-09-01,1,16.0,100
RWS01_MONICA_00D0010D840AD007000F,2026-09-01,2,14.0,106
RWS01_MONICA_00D0010D840AD007000F,2026-09-01,3,34.0,96
RWS01_MONICA_00D0010D840AD007000F,2026-09-01,4,57.0,98
RWS01_MONICA_00D0010D840AD007000F,2026-09-01,5,175.0,103
RWS01_MONICA_00D0010D840AD007000F,2026-09-01,6,465.0,99
RWS01_MONICA_00D0010D840AD007000F,2026-09-01,7,676.0,99
RWS01_MONICA_00D0010D840AD007000F,2026-09-01,8,699.0,100
RWS01_MONICA_00D0010D840AD007000F,2026-09-01,9,599.0,98
RWS01_MONICA_00D0010D840AD007000F,2026-09-01,10,636.4,98
RWS01_MONICA_00D0010D840AD007000F,2026-09-01,11,651.0,96
RWS01_MONICA_00D0010D840AD007000F,2026-09-01,12,677.0,96
RWS01_MONICA_00D0010D840AD007000F,2026-09-01,13,687.0,96
RWS01_MONICA_00D0010D840AD007000F,2026-09-01,14,738.0,97
RWS01_MONICA_00D0010D840AD007000F,2026-09-01,15,779.0,98
RWS01_MONICA_00D0010D840AD007000F,2026-09-01,16,828.0,99
RWS01_MONICA_00D0010D840AD007000F,2026-09-01,17,863.0,100
RWS01_MONICA_00D0010D840AD007000F,2026-09-01,18,652.0,102
RWS01_MONICA_00D0010D840AD007000F,2026-09-01,19,511.0,105
RWS01_MONICA_00D0010D840AD007000F,2026-09-01,20,398.6,106
RWS01_MONICA_00D0010D840AD007000F,2026-09-01,21,342.0,106
RWS01_MONICA_00D0010D840AD007000F,2026-09-01,22,332.0,110
RWS01_MONICA_00D0010D840AD007000F,2026-09-01,23,210.0,111
RWS01_MONICA_00D0010D840AD0070087,2026-09-01,0,7.0,95
RWS01_MONICA_00D0010D840AD0070087,2026-09-01,1,12.0,102
RWS01_MONICA_00D0010D840AD0070087,2026-09-01,2,7.0,107
RWS01_MONICA_00D0010D840AD0070087,2026-09-01,3,10.0,100
RWS01_MONICA_00D0010D840AD0070087,2026-09-01,4,31.0,100
RWS01_MONICA_00D0010D840AD0070087,2026-09-01,5,139.0,104
RWS01_MONICA_00D0010D840AD0070087,2026-09-01,6,378.0,100
RWS01_MONICA_00D0010D840AD0070087,2026-09-01,7,651.0,100
RWS01_MONICA_00D0010D840AD0070087,2026-09-01,8,622.0,101
RWS01_MONICA_00D0010D840AD0070087,2026-09-01,9,490.0,97
RWS01_MONICA_00D0010D840AD0070087,2026-09-01,10,407.1,98
RWS01_MONICA_00D0010D840AD0070087,2026-09-01,11,419.0,97
RWS01_MONICA_00D0010D840AD0070087,2026-09-01,12,485.0,97
RWS01_MONICA_00D0010D840AD0070087,2026-09-01,13,534.0,99
RWS01_MONICA_00D0010D840AD0070087,2026-09-01,14,652.0,97
RWS01_MONICA_00D0010D840AD0070087,2026-09-01,15,877.0,97
RWS01_MONICA_00D0010D840AD0070087,2026-09-01,16,1141.0,98
RWS01_MONICA_00D0010D840AD0070087,2026-09-01,17,1058.0,99
RWS01_MONICA_00D0010D840AD0070087,2026-09-01,18,493.0,102
RWS01_MONICA_00D0010D840AD0070087,2026-09-01,19,336.0,108
RWS01_MONICA_00D0010D840AD0070087,2026-09-01,20,255.3,104
RWS01_MONICA_00D0010D840AD0070087,2026-09-01,21,132.0,109
RWS01_MONICA_00D0010D840AD0070087,2026-09-01,22,144.0,109
RWS01_MONICA_00D0010D840AD0070087,2026-09-01,23,98.0,107
RWS01_MONICA_00D0010D840AD007008B,2026-09-01,0,7.0,101
RWS01_MONICA_00D0010D840AD007008B,2026-09-01,1,7.0,96
RWS01_MONICA_00D0010D840AD007008B,2026-09-01,2,2.0,81
RWS01_MONICA_00D0010D840AD007008B,2026-09-01,3,11.0,93
RWS01_MONICA_00D0010D840AD007008B,2026-09-01,4,17.0,95
RWS01_MONICA_00D0010D840AD007008B,2026-09-01,5,44.0,100
RWS01_MONICA_00D0010D840AD007008B,2026-09-01,6,107.0,100
RWS01_MONICA_00D0010D840AD007008B,2026-09-01,7,166.0,99
RWS01_MONICA_00D0010D840AD007008B,2026-09-01,8,214.0,99
RWS01_MONICA_00D0010D840AD007008B,2026-09-01,9,179.0,97
RWS01_MONICA_00D0010D840AD007008B,2026-09-01,10,152.6,95
RWS01_MONICA_00D0010D840AD007008B,2026-09-01,11,158.0,94
RWS01_MONICA_00D0010D840AD007008B,2026-09-01,12,186.0,97
RWS01_MONICA_00D0010D840AD007008B,2026-09-01,13,163.0,97
RWS01_MONICA_00D0010D840AD007008B,2026-09-01,14,213.0,96
RWS01_MONICA_00D0010D840AD007008B,2026-09-01,15,217.0,100
RWS01_MONICA_00D0010D840AD007008B,2026-09-01,16,224.0,99
RWS01_MONICA_00D0010D840AD007008B,2026-09-01,17,203.0,100
RWS01_MONICA_00D0010D840AD007008B,2026-09-01,18,147.0,99
RWS01_MONICA_00D0010D840AD007008B,2026-09-01,19,104.0,106
RWS01_MONICA_00D0010D840AD007008B,2026-09-01,20,209.5,98
RWS01_MONICA_00D0010D840AD007008B,2026-09-01,21,132.0,100
RWS01_MONICA_00D0010D840AD007008B,2026-09-01,22,95.0,101
RWS01_MONICA_00D0010D840AD007008B,2026-09-01,23,64.0,103
RWS01_MONICA_10D00107400FD0070007,2026-09-01,0,34.0,134
RWS01_MONICA_10D00107400FD0070007,2026-09-01,1,18.0,124
RWS01_MONICA_10D00107400FD0070007,2026-09-01,2,11.0,130
RWS01_MONICA_10D00107400FD0070007,2026-09-01,3,8.0,123
RWS01_MONICA_10D00107400FD0070007,2026-09-01,4,38.0,124
RWS01_MONICA_10D00107400FD0070007,2026-09-01,5,265.0,127
RWS01_MONICA_10D00107400FD0070007,2026-09-01,6,1157.0,114
RWS01_MONICA_10D00107400FD0070007,2026-09-01,7,1966.0,111
RWS01_MONICA_10D00107400FD0070007,2026-09-01,8,1549.0,56
RWS01_MONICA_10D00107400FD0070007,2026-09-01,9,1177.0,112
RWS01_MONICA_10D00107400FD0070007,2026-09-01,10,1083.0,111
RWS01_MONICA_10D00107400FD0070007,2026-09-01,11,1128.0,110
RWS01_MONICA_10D00107400FD0070007,2026-09-01,12,1202.0,111
RWS01_MONICA_10D00107400FD0070007,2026-09-01,13,1398.0,111
RWS01_MONICA_10D00107400FD0070007,2026-09-01,14,1605.0,111
RWS01_MONICA_10D00107400FD0070007,2026-09-01,15,2080.0,82
RWS01_MONICA_10D00107400FD0070007,2026-09-01,16,1939.0,46
RWS01_MONICA_10D00107400FD0070007,2026-09-01,17,1654.0,72
RWS01_MONICA_10D00107400FD0070007,2026-09-01,18,1057.0,118
RWS01_MONICA_10D00107400FD0070007,2026-09-01,19,731.0,123
RWS01_MONICA_10D00107400FD0070007,2026-09-01,20,594.9,125
RWS01_MONICA_10D00107400FD0070007,2026-09-01,21,509.0,127
RWS01_MONICA_10D00107400FD0070007,2026-09-01,22,417.0,129
RWS01_MONICA_10D00107400FD0070007,2026-09-01,23,140.0,128
RWS01_MONICA_10D00107400FD007000B,2026-09-01,0,226.0,109
RWS01_MONICA_10D00107400FD007000B,2026-09-01,1,144.0,103
RWS01_MONICA_10D00107400FD007000B,2026-09-01,2,133.0,105
RWS01_MONICA_10D00107400FD007000B,2026-09-01,3,115.0,102
RWS01_MONICA_10D00107400FD007000B,2026-09-01,4,229.0,102
RWS01_MONICA_10D00107400FD007000B,2026-09-01,5,514.0,101
RWS01_MONICA_10D00107400FD007000B,2026-09-01,6,1143.0,96
RWS01_MONICA_10D00107400FD007000B,2026-09-01,7,1854.0,97
RWS01_MONICA_10D00107400FD007000B,2026-09-01,8,1530.0,64
RWS01_MONICA_10D00107400FD007000B,2026-09-01,9,1424.0,97
RWS01_MONICA_10D00107400FD007000B,2026-09-01,10,1419.0,96
RWS01_MONICA_10D00107400FD007000B,2026-09-01,11,1394.0,94
RWS01_MONICA_10D00107400FD007000B,2026-09-01,12,1480.0,96
RWS01_MONICA_10D00107400FD007000B,2026-09-01,13,1445.0,95
RWS01_MONICA_10D00107400FD007000B,2026-09-01,14,1592.0,95
RWS01_MONICA_10D00107400FD007000B,2026-09-01,15,1775.0,75
RWS01_MONICA_10D00107400FD007000B,2026-09-01,16,1600.0,43
RWS01_MONICA_10D00107400FD007000B,2026-09-01,17,1570.0,62
RWS01_MONICA_10D00107400FD007000B,2026-09-01,18,1322.0,100
RWS01_MONICA_10D00107400FD007000B,2026-09-01,19,1066.0,102
RWS01_MONICA_10D00107400FD007000B,2026-09-01,20,1020.0,103
RWS01_MONICA_10D00107400FD007000B,2026-09-01,21,941.0,104
RWS01_MONICA_10D00107400FD007000B,2026-09-01,22,861.0,107
RWS01_MONICA_10D00107400FD007000B,2026-09-01,23,491.0,108
RWS01_MONICA_10D00107400FD0070187,2026-09-01,0,0.0,0
RWS01_MONICA_10D00107400FD0070187,2026-09-01,1,0.0,0
RWS01_MONICA_10D00107400FD0070187,2026-09-01,2,0.0,0
RWS01_MONICA_10D00107400FD0070187,2026-09-01,3,0.0,0
RWS01_MONICA_10D00107400FD0070187,2026-09-01,4,0.0,0
RWS01_MONICA_10D00107400FD0070187,2026-09-01,5,0.0,0
RWS01_MONICA_10D00107400FD0070187,2026-09-01,6,303.0,90
RWS01_MONICA_10D00107400FD0070187,2026-09-01,7,954.0,89
RWS01_MONICA_10D00107400FD0070187,2026-09-01,8,836.0,57
RWS01_MONICA_10D00107400FD0070187,2026-09-01,9,696.0,88
RWS01_MONICA_10D00107400FD0070187,2026-09-01,10,732.0,87
RWS01_MONICA_10D00107400FD0070187,2026-09-01,11,739.0,86
RWS01_MONICA_10D00107400FD0070187,2026-09-01,12,808.0,87
RWS01_MONICA_10D00107400FD0070187,2026-09-01,13,866.0,86
RWS01_MONICA_10D00107400FD0070187,2026-09-01,14,883.0,87
RWS01_MONICA_10D00107400FD0070187,2026-09-01,15,1114.0,73
RWS01_MONICA_10D00107400FD0070187,2026-09-01,16,1399.0,46
RWS01_MONICA_10D00107400FD0070187,2026-09-01,17,1105.0,62
RWS01_MONICA_10D00107400FD0070187,2026-09-01,18,639.0,91
RWS01_MONICA_10D00107400FD0070187,2026-09-01,19,356.0,93
RWS01_MONICA_10D00107400FD0070187,2026-09-01,20,0.0,0
RWS01_MONICA_10D00107400FD0070187,2026-09-01,21,0.0,0
RWS01_MONICA_10D00107400FD0070187,2026-09-01,22,0.0,0
RWS01_MONICA_10D00107400FD0070187,2026-09-01,23,0.0,0
RWS01_MONIBAS_0011hrl0434ra,2026-09-08,0,252.6,110
RWS01_MONIBAS_0011hrl0434ra,2026-09-08,1,117.1,107
RWS01_MONIBAS_0011hrl0434ra,2026-09-08,2,126.3,106
RWS01_MONIBAS_0011hrl0434ra,2026-09-08,3,155.5,105
RWS01_MONIBAS_0011hrl0434ra,2026-09-08,4,291.0,104
RWS01_MONIBAS_0011hrl0434ra,2026-09-08,5,1228.0,106
RWS01_MONIBAS_0011hrl0434ra,2026-09-08,6,3055.0,93
RWS01_MONIBAS_0011hrl0434ra,2026-09-08,7,3507.0,94
RWS01_MONIBAS_0011hrl0434ra,2026-09-08,8,3413.7,94
RWS01_MONIBAS_0011hrl0434ra,2026-09-08,9,3052.5,95
RWS01_MONIBAS_0011hrl0434ra,2026-09-08,10,2592.6,96
RWS01_MONIBAS_0011hrl0434ra,2026-09-08,11,2379.0,98
RWS01_MONIBAS_0011hrl0434ra,2026-09-08,12,2760.0,95
RWS01_MONIBAS_0011hrl0434ra,2026-09-08,13,2937.3,95
RWS01_MONIBAS_0011hrl0434ra,2026-09-08,14,2921.1,97
RWS01_MONIBAS_0011hrl0434ra,2026-09-08,15,3250.0,94
RWS01_MONIBAS_0011hrl0434ra,2026-09-08,16,3514.7,65
RWS01_MONIBAS_0011hrl0434ra,2026-09-08,17,3483.5,54
RWS01_MONIBAS_0011hrl0434ra,2026-09-08,18,3009.0,79
RWS01_MONIBAS_0011hrl0434ra,2026-09-08,19,1834.3,107
RWS01_MONIBAS_0011hrl0434ra,2026-09-08,20,1337.6,107
RWS01_MONIBAS_0011hrl0434ra,2026-09-08,21,1273.3,99
RWS01_MONIBAS_0011hrl0434ra,2026-09-08,22,676.8,107
RWS01_MONIBAS_0011hrl0434ra,2026-09-08,23,0.0,0
RWS01_MONIBAS_0011hrl0460ra,2026-09-08,0,293.7,103
RWS01_MONIBAS_0011hrl0460ra,2026-09-08,1,185.2,101
RWS01_MONIBAS_0011hrl0460ra,2026-09-08,2,159.1,99
RWS01_MONIBAS_0011hrl0460ra,2026-09-08,3,166.2,105
RWS01_MONIBAS_0011hrl0460ra,2026-09-08,4,362.7,99
RWS01_MONIBAS_0011hrl0460ra,2026-09-08,5,1330.6,107
RWS01_MONIBAS_0011hrl0460ra,2026-09-08,6,3366.9,93
RWS01_MONIBAS_0011hrl0460ra,2026-09-08,7,3666.0,81
RWS01_MONIBAS_0011hrl0460ra,2026-09-08,8,3291.4,67
RWS01_MONIBAS_0011hrl0460ra,2026-09-08,9,3290.4,93
RWS01_MONIBAS_0011hrl0460ra,2026-09-08,10,2934.0,95
RWS01_MONIBAS_0011hrl0460ra,2026-09-08,11,3039.1,96
RWS01_MONIBAS_0011hrl0460ra,2026-09-08,12,3101.7,96
RWS01_MONIBAS_0011hrl0460ra,2026-09-08,13,3177.5,97
RWS01_MONIBAS_0011hrl0460ra,2026-09-08,14,3047.0,97
RWS01_MONIBAS_0011hrl0460ra,2026-09-08,15,3079.3,99
RWS01_MONIBAS_0011hrl0460ra,2026-09-08,16,3395.6,98
RWS01_MONIBAS_0011hrl0460ra,2026-09-08,17,3271.6,98
RWS01_MONIBAS_0011hrl0460ra,2026-09-08,18,2760.0,101
RWS01_MONIBAS_0011hrl0460ra,2026-09-08,19,2047.8,105
RWS01_MONIBAS_0011hrl0460ra,2026-09-08,20,1314.3,103
RWS01_MONIBAS_0011hrl0460ra,2026-09-08,21,1155.0,99
RWS01_MONIBAS_0011hrl0460ra,2026-09-08,22,968.9,89
RWS01_MONIBAS_0011hrl0460ra,2026-09-08,23,507.0,80
RWS01_MONIBAS_0011hrl0856ra,2026-09-08,0,2400.0,106
RWS01_MONIBAS_0011hrl0856ra,2026-09-08,1,2400.0,106
RWS01_MONIBAS_0011hrl0856ra,2026-09-08,2,2400.0,106
RWS01_MONIBAS_0011hrl0856ra,2026-09-08,3,2400.0,106
RWS01_MONIBAS_0011hrl0856ra,2026-09-08,4,2400.0,106
RWS01_MONIBAS_0011hrl0856ra,2026-09-08,5,2400.0,106
RWS01_MONIBAS_0011hrl0856ra,2026-09-08,6,2400.0,106
RWS01_MONIBAS_0011hrl0856ra,2026-09-08,7,2400.0,106
RWS01_MONIBAS_0011hrl0856ra,2026-09-08,8,2400.0,106
RWS01_MONIBAS_0011hrl0856ra,2026-09-08,9,2400.0,106
RWS01_MONIBAS_0011hrl0856ra,2026-09-08,10,2400.0,106
RWS01_MONIBAS_0011hrl0856ra,2026-09-08,11,2400.0,106
RWS01_MONIBAS_0011hrl0856ra,2026-09-08,12,2400.0,106
RWS01_MONIBAS_0011hrl0856ra,2026-09-08,13,2400.0,106
RWS01_MONIBAS_0011hrl0856ra,2026-09-08,14,2400.0,106
RWS01_MONIBAS_0011hrl0856ra,2026-09-08,15,2400.0,106
RWS01_MONIBAS_0011hrl0856ra,2026-09-08,16,2400.0,106
RWS01_MONIBAS_0011hrl0856ra,2026-09-08,17,2400.0,106
RWS01_MONIBAS_0011hrl0856ra,2026-09-08,18,2400.0,106
RWS01_MONIBAS_0011hrl0856ra,2026-09-08,19,2400.0,106
RWS01_MONIBAS_0011hrl0856ra,2026-09-08,20,2400.0,106
RWS01_MONIBAS_0011hrl0856ra,2026-09-08,21,2400.0,106
RWS01_MONIBAS_0011hrl0856ra,2026-09-08,22,2400.0,106
RWS01_MONIBAS_0011hrl0856ra,2026-09-08,23,2400.0,106
RWS01_MONIBAS_0011hrl0987ra,2026-09-08,0,227.0,99
RWS01_MONIBAS_0011hrl0987ra,2026-09-08,1,197.0,98
RWS01_MONIBAS_0011hrl0987ra,2026-09-08,2,178.0,98
RWS01_MONIBAS_0011hrl0987ra,2026-09-08,3,329.0,96
RWS01_MONIBAS_0011hrl0987ra,2026-09-08,4,564.0,99
RWS01_MONIBAS_0011hrl0987ra,2026-09-08,5,2117.0,104
RWS01_MONIBAS_0011hrl0987ra,2026-09-08,6,4536.0,99
RWS01_MONIBAS_0011hrl0987ra,2026-09-08,7,5768.0,97
RWS01_MONIBAS_0011hrl0987ra,2026-09-08,8,5005.0,98
RWS01_MONIBAS_0011hrl0987ra,2026-09-08,9,3227.0,99
RWS01_MONIBAS_0011hrl0987ra,2026-09-08,10,2804.0,98
RWS01_MONIBAS_0011hrl0987ra,2026-09-08,11,2835.0,97
RWS01_MONIBAS_0011hrl0987ra,2026-09-08,12,3137.0,98
RWS01_MONIBAS_0011hrl0987ra,2026-09-08,13,3044.0,98
RWS01_MONIBAS_0011hrl0987ra,2026-09-08,14,3026.0,98
RWS01_MONIBAS_0011hrl0987ra,2026-09-08,15,3411.0,99
RWS01_MONIBAS_0011hrl0987ra,2026-09-08,16,3987.0,99
RWS01_MONIBAS_0011hrl0987ra,2026-09-08,17,3818.6,101
RWS01_MONIBAS_0011hrl0987ra,2026-09-08,18,2116.0,102
RWS01_MONIBAS_0011hrl0987ra,2026-09-08,19,1540.0,97
RWS01_MONIBAS_0011hrl0987ra,2026-09-08,20,1136.0,97
RWS01_MONIBAS_0011hrl0987ra,2026-09-08,21,1044.0,97
RWS01_MONIBAS_0011hrl0987ra,2026-09-08,22,747.0,96
RWS01_MONIBAS_0011hrl0987ra,2026-09-08,23,421.0,102
RWS01_MONIBAS_0011hrl1076ra,2026-09-08,0,181.0,109
RWS01_MONIBAS_0011hrl1076ra,2026-09-08,1,163.0,105
RWS01_MONIBAS_0011hrl1076ra,2026-09-08,2,138.0,99
RWS01_MONIBAS_0011hrl1076ra,2026-09-08,3,285.0,103
RWS01_MONIBAS_0011hrl1076ra,2026-09-08,4,441.0,100
RWS01_MONIBAS_0011hrl1076ra,2026-09-08,5,1612.0,110
RWS01_MONIBAS_0011hrl1076ra,2026-09-08,6,3404.0,104
RWS01_MONIBAS_0011hrl1076ra,2026-09-08,7,4352.0,103
RWS01_MONIBAS_0011hrl1076ra,2026-09-08,8,4254.0,102
RWS01_MONIBAS_0011hrl1076ra,2026-09-08,9,2540.0,104
RWS01_MONIBAS_0011hrl1076ra,2026-09-08,10,2140.0,102
RWS01_MONIBAS_0011hrl1076ra,2026-09-08,11,2216.0,101
RWS01_MONIBAS_0011hrl1076ra,2026-09-08,12,2365.0,102
RWS01_MONIBAS_0011hrl1076ra,2026-09-08,13,2327.0,103
RWS01_MONIBAS_0011hrl1076ra,2026-09-08,14,2255.0,103
RWS01_MONIBAS_0011hrl1076ra,2026-09-08,15,2471.0,104
RWS01_MONIBAS_0011hrl1076ra,2026-09-08,16,2703.0,105
RWS01_MONIBAS_0011hrl1076ra,2026-09-08,17,2682.7,107
RWS01_MONIBAS_0011hrl1076ra,2026-09-08,18,1660.0,108
RWS01_MONIBAS_0011hrl1076ra,2026-09-08,19,1162.0,115
RWS01_MONIBAS_0011hrl1076ra,2026-09-08,20,901.0,114
RWS01_MONIBAS_0011hrl1076ra,2026-09-08,21,720.0,114
RWS01_MONIBAS_0011hrl1076ra,2026-09-08,22,567.0,114
RWS01_MONIBAS_0011hrl1076ra,2026-09-08,23,301.0,111
RWS01_MONIBAS_0011hrr0851ra_1,2026-09-08,0,258.0,112
RWS01_MONIBAS_0011hrr0851ra_1,2026-09-08,1,163.0,107
RWS01_MONIBAS_0011hrr0851ra_1,2026-09-08,2,124.0,102
RWS01_MONIBAS_0011hrr0851ra_1,2026-09-08,3,124.0,104
RWS01_MONIBAS_0011hrr0851ra_1,2026-09-08,4,204.0,104
RWS01_MONIBAS_0011hrr0851ra_1,2026-09-08,5,580.0,108
RWS01_MONIBAS_0011hrr0851ra_1,2026-09-08,6,1547.0,108
RWS01_MONIBAS_0011hrr0851ra_1,2026-09-08,7,2542.4,105
RWS01_MONIBAS_0011hrr0851ra_1,2026-09-08,8,2407.0,107
RWS01_MONIBAS_0011hrr0851ra_1,2026-09-08,9,1987.0,106
RWS01_MONIBAS_0011hrr0851ra_1,2026-09-08,10,2015.0,105
RWS01_MONIBAS_0011hrr0851ra_1,2026-09-08,11,2238.0,103
RWS01_MONIBAS_0011hrr0851ra_1,2026-09-08,12,2530.0,103
RWS01_MONIBAS_0011hrr0851ra_1,2026-09-08,13,2621.0,104
RWS01_MONIBAS_0011hrr0851ra_1,2026-09-08,14,2917.0,104
RWS01_MONIBAS_0011hrr0851ra_1,2026-09-08,15,3603.0,105
RWS01_MONIBAS_0011hrr0851ra_1,2026-09-08,16,4345.0,104
RWS01_MONIBAS_0011hrr0851ra_1,2026-09-08,17,3438.3,106
RWS01_MONIBAS_0011hrr0851ra_1,2026-09-08,18,2282.0,109
RWS01_MONIBAS_0011hrr0851ra_1,2026-09-08,19,1776.0,112
RWS01_MONIBAS_0011hrr0851ra_1,2026-09-08,20,1277.0,114
RWS01_MONIBAS_0011hrr0851ra_1,2026-09-08,21,915.0,114
RWS01_MONIBAS_0011hrr0851ra_1,2026-09-08,22,766.0,117
RWS01_MONIBAS_0011hrr0851ra_1,2026-09-08,23,592.0,116
RWS01_MONIBAS_0011hrr1044ra,2026-09-08,0,374.0,105
RWS01_MONIBAS_0011hrr1044ra,2026-09-08,1,276.0,101
RWS01_MONIBAS_0011hrr1044ra,2026-09-08,2,190.0,96
RWS01_MONIBAS_0011hrr1044ra,2026-09-08,3,176.0,98
RWS01_MONIBAS_0011hrr1044ra,2026-09-08,4,260.0,98
RWS01_MONIBAS_0011hrr1044ra,2026-09-08,5,606.0,103
RWS01_MONIBAS_0011hrr1044ra,2026-09-08,6,1989.0,104
RWS01_MONIBAS_0011hrr1044ra,2026-09-08,7,3615.0,105
RWS01_MONIBAS_0011hrr1044ra,2026-09-08,8,3730.0,106
RWS01_MONIBAS_0011hrr1044ra,2026-09-08,9,2630.0,103
RWS01_MONIBAS_0011hrr1044ra,2026-09-08,10,2573.0,102
RWS01_MONIBAS_0011hrr1044ra,2026-09-08,11,2686.0,101
RWS01_MONIBAS_0011hrr1044ra,2026-09-08,12,3077.0,102
RWS01_MONIBAS_0011hrr1044ra,2026-09-08,13,3344.0,103
RWS01_MONIBAS_0011hrr1044ra,2026-09-08,14,3628.0,104
RWS01_MONIBAS_0011hrr1044ra,2026-09-08,15,4444.0,106
RWS01_MONIBAS_0011hrr1044ra,2026-09-08,16,5757.0,106
RWS01_MONIBAS_0011hrr1044ra,2026-09-08,17,5249.5,104
RWS01_MONIBAS_0011hrr1044ra,2026-09-08,18,2993.0,102
RWS01_MONIBAS_0011hrr1044ra,2026-09-08,19,2326.0,108
RWS01_MONIBAS_0011hrr1044ra,2026-09-08,20,1842.0,105
RWS01_MONIBAS_0011hrr1044ra,2026-09-08,21,1284.0,108
RWS01_MONIBAS_0011hrr1044ra,2026-09-08,22,1029.0,110
RWS01_MONIBAS_0011hrr1044ra,2026-09-08,23,691.0,109
RWS01_MONIBAS_0011hrr1076ra,2026-09-08,0,276.0,106
RWS01_MONIBAS_0011hrr1076ra,2026-09-08,1,216.0,102
RWS01_MONIBAS_0011hrr1076ra,2026-09-08,2,156.0,95
RWS01_MONIBAS_0011hrr1076ra,2026-09-08,3,164.0,95
RWS01_MONIBAS_0011hrr1076ra,2026-09-08,4,207.0,95
RWS01_MONIBAS_0011hrr1076ra,2026-09-08,5,511.0,102
RWS01_MONIBAS_0011hrr1076ra,2026-09-08,6,1651.0,105
RWS01_MONIBAS_0011hrr1076ra,2026-09-08,7,2730.0,105
RWS01_MONIBAS_0011hrr1076ra,2026-09-08,8,2451.0,106
RWS01_MONIBAS_0011hrr1076ra,2026-09-08,9,1901.0,104
RWS01_MONIBAS_0011hrr1076ra,2026-09-08,10,2026.0,103
RWS01_MONIBAS_0011hrr1076ra,2026-09-08,11,2159.0,101
RWS01_MONIBAS_0011hrr1076ra,2026-09-08,12,2410.0,102
RWS01_MONIBAS_0011hrr1076ra,2026-09-08,13,2577.0,101
RWS01_MONIBAS_0011hrr1076ra,2026-09-08,14,2765.0,102
RWS01_MONIBAS_0011hrr1076ra,2026-09-08,15,3510.0,103
RWS01_MONIBAS_0011hrr1076ra,2026-09-08,16,4612.0,103
RWS01_MONIBAS_0011hrr1076ra,2026-09-08,17,4050.5,104
RWS01_MONIBAS_0011hrr1076ra,2026-09-08,18,2188.0,109
RWS01_MONIBAS_0011hrr1076ra,2026-09-08,19,1705.0,111
RWS01_MONIBAS_0011hrr1076ra,2026-09-08,20,1410.0,110
RWS01_MONIBAS_0011hrr1076ra,2026-09-08,21,1037.0,115
RWS01_MONIBAS_0011hrr1076ra,2026-09-08,22,747.0,117
RWS01_MONIBAS_0011hrr1076ra,2026-09-08,23,479.0,114
RWS01_MONICA_00D00106CC55D0070007,2026-09-08,1,0.0,0
RWS01_MONICA_00D00106CC55D0070007,2026-09-08,2,0.0,0
RWS01_MONICA_00D00106CC55D0070007,2026-09-08,3,0.0,0
RWS01_MONICA_00D00106CC55D0070007,2026-09-08,4,2.0,103
RWS01_MONICA_00D00106CC55D0070007,2026-09-08,5,69.2,125
RWS01_MONICA_00D00106CC55D0070007,2026-09-08,6,563.0,113
RWS01_MONICA_00D00106CC55D0070007,2026-09-08,7,1218.0,108
RWS01_MONICA_00D00106CC55D0070007,2026-09-08,8,906.0,111
RWS01_MONICA_00D00106CC55D0070007,2026-09-08,9,711.0,108
RWS01_MONICA_00D00106CC55D0070007,2026-09-08,10,585.0,108
RWS01_MONICA_00D00106CC55D0070007,2026-09-08,11,664.0,107
RWS01_MONICA_00D00106CC55D0070007,2026-09-08,12,788.0,108
RWS01_MONICA_00D00106CC55D0070007,2026-09-08,13,796.0,108
RWS01_MONICA_00D00106CC55D0070007,2026-09-08,14,997.0,108
RWS01_MONICA_00D00106CC55D0070007,2026-09-08,15,1217.0,56
RWS01_MONICA_00D00106CC55D0070007,2026-09-08,16,725.0,12
RWS01_MONICA_00D00106CC55D0070007,2026-09-08,17,516.6,40
RWS01_MONICA_00D00106CC55D0070007,2026-09-08,18,440.0,114
RWS01_MONICA_00D00106CC55D0070007,2026-09-08,19,380.0,118
RWS01_MONICA_00D00106CC55D0070007,2026-09-08,20,260.0,115
RWS01_MONICA_00D00106CC55D0070007,2026-09-08,21,199.0,118
RWS01_MONICA_00D00106CC55D0070007,2026-09-08,22,145.0,125
RWS01_MONICA_00D00106CC55D0070007,2026-09-08,23,77.0,125
RWS01_MONICA_00D00106CC55D007000B,2026-09-08,1,7.0,106
RWS01_MONICA_00D00106CC55D007000B,2026-09-08,2,9.0,102
RWS01_MONICA_00D00106CC55D007000B,2026-09-08,3,16.0,103
RWS01_MONICA_00D00106CC55D007000B,2026-09-08,4,75.0,104
RWS01_MONICA_00D00106CC55D007000B,2026-09-08,5,296.9,105
RWS01_MONICA_00D00106CC55D007000B,2026-09-08,6,861.0,100
RWS01_MONICA_00D00106CC55D007000B,2026-09-08,7,1387.0,98
RWS01_MONICA_00D00106CC55D007000B,2026-09-08,8,1158.0,99
RWS01_MONICA_00D00106CC55D007000B,2026-09-08,9,1174.0,97
RWS01_MONICA_00D00106CC55D007000B,2026-09-08,10,1104.0,96
RWS01_MONICA_00D00106CC55D007000B,2026-09-08,11,1102.0,96
RWS01_MONICA_00D00106CC55D007000B,2026-09-08,12,1197.0,95
RWS01_MONICA_00D00106CC55D007000B,2026-09-08,13,1160.0,96
RWS01_MONICA_00D00106CC55D007000B,2026-09-08,14,1235.0,96
RWS01_MONICA_00D00106CC55D007000B,2026-09-08,15,1237.0,50
RWS01_MONICA_00D00106CC55D007000B,2026-09-08,16,551.0,11
RWS01_MONICA_00D00106CC55D007000B,2026-09-08,17,641.7,38
RWS01_MONICA_00D00106CC55D007000B,2026-09-08,18,883.0,100
RWS01_MONICA_00D00106CC55D007000B,2026-09-08,19,734.0,103
RWS01_MONICA_00D00106CC55D007000B,2026-09-08,20,613.0,100
RWS01_MONICA_00D00106CC55D007000B,2026-09-08,21,530.0,101
RWS01_MONICA_00D00106CC55D007000B,2026-09-08,22,470.0,109
RWS01_MONICA_00D00106CC55D007000B,2026-09-08,23,377.0,111
RWS01_MONICA_00D00106CC55D0070087,2026-09-08,1,1.4,86
RWS01_MONICA_00D00106CC55D0070087,2026-09-08,2,3.0,106
RWS01_MONICA_00D00106CC55D0070087,2026-09-08,3,1.0,70
RWS01_MONICA_00D00106CC55D0070087,2026-09-08,4,21.0,99
RWS01_MONICA_00D00106CC55D0070087,2026-09-08,5,60.0,106
RWS01_MONICA_00D00106CC55D0070087,2026-09-08,6,230.0,108
RWS01_MONICA_00D00106CC55D0070087,2026-09-08,7,495.0,106
RWS01_MONICA_00D00106CC55D0070087,2026-09-08,8,495.0,105
RWS01_MONICA_00D00106CC55D0070087,2026-09-08,9,245.0,105
RWS01_MONICA_00D00106CC55D0070087,2026-09-08,10,149.0,104
RWS01_MONICA_00D00106CC55D0070087,2026-09-08,11,164.0,103
RWS01_MONICA_00D00106CC55D0070087,2026-09-08,12,158.0,104
RWS01_MONICA_00D00106CC55D0070087,2026-09-08,13,174.0,104
RWS01_MONICA_00D00106CC55D0070087,2026-09-08,14,210.0,108
RWS01_MONICA_00D00106CC55D0070087,2026-09-08,15,466.0,99
RWS01_MONICA_00D00106CC55D0070087,2026-09-08,16,664.0,78
RWS01_MONICA_00D00106CC55D0070087,2026-09-08,17,606.1,95
RWS01_MONICA_00D00106CC55D0070087,2026-09-08,18,212.0,109
RWS01_MONICA_00D00106CC55D0070087,2026-09-08,19,103.0,107
RWS01_MONICA_00D00106CC55D0070087,2026-09-08,20,91.0,103
RWS01_MONICA_00D00106CC55D0070087,2026-09-08,21,129.0,104
RWS01_MONICA_00D00106CC55D0070087,2026-09-08,22,88.0,107
RWS01_MONICA_00D00106CC55D0070087,2026-09-08,23,41.0,104
RWS01_MONICA_00D00106CC55D007008B,2026-09-08,1,8.4,84
RWS01_MONICA_00D00106CC55D007008B,2026-09-08,2,7.0,101
RWS01_MONICA_00D00106CC55D007008B,2026-09-08,3,6.0,95
RWS01_MONICA_00D00106CC55D007008B,2026-09-08,4,44.0,99
RWS01_MONICA_00D00106CC55D007008B,2026-09-08,5,164.7,104
RWS01_MONICA_00D00106CC55D007008B,2026-09-08,6,728.0,99
RWS01_MONICA_00D00106CC55D007008B,2026-09-08,7,1534.0,95
RWS01_MONICA_00D00106CC55D007008B,2026-09-08,8,1613.0,93
RWS01_MONICA_00D00106CC55D007008B,2026-09-08,9,1040.0,95
RWS01_MONICA_00D00106CC55D007008B,2026-09-08,10,809.0,96
RWS01_MONICA_00D00106CC55D007008B,2026-09-08,11,866.0,95
RWS01_MONICA_00D00106CC55D007008B,2026-09-08,12,901.0,96
RWS01_MONICA_00D00106CC55D007008B,2026-09-08,13,917.0,97
RWS01_MONICA_00D00106CC55D007008B,2026-09-08,14,992.0,96
RWS01_MONICA_00D00106CC55D007008B,2026-09-08,15,1159.0,92
RWS01_MONICA_00D00106CC55D007008B,2026-09-08,16,1374.0,79
RWS01_MONICA_00D00106CC55D007008B,2026-09-08,17,1393.2,87
RWS01_MONICA_00D00106CC55D007008B,2026-09-08,18,1052.0,98
RWS01_MONICA_00D00106CC55D007008B,2026-09-08,19,699.0,99
RWS01_MONICA_00D00106CC55D007008B,2026-09-08,20,443.0,96
RWS01_MONICA_00D00106CC55D007008B,2026-09-08,21,553.0,92
RWS01_MONICA_00D00106CC55D007008B,2026-09-08,22,454.0,99
RWS01_MONICA_00D00106CC55D007008B,2026-09-08,23,229.0,101
RWS01_MONICA_00D0010D840AD0070007,2026-09-08,0,6.0,152
RWS01_MONICA_00D0010D840AD0070007,2026-09-08,1,1.0,103
RWS01_MONICA_00D0010D840AD0070007,2026-09-08,2,1.0,140
RWS01_MONICA_00D0010D840AD0070007,2026-09-08,3,0.0,0
RWS01_MONICA_00D0010D840AD0070007,2026-09-08,4,0.0,0
RWS01_MONICA_00D0010D840AD0070007,2026-09-08,5,10.0,138
RWS01_MONICA_00D0010D840AD0070007,2026-09-08,6,93.0,128
RWS01_MONICA_00D0010D840AD0070007,2026-09-08,7,264.0,120
RWS01_MONICA_00D0010D840AD0070007,2026-09-08,8,207.0,121
RWS01_MONICA_00D0010D840AD0070007,2026-09-08,9,116.0,120
RWS01_MONICA_00D0010D840AD0070007,2026-09-08,10,127.0,121
RWS01_MONICA_00D0010D840AD0070007,2026-09-08,11,183.0,117
RWS01_MONICA_00D0010D840AD0070007,2026-09-08,12,249.0,117
RWS01_MONICA_00D0010D840AD0070007,2026-09-08,13,302.0,119
RWS01_MONICA_00D0010D840AD0070007,2026-09-08,14,368.0,120
RWS01_MONICA_00D0010D840AD0070007,2026-09-08,15,529.0,119
RWS01_MONICA_00D0010D840AD0070007,2026-09-08,16,865.0,117
RWS01_MONICA_00D0010D840AD0070007,2026-09-08,17,560.3,119
RWS01_MONICA_00D0010D840AD0070007,2026-09-08,18,263.0,124
RWS01_MONICA_00D0010D840AD0070007,2026-09-08,19,188.0,125
RWS01_MONICA_00D0010D840AD0070007,2026-09-08,20,83.0,129
RWS01_MONICA_00D0010D840AD0070007,2026-09-08,21,45.0,132
RWS01_MONICA_00D0010D840AD0070007,2026-09-08,22,25.0,133
RWS01_MONICA_00D0010D840AD0070007,2026-09-08,23,12.0,140
RWS01_MONICA_00D0010D840AD007000B,2026-09-08,0,67.0,118
RWS01_MONICA_00D0010D840AD007000B,2026-09-08,1,32.0,117
RWS01_MONICA_00D0010D840AD007000B,2026-09-08,2,22.0,120
RWS01_MONICA_00D0010D840AD007000B,2026-09-08,3,23.0,119
RWS01_MONICA_00D0010D840AD007000B,2026-09-08,4,20.0,115
RWS01_MONICA_00D0010D840AD007000B,2026-09-08,5,86.0,120
RWS01_MONICA_00D0010D840AD007000B,2026-09-08,6,348.0,112
RWS01_MONICA_00D0010D840AD007000B,2026-09-08,7,684.0,108
RWS01_MONICA_00D0010D840AD007000B,2026-09-08,8,701.0,109
RWS01_MONICA_00D0010D840AD007000B,2026-09-08,9,540.0,108
RWS01_MONICA_00D0010D840AD007000B,2026-09-08,10,584.0,106
RWS01_MONICA_00D0010D840AD007000B,2026-09-08,11,638.0,105
RWS01_MONICA_00D0010D840AD007000B,2026-09-08,12,775.0,105
RWS01_MONICA_00D0010D840AD007000B,2026-09-08,13,770.0,105
RWS01_MONICA_00D0010D840AD007000B,2026-09-08,14,835.0,106
RWS01_MONICA_00D0010D840AD007000B,2026-09-08,15,1033.0,107
RWS01_MONICA_00D0010D840AD007000B,2026-09-08,16,1251.0,106
RWS01_MONICA_00D0010D840AD007000B,2026-09-08,17,1092.2,108
RWS01_MONICA_00D0010D840AD007000B,2026-09-08,18,729.0,111
RWS01_MONICA_00D0010D840AD007000B,2026-09-08,19,540.0,115
RWS01_MONICA_00D0010D840AD007000B,2026-09-08,20,400.0,117
RWS01_MONICA_00D0010D840AD007000B,2026-09-08,21,284.0,120
RWS01_MONICA_00D0010D840AD007000B,2026-09-08,22,208.0,123
RWS01_MONICA_00D0010D840AD007000B,2026-09-08,23,164.0,122
RWS01_MONICA_00D0010D840AD007000F,2026-09-08,0,140.0,106
RWS01_MONICA_00D0010D840AD007000F,2026-09-08,1,99.0,100
RWS01_MONICA_00D0010D840AD007000F,2026-09-08,2,81.0,96
RWS01_MONICA_00D0010D840AD007000F,2026-09-08,3,69.0,98
RWS01_MONICA_00D0010D840AD007000F,2026-09-08,4,99.0,100
RWS01_MONICA_00D0010D840AD007000F,2026-09-08,5,216.0,101
RWS01_MONICA_00D0010D840AD007000F,2026-09-08,6,468.0,98
RWS01_MONICA_00D0010D840AD007000F,2026-09-08,7,651.0,98
RWS01_MONICA_00D0010D840AD007000F,2026-09-08,8,667.0,99
RWS01_MONICA_00D0010D840AD007000F,2026-09-08,9,594.0,98
RWS01_MONICA_00D0010D840AD007000F,2026-09-08,10,579.0,97
RWS01_MONICA_00D0010D840AD007000F,2026-09-08,11,636.0,95
RWS01_MONICA_00D0010D840AD007000F,2026-09-08,12,654.0,95
RWS01_MONICA_00D0010D840AD007000F,2026-09-08,13,668.0,95
RWS01_MONICA_00D0010D840AD007000F,2026-09-08,14,683.0,96
RWS01_MONICA_00D0010D840AD007000F,2026-09-08,15,771.0,98
RWS01_MONICA_00D0010D840AD007000F,2026-09-08,16,813.0,98
RWS01_MONICA_00D0010D840AD007000F,2026-09-08,17,788.1,99
RWS01_MONICA_00D0010D840AD007000F,2026-09-08,18,605.0,100
RWS01_MONICA_00D0010D840AD007000F,2026-09-08,19,513.0,101
RWS01_MONICA_00D0010D840AD007000F,2026-09-08,20,403.0,104
RWS01_MONICA_00D0010D840AD007000F,2026-09-08,21,322.0,105
RWS01_MONICA_00D0010D840AD007000F,2026-09-08,22,288.0,111
RWS01_MONICA_00D0010D840AD007000F,2026-09-08,23,226.0,110
RWS01_MONICA_00D0010D840AD0070087,2026-09-08,0,41.0,104
RWS01_MONICA_00D0010D840AD0070087,2026-09-08,1,26.0,107
RWS01_MONICA_00D0010D840AD0070087,2026-09-08,2,15.0,95
RWS01_MONICA_00D0010D840AD0070087,2026-09-08,3,20.0,95
RWS01_MONICA_00D0010D840AD0070087,2026-09-08,4,72.0,98
RWS01_MONICA_00D0010D840AD0070087,2026-09-08,5,201.0,104
RWS01_MONICA_00D0010D840AD0070087,2026-09-08,6,503.0,98
RWS01_MONICA_00D0010D840AD0070087,2026-09-08,7,785.0,98
RWS01_MONICA_00D0010D840AD0070087,2026-09-08,8,685.0,98
RWS01_MONICA_00D0010D840AD0070087,2026-09-08,9,561.0,97
RWS01_MONICA_00D0010D840AD0070087,2026-09-08,10,552.0,97
RWS01_MONICA_00D0010D840AD0070087,2026-09-08,11,564.0,95
RWS01_MONICA_00D0010D840AD0070087,2026-09-08,12,673.0,96
RWS01_MONICA_00D0010D840AD0070087,2026-09-08,13,673.0,96
RWS01_MONICA_00D0010D840AD0070087,2026-09-08,14,803.0,96
RWS01_MONICA_00D0010D840AD0070087,2026-09-08,15,996.0,97
RWS01_MONICA_00D0010D840AD0070087,2026-09-08,16,1123.0,96
RWS01_MONICA_00D0010D840AD0070087,2026-09-08,17,797.3,98
RWS01_MONICA_00D0010D840AD0070087,2026-09-08,18,508.0,101
RWS01_MONICA_00D0010D840AD0070087,2026-09-08,19,422.0,103
RWS01_MONICA_00D0010D840AD0070087,2026-09-08,20,312.0,105
RWS01_MONICA_00D0010D840AD0070087,2026-09-08,21,216.0,103
RWS01_MONICA_00D0010D840AD0070087,2026-09-08,22,192.0,109
RWS01_MONICA_00D0010D840AD0070087,2026-09-08,23,146.0,107
RWS01_MONICA_00D0010D840AD007008B,2026-09-08,0,9.0,86
RWS01_MONICA_00D0010D840AD007008B,2026-09-08,1,5.0,88
RWS01_MONICA_00D0010D840AD007008B,2026-09-08,2,5.0,112
RWS01_MONICA_00D0010D840AD007008B,2026-09-08,3,12.0,92
RWS01_MONICA_00D0010D840AD007008B,2026-09-08,4,13.0,91
RWS01_MONICA_00D0010D840AD007008B,2026-09-08,5,66.0,98
RWS01_MONICA_00D0010D840AD007008B,2026-09-08,6,119.0,100
RWS01_MONICA_00D0010D840AD007008B,2026-09-08,7,108.0,97
RWS01_MONICA_00D0010D840AD007008B,2026-09-08,8,138.0,97
RWS01_MONICA_00D0010D840AD007008B,2026-09-08,9,166.0,93
RWS01_MONICA_00D0010D840AD007008B,2026-09-08,10,185.0,95
RWS01_MONICA_00D0010D840AD007008B,2026-09-08,11,184.0,93
RWS01_MONICA_00D0010D840AD007008B,2026-09-08,12,202.0,94
RWS01_MONICA_00D0010D840AD007008B,2026-09-08,13,202.0,95
RWS01_MONICA_00D0010D840AD007008B,2026-09-08,14,216.0,96
RWS01_MONICA_00D0010D840AD007008B,2026-09-08,15,259.0,96
RWS01_MONICA_00D0010D840AD007008B,2026-09-08,16,261.0,98
RWS01_MONICA_00D0010D840AD007008B,2026-09-08,17,218.6,98
RWS01_MONICA_00D0010D840AD007008B,2026-09-08,18,155.0,99
RWS01_MONICA_00D0010D840AD007008B,2026-09-08,19,101.0,100
RWS01_MONICA_00D0010D840AD007008B,2026-09-08,20,87.0,103
RWS01_MONICA_00D0010D840AD007008B,2026-09-08,21,53.0,101
RWS01_MONICA_00D0010D840AD007008B,2026-09-08,22,46.0,103
RWS01_MONICA_00D0010D840AD007008B,2026-09-08,23,37.0,106
RWS01_MONICA_10D00107400FD0070007,2026-09-08,0,31.0,125
RWS01_MONICA_10D00107400FD0070007,2026-09-08,1,19.0,114
RWS01_MONICA_10D00107400FD0070007,2026-09-08,2,10.0,126
RWS01_MONICA_10D00107400FD0070007,2026-09-08,3,6.0,125
RWS01_MONICA_10D00107400FD0070007,2026-09-08,4,43.0,121
RWS01_MONICA_10D00107400FD0070007,2026-09-08,5,293.0,124
RWS01_MONICA_10D00107400FD0070007,2026-09-08,6,1230.0,114
RWS01_MONICA_10D00107400FD0070007,2026-09-08,7,2079.0,108
RWS01_MONICA_10D00107400FD0070007,2026-09-08,8,1599.0,113
RWS01_MONICA_10D00107400FD0070007,2026-09-08,9,1257.0,111
RWS01_MONICA_10D00107400FD0070007,2026-09-08,10,1111.0,111
RWS01_MONICA_10D00107400FD0070007,2026-09-08,11,1257.0,111
RWS01_MONICA_10D00107400FD0070007,2026-09-08,12,1463.0,110
RWS01_MONICA_10D00107400FD0070007,2026-09-08,13,1533.6,110
RWS01_MONICA_10D00107400FD0070007,2026-09-08,14,1810.0,109
RWS01_MONICA_10D00107400FD0070007,2026-09-08,15,1990.0,53
RWS01_MONICA_10D00107400FD0070007,2026-09-08,16,1588.0,34
RWS01_MONICA_10D00107400FD0070007,2026-09-08,17,1280.3,23
RWS01_MONICA_10D00107400FD0070007,2026-09-08,18,1001.0,44
RWS01_MONICA_10D00107400FD0070007,2026-09-08,19,823.0,116
RWS01_MONICA_10D00107400FD0070007,2026-09-08,20,676.0,116
RWS01_MONICA_10D00107400FD0070007,2026-09-08,21,455.0,113
RWS01_MONICA_10D00107400FD0070007,2026-09-08,22,407.0,125
RWS01_MONICA_10D00107400FD0070007,2026-09-08,23,219.0,126
RWS01_MONICA_10D00107400FD007000B,2026-09-08,0,246.0,104
RWS01_MONICA_10D00107400FD007000B,2026-09-08,1,165.0,101
RWS01_MONICA_10D00107400FD007000B,2026-09-08,2,129.0,101
RWS01_MONICA_10D00107400FD007000B,2026-09-08,3,128.0,102
RWS01_MONICA_10D00107400FD007000B,2026-09-08,4,236.0,99
RWS01_MONICA_10D00107400FD007000B,2026-09-08,5,578.0,98
RWS01_MONICA_10D00107400FD007000B,2026-09-08,6,1336.0,95
RWS01_MONICA_10D00107400FD007000B,2026-09-08,7,1896.0,95
RWS01_MONICA_10D00107400FD007000B,2026-09-08,8,1661.0,96
RWS01_MONICA_10D00107400FD007000B,2026-09-08,9,1529.0,95
RWS01_MONICA_10D00107400FD007000B,2026-09-08,10,1447.0,95
RWS01_MONICA_10D00107400FD007000B,2026-09-08,11,1430.0,95
RWS01_MONICA_10D00107400FD007000B,2026-09-08,12,1598.0,94
RWS01_MONICA_10D00107400FD007000B,2026-09-08,13,1616.9,94
RWS01_MONICA_10D00107400FD007000B,2026-09-08,14,1757.0,93
RWS01_MONICA_10D00107400FD007000B,2026-09-08,15,1767.0,53
RWS01_MONICA_10D00107400FD007000B,2026-09-08,16,1353.0,32
RWS01_MONICA_10D00107400FD007000B,2026-09-08,17,1081.0,19
RWS01_MONICA_10D00107400FD007000B,2026-09-08,18,1094.0,36
RWS01_MONICA_10D00107400FD007000B,2026-09-08,19,1154.0,98
RWS01_MONICA_10D00107400FD007000B,2026-09-08,20,1107.0,94
RWS01_MONICA_10D00107400FD007000B,2026-09-08,21,1012.0,92
RWS01_MONICA_10D00107400FD007000B,2026-09-08,22,817.0,103
RWS01_MONICA_10D00107400FD007000B,2026-09-08,23,629.0,105
RWS01_MONICA_10D00107400FD0070187,2026-09-08,0,0.0,0
RWS01_MONICA_10D00107400FD0070187,2026-09-08,1,0.0,0
RWS01_MONICA_10D00107400FD0070187,2026-09-08,2,0.0,0
RWS01_MONICA_10D00107400FD0070187,2026-09-08,3,0.0,0
RWS01_MONICA_10D00107400FD0070187,2026-09-08,4,0.0,0
RWS01_MONICA_10D00107400FD0070187,2026-09-08,5,0.0,0
RWS01_MONICA_10D00107400FD0070187,2026-09-08,6,301.0,87
RWS01_MONICA_10D00107400FD0070187,2026-09-08,7,1045.0,88
RWS01_MONICA_10D00107400FD0070187,2026-09-08,8,802.0,89
RWS01_MONICA_10D00107400FD0070187,2026-09-08,9,747.0,87
RWS01_MONICA_10D00107400FD0070187,2026-09-08,10,695.0,86
RWS01_MONICA_10D00107400FD0070187,2026-09-08,11,771.0,85
RWS01_MONICA_10D00107400FD0070187,2026-09-08,12,857.0,85
RWS01_MONICA_10D00107400FD0070187,2026-09-08,13,900.0,85
RWS01_MONICA_10D00107400FD0070187,2026-09-08,14,951.0,86
RWS01_MONICA_10D00107400FD0070187,2026-09-08,15,1142.0,53
RWS01_MONICA_10D00107400FD0070187,2026-09-08,16,1132.0,31
RWS01_MONICA_10D00107400FD0070187,2026-09-08,17,959.0,22
RWS01_MONICA_10D00107400FD0070187,2026-09-08,18,660.0,42
RWS01_MONICA_10D00107400FD0070187,2026-09-08,19,486.0,87
RWS01_MONICA_10D00107400FD0070187,2026-09-08,20,0.0,0
RWS01_MONICA_10D00107400FD0070187,2026-09-08,21,0.0,0
RWS01_MONICA_10D00107400FD0070187,2026-09-08,22,0.0,0
RWS01_MONICA_10D00107400FD0070187,2026-09-08,23,0.0,0
RWS01_MONIBAS_0011hrl0434ra,2026-09-15,0,234.0,113
RWS01_MONIBAS_0011hrl0434ra,2026-09-15,1,123.1,109
RWS01_MONIBAS_0011hrl0434ra,2026-09-15,2,121.0,104
RWS01_MONIBAS_0011hrl0434ra,2026-09-15,3,168.0,110
RWS01_MONIBAS_0011hrl0434ra,2026-09-15,4,240.0,109
RWS01_MONIBAS_0011hrl0434ra,2026-09-15,5,1246.0,107
RWS01_MONIBAS_0011hrl0434ra,2026-09-15,6,3523.0,93
RWS01_MONIBAS_0011hrl0434ra,2026-09-15,7,3749.0,92
RWS01_MONIBAS_0011hrl0434ra,2026-09-15,8,1826.0,25
RWS01_MONIBAS_0011hrl0434ra,2026-09-15,9,3242.0,80
RWS01_MONIBAS_0011hrl0434ra,2026-09-15,10,2841.0,95
RWS01_MONIBAS_0011hrl0434ra,2026-09-15,11,2544.0,97
RWS01_MONIBAS_0011hrl0434ra,2026-09-15,12,2676.0,97
RWS01_MONIBAS_0011hrl0434ra,2026-09-15,13,2827.0,88
RWS01_MONIBAS_0011hrl0434ra,2026-09-15,14,2909.0,98
RWS01_MONIBAS_0011hrl0434ra,2026-09-15,15,3869.0,80
RWS01_MONIBAS_0011hrl0434ra,2026-09-15,16,4106.0,76
RWS01_MONIBAS_0011hrl0434ra,2026-09-15,17,3919.0,61
RWS01_MONIBAS_0011hrl0434ra,2026-09-15,18,3358.0,94
RWS01_MONIBAS_0011hrl0434ra,2026-09-15,19,2056.0,108
RWS01_MONIBAS_0011hrl0434ra,2026-09-15,20,1538.0,108
RWS01_MONIBAS_0011hrl0434ra,2026-09-15,21,1474.0,111
RWS01_MONIBAS_0011hrl0434ra,2026-09-15,22,1273.0,110
RWS01_MONIBAS_0011hrl0434ra,2026-09-15,23,703.4,114
RWS01_MONIBAS_0011hrl0460ra,2026-09-15,0,180.0,108
RWS01_MONIBAS_0011hrl0460ra,2026-09-15,1,97.2,102
RWS01_MONIBAS_0011hrl0460ra,2026-09-15,2,84.4,98
RWS01_MONIBAS_0011hrl0460ra,2026-09-15,3,107.0,100
RWS01_MONIBAS_0011hrl0460ra,2026-09-15,4,199.0,101
RWS01_MONIBAS_0011hrl0460ra,2026-09-15,5,1293.0,103
RWS01_MONIBAS_0011hrl0460ra,2026-09-15,6,3393.0,99
RWS01_MONIBAS_0011hrl0460ra,2026-09-15,7,3316.0,94
RWS01_MONIBAS_0011hrl0460ra,2026-09-15,8,2136.0,31
RWS01_MONIBAS_0011hrl0460ra,2026-09-15,9,2812.0,51
RWS01_MONIBAS_0011hrl0460ra,2026-09-15,10,3001.0,95
RWS01_MONIBAS_0011hrl0460ra,2026-09-15,11,2940.0,97
RWS01_MONIBAS_0011hrl0460ra,2026-09-15,12,2878.0,97
RWS01_MONIBAS_0011hrl0460ra,2026-09-15,13,2330.0,98
RWS01_MONIBAS_0011hrl0460ra,2026-09-15,14,1595.0,101
RWS01_MONIBAS_0011hrl0460ra,2026-09-15,15,3153.0,98
RWS01_MONIBAS_0011hrl0460ra,2026-09-15,16,3701.0,99
RWS01_MONIBAS_0011hrl0460ra,2026-09-15,17,3736.0,98
RWS01_MONIBAS_0011hrl0460ra,2026-09-15,18,3062.0,97
RWS01_MONIBAS_0011hrl0460ra,2026-09-15,19,2046.0,106
RWS01_MONIBAS_0011hrl0460ra,2026-09-15,20,1289.0,108
RWS01_MONIBAS_0011hrl0460ra,2026-09-15,21,950.0,112
RWS01_MONIBAS_0011hrl0460ra,2026-09-15,22,819.0,110
RWS01_MONIBAS_0011hrl0460ra,2026-09-15,23,391.0,109
RWS01_MONIBAS_0011hrl0856ra,2026-09-15,0,2100.0,102
RWS01_MONIBAS_0011hrl0856ra,2026-09-15,1,2100.0,102
RWS01_MONIBAS_0011hrl0856ra,2026-09-15,2,2100.0,102
RWS01_MONIBAS_0011hrl0856ra,2026-09-15,3,2100.0,102
RWS01_MONIBAS_0011hrl0856ra,2026-09-15,4,2100.0,102
RWS01_MONIBAS_0011hrl0856ra,2026-09-15,5,2395.0,106
RWS01_MONIBAS_0011hrl0856ra,2026-09-15,6,2400.0,106
RWS01_MONIBAS_0011hrl0856ra,2026-09-15,7,2400.0,106
RWS01_MONIBAS_0011hrl0856ra,2026-09-15,8,2400.0,106
RWS01_MONIBAS_0011hrl0856ra,2026-09-15,9,2400.0,106
RWS01_MONIBAS_0011hrl0856ra,2026-09-15,10,2400.0,106
RWS01_MONIBAS_0011hrl0856ra,2026-09-15,11,2400.0,106
RWS01_MONIBAS_0011hrl0856ra,2026-09-15,12,2400.0,106
RWS01_MONIBAS_0011hrl0856ra,2026-09-15,13,2400.0,106
RWS01_MONIBAS_0011hrl0856ra,2026-09-15,14,2400.0,106
RWS01_MONIBAS_0011hrl0856ra,2026-09-15,15,2400.0,106
RWS01_MONIBAS_0011hrl0856ra,2026-09-15,16,2400.0,106
RWS01_MONIBAS_0011hrl0856ra,2026-09-15,17,2400.0,106
RWS01_MONIBAS_0011hrl0856ra,2026-09-15,18,2400.0,106
RWS01_MONIBAS_0011hrl0856ra,2026-09-15,19,2400.0,106
RWS01_MONIBAS_0011hrl0856ra,2026-09-15,20,2110.0,102
RWS01_MONIBAS_0011hrl0856ra,2026-09-15,21,2100.0,102
RWS01_MONIBAS_0011hrl0856ra,2026-09-15,22,2100.0,102
RWS01_MONIBAS_0011hrl0856ra,2026-09-15,23,2100.0,102
RWS01_MONIBAS_0011hrl0987ra,2026-09-15,0,244.0,101
RWS01_MONIBAS_0011hrl0987ra,2026-09-15,1,176.0,97
RWS01_MONIBAS_0011hrl0987ra,2026-09-15,2,193.0,97
RWS01_MONIBAS_0011hrl0987ra,2026-09-15,3,259.0,99
RWS01_MONIBAS_0011hrl0987ra,2026-09-15,4,575.0,100
RWS01_MONIBAS_0011hrl0987ra,2026-09-15,5,2085.0,105
RWS01_MONIBAS_0011hrl0987ra,2026-09-15,6,4549.8,99
RWS01_MONIBAS_0011hrl0987ra,2026-09-15,7,6089.0,95
RWS01_MONIBAS_0011hrl0987ra,2026-09-15,8,5482.0,94
RWS01_MONIBAS_0011hrl0987ra,2026-09-15,9,3650.0,97
RWS01_MONIBAS_0011hrl0987ra,2026-09-15,10,2987.0,97
RWS01_MONIBAS_0011hrl0987ra,2026-09-15,11,3029.0,97
RWS01_MONIBAS_0011hrl0987ra,2026-09-15,12,3142.0,97
RWS01_MONIBAS_0011hrl0987ra,2026-09-15,13,2991.0,98
RWS01_MONIBAS_0011hrl0987ra,2026-09-15,14,3200.0,98
RWS01_MONIBAS_0011hrl0987ra,2026-09-15,15,3579.0,99
RWS01_MONIBAS_0011hrl0987ra,2026-09-15,16,4136.0,98
RWS01_MONIBAS_0011hrl0987ra,2026-09-15,17,3994.0,101
RWS01_MONIBAS_0011hrl0987ra,2026-09-15,18,2208.0,104
RWS01_MONIBAS_0011hrl0987ra,2026-09-15,19,1640.0,107
RWS01_MONIBAS_0011hrl0987ra,2026-09-15,20,1221.0,105
RWS01_MONIBAS_0011hrl0987ra,2026-09-15,21,1026.0,106
RWS01_MONIBAS_0011hrl0987ra,2026-09-15,22,755.0,105
RWS01_MONIBAS_0011hrl0987ra,2026-09-15,23,393.0,103
RWS01_MONIBAS_0011hrl1076ra,2026-09-15,0,190.0,109
RWS01_MONIBAS_0011hrl1076ra,2026-09-15,1,142.0,100
RWS01_MONIBAS_0011hrl1076ra,2026-09-15,2,164.0,99
RWS01_MONIBAS_0011hrl1076ra,2026-09-15,3,217.0,101
RWS01_MONIBAS_0011hrl1076ra,2026-09-15,4,467.0,101
RWS01_MONIBAS_0011hrl1076ra,2026-09-15,5,1588.0,110
RWS01_MONIBAS_0011hrl1076ra,2026-09-15,6,3355.9,104
RWS01_MONIBAS_0011hrl1076ra,2026-09-15,7,4549.0,101
RWS01_MONIBAS_0011hrl1076ra,2026-09-15,8,4366.0,102
RWS01_MONIBAS_0011hrl1076ra,2026-09-15,9,2754.0,103
RWS01_MONIBAS_0011hrl1076ra,2026-09-15,10,2311.0,102
RWS01_MONIBAS_0011hrl1076ra,2026-09-15,11,2334.0,102
RWS01_MONIBAS_0011hrl1076ra,2026-09-15,12,2379.0,102
RWS01_MONIBAS_0011hrl1076ra,2026-09-15,13,2336.0,104
RWS01_MONIBAS_0011hrl1076ra,2026-09-15,14,2334.0,103
RWS01_MONIBAS_0011hrl1076ra,2026-09-15,15,2658.0,104
RWS01_MONIBAS_0011hrl1076ra,2026-09-15,16,2870.0,104
RWS01_MONIBAS_0011hrl1076ra,2026-09-15,17,2864.0,107
RWS01_MONIBAS_0011hrl1076ra,2026-09-15,18,1797.0,109
RWS01_MONIBAS_0011hrl1076ra,2026-09-15,19,1269.0,117
RWS01_MONIBAS_0011hrl1076ra,2026-09-15,20,912.0,116
RWS01_MONIBAS_0011hrl1076ra,2026-09-15,21,778.0,117
RWS01_MONIBAS_0011hrl1076ra,2026-09-15,22,557.0,118
RWS01_MONIBAS_0011hrl1076ra,2026-09-15,23,304.0,112
RWS01_MONIBAS_0011hrr0851ra_1,2026-09-15,0,217.0,107
RWS01_MONIBAS_0011hrr0851ra_1,2026-09-15,1,171.0,107
RWS01_MONIBAS_0011hrr0851ra_1,2026-09-15,2,120.0,102
RWS01_MONIBAS_0011hrr0851ra_1,2026-09-15,3,131.0,105
RWS01_MONIBAS_0011hrr0851ra_1,2026-09-15,4,228.0,104
RWS01_MONIBAS_0011hrr0851ra_1,2026-09-15,5,523.0,110
RWS01_MONIBAS_0011hrr0851ra_1,2026-09-15,6,1495.9,109
RWS01_MONIBAS_0011hrr0851ra_1,2026-09-15,7,2364.0,107
RWS01_MONIBAS_0011hrr0851ra_1,2026-09-15,8,2276.0,108
RWS01_MONIBAS_0011hrr0851ra_1,2026-09-15,9,2048.0,106
RWS01_MONIBAS_0011hrr0851ra_1,2026-09-15,10,2027.0,106
RWS01_MONIBAS_0011hrr0851ra_1,2026-09-15,11,2136.0,104
RWS01_MONIBAS_0011hrr0851ra_1,2026-09-15,12,2459.0,104
RWS01_MONIBAS_0011hrr0851ra_1,2026-09-15,13,2576.0,105
RWS01_MONIBAS_0011hrr0851ra_1,2026-09-15,14,2914.0,104
RWS01_MONIBAS_0011hrr0851ra_1,2026-09-15,15,3552.0,105
RWS01_MONIBAS_0011hrr0851ra_1,2026-09-15,16,4435.0,105
RWS01_MONIBAS_0011hrr0851ra_1,2026-09-15,17,3854.0,107
RWS01_MONIBAS_0011hrr0851ra_1,2026-09-15,18,2569.0,108
RWS01_MONIBAS_0011hrr0851ra_1,2026-09-15,19,1432.0,115
RWS01_MONIBAS_0011hrr0851ra_1,2026-09-15,20,1076.0,114
RWS01_MONIBAS_0011hrr0851ra_1,2026-09-15,21,477.0,111
RWS01_MONIBAS_0011hrr0851ra_1,2026-09-15,22,424.0,113
RWS01_MONIBAS_0011hrr0851ra_1,2026-09-15,23,273.0,114
RWS01_MONIBAS_0011hrr1044ra,2026-09-15,0,314.0,105
RWS01_MONIBAS_0011hrr1044ra,2026-09-15,1,249.0,101
RWS01_MONIBAS_0011hrr1044ra,2026-09-15,2,190.0,99
RWS01_MONIBAS_0011hrr1044ra,2026-09-15,3,183.0,99
RWS01_MONIBAS_0011hrr1044ra,2026-09-15,4,265.0,102
RWS01_MONIBAS_0011hrr1044ra,2026-09-15,5,606.0,103
RWS01_MONIBAS_0011hrr1044ra,2026-09-15,6,1993.2,104
RWS01_MONIBAS_0011hrr1044ra,2026-09-15,7,3690.0,105
RWS01_MONIBAS_0011hrr1044ra,2026-09-15,8,3758.0,106
RWS01_MONIBAS_0011hrr1044ra,2026-09-15,9,2951.0,103
RWS01_MONIBAS_0011hrr1044ra,2026-09-15,10,2860.0,102
RWS01_MONIBAS_0011hrr1044ra,2026-09-15,11,2721.0,102
RWS01_MONIBAS_0011hrr1044ra,2026-09-15,12,3130.0,102
RWS01_MONIBAS_0011hrr1044ra,2026-09-15,13,3359.0,103
RWS01_MONIBAS_0011hrr1044ra,2026-09-15,14,3736.0,104
RWS01_MONIBAS_0011hrr1044ra,2026-09-15,15,4665.0,105
RWS01_MONIBAS_0011hrr1044ra,2026-09-15,16,5843.0,106
RWS01_MONIBAS_0011hrr1044ra,2026-09-15,17,5590.0,106
RWS01_MONIBAS_0011hrr1044ra,2026-09-15,18,3673.0,108
RWS01_MONIBAS_0011hrr1044ra,2026-09-15,19,2258.0,110
RWS01_MONIBAS_0011hrr1044ra,2026-09-15,20,1577.0,109
RWS01_MONIBAS_0011hrr1044ra,2026-09-15,21,1178.0,109
RWS01_MONIBAS_0011hrr1044ra,2026-09-15,22,1140.0,109
RWS01_MONIBAS_0011hrr1044ra,2026-09-15,23,785.0,111
RWS01_MONIBAS_0011hrr1076ra,2026-09-15,0,258.0,107
RWS01_MONIBAS_0011hrr1076ra,2026-09-15,1,179.0,101
RWS01_MONIBAS_0011hrr1076ra,2026-09-15,2,155.0,97
RWS01_MONIBAS_0011hrr1076ra,2026-09-15,3,153.0,99
RWS01_MONIBAS_0011hrr1076ra,2026-09-15,4,216.0,101
RWS01_MONIBAS_0011hrr1076ra,2026-09-15,5,507.0,103
RWS01_MONIBAS_0011hrr1076ra,2026-09-15,6,1602.7,108
RWS01_MONIBAS_0011hrr1076ra,2026-09-15,7,2825.0,105
RWS01_MONIBAS_0011hrr1076ra,2026-09-15,8,2485.0,107
RWS01_MONIBAS_0011hrr1076ra,2026-09-15,9,2144.0,104
RWS01_MONIBAS_0011hrr1076ra,2026-09-15,10,2197.0,103
RWS01_MONIBAS_0011hrr1076ra,2026-09-15,11,2159.0,102
RWS01_MONIBAS_0011hrr1076ra,2026-09-15,12,2387.0,102
RWS01_MONIBAS_0011hrr1076ra,2026-09-15,13,2527.0,102
RWS01_MONIBAS_0011hrr1076ra,2026-09-15,14,2948.0,102
RWS01_MONIBAS_0011hrr1076ra,2026-09-15,15,3665.0,102
RWS01_MONIBAS_0011hrr1076ra,2026-09-15,16,4678.0,103
RWS01_MONIBAS_0011hrr1076ra,2026-09-15,17,4357.0,105
RWS01_MONIBAS_0011hrr1076ra,2026-09-15,18,2598.0,107
RWS01_MONIBAS_0011hrr1076ra,2026-09-15,19,1727.0,112
RWS01_MONIBAS_0011hrr1076ra,2026-09-15,20,1188.0,115
RWS01_MONIBAS_0011hrr1076ra,2026-09-15,21,888.0,118
RWS01_MONIBAS_0011hrr1076ra,2026-09-15,22,788.0,117
RWS01_MONIBAS_0011hrr1076ra,2026-09-15,23,588.0,120
RWS01_MONICA_00D00106CC55D0070007,2026-09-15,0,12.0,126
RWS01_MONICA_00D00106CC55D0070007,2026-09-15,1,31.0,105
RWS01_MONICA_00D00106CC55D0070007,2026-09-15,2,4.0,133
RWS01_MONICA_00D00106CC55D0070007,2026-09-15,3,11.0,128
RWS01_MONICA_00D00106CC55D0070007,2026-09-15,4,12.0,126
RWS01_MONICA_00D00106CC55D0070007,2026-09-15,5,83.0,125
RWS01_MONICA_00D00106CC55D0070007,2026-09-15,6,517.0,115
RWS01_MONICA_00D00106CC55D0070007,2026-09-15,7,1219.0,91
RWS01_MONICA_00D00106CC55D0070007,2026-09-15,8,873.0,89
RWS01_MONICA_00D00106CC55D0070007,2026-09-15,9,755.0,109
RWS01_MONICA_00D00106CC55D0070007,2026-09-15,10,711.0,108
RWS01_MONICA_00D00106CC55D0070007,2026-09-15,11,630.0,107
RWS01_MONICA_00D00106CC55D0070007,2026-09-15,12,711.0,108
RWS01_MONICA_00D00106CC55D0070007,2026-09-15,13,836.0,108
RWS01_MONICA_00D00106CC55D0070007,2026-09-15,14,934.0,107
RWS01_MONICA_00D00106CC55D0070007,2026-09-15,15,1221.0,61
RWS01_MONICA_00D00106CC55D0070007,2026-09-15,16,1154.0,43
RWS01_MONICA_00D00106CC55D0070007,2026-09-15,17,980.0,34
RWS01_MONICA_00D00106CC55D0070007,2026-09-15,18,690.0,113
RWS01_MONICA_00D00106CC55D0070007,2026-09-15,19,368.0,123
RWS01_MONICA_00D00106CC55D0070007,2026-09-15,20,250.0,123
RWS01_MONICA_00D00106CC55D0070007,2026-09-15,21,151.0,126
RWS01_MONICA_00D00106CC55D0070007,2026-09-15,22,277.0,130
RWS01_MONICA_00D00106CC55D0070007,2026-09-15,23,106.8,128
RWS01_MONICA_00D00106CC55D007000B,2026-09-15,0,161.0,109
RWS01_MONICA_00D00106CC55D007000B,2026-09-15,1,122.4,105
RWS01_MONICA_00D00106CC55D007000B,2026-09-15,2,101.0,110
RWS01_MONICA_00D00106CC55D007000B,2026-09-15,3,93.0,106
RWS01_MONICA_00D00106CC55D007000B,2026-09-15,4,143.0,109
RWS01_MONICA_00D00106CC55D007000B,2026-09-15,5,316.0,106
RWS01_MONICA_00D00106CC55D007000B,2026-09-15,6,886.0,101
RWS01_MONICA_00D00106CC55D007000B,2026-09-15,7,1289.0,88
RWS01_MONICA_00D00106CC55D007000B,2026-09-15,8,1039.0,80
RWS01_MONICA_00D00106CC55D007000B,2026-09-15,9,1106.0,97
RWS01_MONICA_00D00106CC55D007000B,2026-09-15,10,1152.0,96
RWS01_MONICA_00D00106CC55D007000B,2026-09-15,11,1123.0,96
RWS01_MONICA_00D00106CC55D007000B,2026-09-15,12,1163.0,96
RWS01_MONICA_00D00106CC55D007000B,2026-09-15,13,1214.0,95
RWS01_MONICA_00D00106CC55D007000B,2026-09-15,14,1208.0,96
RWS01_MONICA_00D00106CC55D007000B,2026-09-15,15,1256.0,54
RWS01_MONICA_00D00106CC55D007000B,2026-09-15,16,1121.0,46
RWS01_MONICA_00D00106CC55D007000B,2026-09-15,17,947.0,34
RWS01_MONICA_00D00106CC55D007000B,2026-09-15,18,1044.0,100
RWS01_MONICA_00D00106CC55D007000B,2026-09-15,19,832.0,108
RWS01_MONICA_00D00106CC55D007000B,2026-09-15,20,615.0,108
RWS01_MONICA_00D00106CC55D007000B,2026-09-15,21,522.0,111
RWS01_MONICA_00D00106CC55D007000B,2026-09-15,22,650.0,115
RWS01_MONICA_00D00106CC55D007000B,2026-09-15,23,420.0,114
RWS01_MONICA_00D00106CC55D0070087,2026-09-15,0,96.0,107
RWS01_MONICA_00D00106CC55D0070087,2026-09-15,1,49.0,104
RWS01_MONICA_00D00106CC55D0070087,2026-09-15,2,41.0,102
RWS01_MONICA_00D00106CC55D0070087,2026-09-15,3,45.0,104
RWS01_MONICA_00D00106CC55D0070087,2026-09-15,4,41.0,107
RWS01_MONICA_00D00106CC55D0070087,2026-09-15,5,130.0,108
RWS01_MONICA_00D00106CC55D0070087,2026-09-15,6,499.0,103
RWS01_MONICA_00D00106CC55D0070087,2026-09-15,7,1141.0,96
RWS01_MONICA_00D00106CC55D0070087,2026-09-15,8,1212.0,91
RWS01_MONICA_00D00106CC55D0070087,2026-09-15,9,679.0,100
RWS01_MONICA_00D00106CC55D0070087,2026-09-15,10,570.0,99
RWS01_MONICA_00D00106CC55D0070087,2026-09-15,11,616.0,97
RWS01_MONICA_00D00106CC55D0070087,2026-09-15,12,656.0,97
RWS01_MONICA_00D00106CC55D0070087,2026-09-15,13,715.0,98
RWS01_MONICA_00D00106CC55D0070087,2026-09-15,14,813.0,96
RWS01_MONICA_00D00106CC55D0070087,2026-09-15,15,1125.0,92
RWS01_MONICA_00D00106CC55D0070087,2026-09-15,16,1445.0,85
RWS01_MONICA_00D00106CC55D0070087,2026-09-15,17,1222.0,87
RWS01_MONICA_00D00106CC55D0070087,2026-09-15,18,716.0,103
RWS01_MONICA_00D00106CC55D0070087,2026-09-15,19,499.0,109
RWS01_MONICA_00D00106CC55D0070087,2026-09-15,20,353.0,106
RWS01_MONICA_00D00106CC55D0070087,2026-09-15,21,277.0,110
RWS01_MONICA_00D00106CC55D0070087,2026-09-15,22,490.0,111
RWS01_MONICA_00D00106CC55D0070087,2026-09-15,23,345.8,109
RWS01_MONICA_00D00106CC55D007008B,2026-09-15,0,121.0,106
RWS01_MONICA_00D00106CC55D007008B,2026-09-15,1,49.0,99
RWS01_MONICA_00D00106CC55D007008B,2026-09-15,2,35.0,103
RWS01_MONICA_00D00106CC55D007008B,2026-09-15,3,44.0,97
RWS01_MONICA_00D00106CC55D007008B,2026-09-15,4,69.0,99
RWS01_MONICA_00D00106CC55D007008B,2026-09-15,5,180.0,104
RWS01_MONICA_00D00106CC55D007008B,2026-09-15,6,746.0,100
RWS01_MONICA_00D00106CC55D007008B,2026-09-15,7,1569.0,92
RWS01_MONICA_00D00106CC55D007008B,2026-09-15,8,1634.0,83
RWS01_MONICA_00D00106CC55D007008B,2026-09-15,9,1141.0,95
RWS01_MONICA_00D00106CC55D007008B,2026-09-15,10,833.0,96
RWS01_MONICA_00D00106CC55D007008B,2026-09-15,11,822.0,96
RWS01_MONICA_00D00106CC55D007008B,2026-09-15,12,925.0,94
RWS01_MONICA_00D00106CC55D007008B,2026-09-15,13,957.0,95
RWS01_MONICA_00D00106CC55D007008B,2026-09-15,14,963.0,95
RWS01_MONICA_00D00106CC55D007008B,2026-09-15,15,1180.0,91
RWS01_MONICA_00D00106CC55D007008B,2026-09-15,16,1394.0,88
RWS01_MONICA_00D00106CC55D007008B,2026-09-15,17,1434.0,88
RWS01_MONICA_00D00106CC55D007008B,2026-09-15,18,1011.0,100
RWS01_MONICA_00D00106CC55D007008B,2026-09-15,19,703.0,104
RWS01_MONICA_00D00106CC55D007008B,2026-09-15,20,475.0,104
RWS01_MONICA_00D00106CC55D007008B,2026-09-15,21,425.0,105
RWS01_MONICA_00D00106CC55D007008B,2026-09-15,22,414.0,106
RWS01_MONICA_00D00106CC55D007008B,2026-09-15,23,214.6,106
RWS01_MONICA_00D0010D840AD0070007,2026-09-15,0,2.0,140
RWS01_MONICA_00D0010D840AD0070007,2026-09-15,1,1.0,99
RWS01_MONICA_00D0010D840AD0070007,2026-09-15,2,1.0,150
RWS01_MONICA_00D0010D840AD0070007,2026-09-15,3,0.0,0
RWS01_MONICA_00D0010D840AD0070007,2026-09-15,4,1.0,134
RWS01_MONICA_00D0010D840AD0070007,2026-09-15,5,5.0,129
RWS01_MONICA_00D0010D840AD0070007,2026-09-15,6,88.5,129
RWS01_MONICA_00D0010D840AD0070007,2026-09-15,7,212.0,123
RWS01_MONICA_00D0010D840AD0070007,2026-09-15,8,200.0,122
RWS01_MONICA_00D0010D840AD0070007,2026-09-15,9,160.0,122
RWS01_MONICA_00D0010D840AD0070007,2026-09-15,10,141.0,122
RWS01_MONICA_00D0010D840AD0070007,2026-09-15,11,174.0,118
RWS01_MONICA_00D0010D840AD0070007,2026-09-15,12,228.0,118
RWS01_MONICA_00D0010D840AD0070007,2026-09-15,13,273.0,120
RWS01_MONICA_00D0010D840AD0070007,2026-09-15,14,396.0,120
RWS01_MONICA_00D0010D840AD0070007,2026-09-15,15,560.0,120
RWS01_MONICA_00D0010D840AD0070007,2026-09-15,16,862.0,118
RWS01_MONICA_00D0010D840AD0070007,2026-09-15,17,612.0,121
RWS01_MONICA_00D0010D840AD0070007,2026-09-15,18,325.0,124
RWS01_MONICA_00D0010D840AD0070007,2026-09-15,19,130.0,131
RWS01_MONICA_00D0010D840AD0070007,2026-09-15,20,51.0,133
RWS01_MONICA_00D0010D840AD0070007,2026-09-15,21,5.0,140
RWS01_MONICA_00D0010D840AD0070007,2026-09-15,22,8.0,135
RWS01_MONICA_00D0010D840AD0070007,2026-09-15,23,1.0,169
RWS01_MONICA_00D0010D840AD007000B,2026-09-15,0,40.0,122
RWS01_MONICA_00D0010D840AD007000B,2026-09-15,1,37.0,121
RWS01_MONICA_00D0010D840AD007000B,2026-09-15,2,17.0,118
RWS01_MONICA_00D0010D840AD007000B,2026-09-15,3,16.0,130
RWS01_MONICA_00D0010D840AD007000B,2026-09-15,4,29.0,125
RWS01_MONICA_00D0010D840AD007000B,2026-09-15,5,75.0,119
RWS01_MONICA_00D0010D840AD007000B,2026-09-15,6,391.5,113
RWS01_MONICA_00D0010D840AD007000B,2026-09-15,7,703.0,110
RWS01_MONICA_00D0010D840AD007000B,2026-09-15,8,673.0,110
RWS01_MONICA_00D0010D840AD007000B,2026-09-15,9,635.0,109
RWS01_MONICA_00D0010D840AD007000B,2026-09-15,10,623.0,107
RWS01_MONICA_00D0010D840AD007000B,2026-09-15,11,654.0,106
RWS01_MONICA_00D0010D840AD007000B,2026-09-15,12,757.0,107
RWS01_MONICA_00D0010D840AD007000B,2026-09-15,13,790.0,107
RWS01_MONICA_00D0010D840AD007000B,2026-09-15,14,908.0,106
RWS01_MONICA_00D0010D840AD007000B,2026-09-15,15,1090.0,107
RWS01_MONICA_00D0010D840AD007000B,2026-09-15,16,1285.0,107
RWS01_MONICA_00D0010D840AD007000B,2026-09-15,17,1177.0,108
RWS01_MONICA_00D0010D840AD007000B,2026-09-15,18,859.0,110
RWS01_MONICA_00D0010D840AD007000B,2026-09-15,19,479.0,118
RWS01_MONICA_00D0010D840AD007000B,2026-09-15,20,348.0,119
RWS01_MONICA_00D0010D840AD007000B,2026-09-15,21,87.0,117
RWS01_MONICA_00D0010D840AD007000B,2026-09-15,22,88.0,122
RWS01_MONICA_00D0010D840AD007000B,2026-09-15,23,39.0,129
RWS01_MONICA_00D0010D840AD007000F,2026-09-15,0,117.0,106
RWS01_MONICA_00D0010D840AD007000F,2026-09-15,1,92.0,104
RWS01_MONICA_00D0010D840AD007000F,2026-09-15,2,59.0,98
RWS01_MONICA_00D0010D840AD007000F,2026-09-15,3,72.0,102
RWS01_MONICA_00D0010D840AD007000F,2026-09-15,4,100.0,104
RWS01_MONICA_00D0010D840AD007000F,2026-09-15,5,194.0,99
RWS01_MONICA_00D0010D840AD007000F,2026-09-15,6,455.6,98
RWS01_MONICA_00D0010D840AD007000F,2026-09-15,7,709.0,99
RWS01_MONICA_00D0010D840AD007000F,2026-09-15,8,662.0,101
RWS01_MONICA_00D0010D840AD007000F,2026-09-15,9,641.0,98
RWS01_MONICA_00D0010D840AD007000F,2026-09-15,10,636.0,96
RWS01_MONICA_00D0010D840AD007000F,2026-09-15,11,674.0,96
RWS01_MONICA_00D0010D840AD007000F,2026-09-15,12,702.0,97
RWS01_MONICA_00D0010D840AD007000F,2026-09-15,13,723.0,96
RWS01_MONICA_00D0010D840AD007000F,2026-09-15,14,732.0,96
RWS01_MONICA_00D0010D840AD007000F,2026-09-15,15,755.0,97
RWS01_MONICA_00D0010D840AD007000F,2026-09-15,16,884.0,99
RWS01_MONICA_00D0010D840AD007000F,2026-09-15,17,847.0,100
RWS01_MONICA_00D0010D840AD007000F,2026-09-15,18,705.0,100
RWS01_MONICA_00D0010D840AD007000F,2026-09-15,19,496.0,103
RWS01_MONICA_00D0010D840AD007000F,2026-09-15,20,369.0,106
RWS01_MONICA_00D0010D840AD007000F,2026-09-15,21,195.0,109
RWS01_MONICA_00D0010D840AD007000F,2026-09-15,22,185.0,112
RWS01_MONICA_00D0010D840AD007000F,2026-09-15,23,133.0,116
RWS01_MONICA_00D0010D840AD0070087,2026-09-15,0,43.0,102
RWS01_MONICA_00D0010D840AD0070087,2026-09-15,1,25.0,97
RWS01_MONICA_00D0010D840AD0070087,2026-09-15,2,17.0,106
RWS01_MONICA_00D0010D840AD0070087,2026-09-15,3,20.0,99
RWS01_MONICA_00D0010D840AD0070087,2026-09-15,4,56.0,98
RWS01_MONICA_00D0010D840AD0070087,2026-09-15,5,176.0,105
RWS01_MONICA_00D0010D840AD0070087,2026-09-15,6,404.7,100
RWS01_MONICA_00D0010D840AD0070087,2026-09-15,7,630.0,100
RWS01_MONICA_00D0010D840AD0070087,2026-09-15,8,624.0,99
RWS01_MONICA_00D0010D840AD0070087,2026-09-15,9,472.0,99
RWS01_MONICA_00D0010D840AD0070087,2026-09-15,10,427.0,98
RWS01_MONICA_00D0010D840AD0070087,2026-09-15,11,460.0,96
RWS01_MONICA_00D0010D840AD0070087,2026-09-15,12,587.0,98
RWS01_MONICA_00D0010D840AD0070087,2026-09-15,13,573.0,98
RWS01_MONICA_00D0010D840AD0070087,2026-09-15,14,640.0,97
RWS01_MONICA_00D0010D840AD0070087,2026-09-15,15,846.0,98
RWS01_MONICA_00D0010D840AD0070087,2026-09-15,16,1207.0,98
RWS01_MONICA_00D0010D840AD0070087,2026-09-15,17,981.0,100
RWS01_MONICA_00D0010D840AD0070087,2026-09-15,18,522.0,101
RWS01_MONICA_00D0010D840AD0070087,2026-09-15,19,261.0,108
RWS01_MONICA_00D0010D840AD0070087,2026-09-15,20,171.0,106
RWS01_MONICA_00D0010D840AD0070087,2026-09-15,21,99.0,108
RWS01_MONICA_00D0010D840AD0070087,2026-09-15,22,67.0,105
RWS01_MONICA_00D0010D840AD0070087,2026-09-15,23,71.0,108
RWS01_MONICA_00D0010D840AD007008B,2026-09-15,0,24.0,91
RWS01_MONICA_00D0010D840AD007008B,2026-09-15,1,18.0,98
RWS01_MONICA_00D0010D840AD007008B,2026-09-15,2,25.0,94
RWS01_MONICA_00D0010D840AD007008B,2026-09-15,3,22.0,104
RWS01_MONICA_00D0010D840AD007008B,2026-09-15,4,35.0,94
RWS01_MONICA_00D0010D840AD007008B,2026-09-15,5,62.0,100
RWS01_MONICA_00D0010D840AD007008B,2026-09-15,6,136.3,100
RWS01_MONICA_00D0010D840AD007008B,2026-09-15,7,121.0,97
RWS01_MONICA_00D0010D840AD007008B,2026-09-15,8,133.0,100
RWS01_MONICA_00D0010D840AD007008B,2026-09-15,9,153.0,94
RWS01_MONICA_00D0010D840AD007008B,2026-09-15,10,193.0,95
RWS01_MONICA_00D0010D840AD007008B,2026-09-15,11,161.0,95
RWS01_MONICA_00D0010D840AD007008B,2026-09-15,12,211.0,97
RWS01_MONICA_00D0010D840AD007008B,2026-09-15,13,204.0,96
RWS01_MONICA_00D0010D840AD007008B,2026-09-15,14,248.0,99
RWS01_MONICA_00D0010D840AD007008B,2026-09-15,15,237.0,98
RWS01_MONICA_00D0010D840AD007008B,2026-09-15,16,232.0,98
RWS01_MONICA_00D0010D840AD007008B,2026-09-15,17,219.0,102
RWS01_MONICA_00D0010D840AD007008B,2026-09-15,18,153.0,100
RWS01_MONICA_00D0010D840AD007008B,2026-09-15,19,81.0,102
RWS01_MONICA_00D0010D840AD007008B,2026-09-15,20,138.0,94
RWS01_MONICA_00D0010D840AD007008B,2026-09-15,21,100.0,99
RWS01_MONICA_00D0010D840AD007008B,2026-09-15,22,62.0,96
RWS01_MONICA_00D0010D840AD007008B,2026-09-15,23,32.0,109
RWS01_MONICA_10D00107400FD0070007,2026-09-15,0,54.0,127
RWS01_MONICA_10D00107400FD0070007,2026-09-15,1,31.0,126
RWS01_MONICA_10D00107400FD0070007,2026-09-15,2,21.0,130
RWS01_MONICA_10D00107400FD0070007,2026-09-15,3,15.0,128
RWS01_MONICA_10D00107400FD0070007,2026-09-15,4,49.0,127
RWS01_MONICA_10D00107400FD0070007,2026-09-15,5,290.8,124
RWS01_MONICA_10D00107400FD0070007,2026-09-15,6,1113.6,115
RWS01_MONICA_10D00107400FD0070007,2026-09-15,7,1802.0,77
RWS01_MONICA_10D00107400FD0070007,2026-09-15,8,1341.0,44
RWS01_MONICA_10D00107400FD0070007,2026-09-15,9,1151.0,112
RWS01_MONICA_10D00107400FD0070007,2026-09-15,10,1148.0,112
RWS01_MONICA_10D00107400FD0070007,2026-09-15,11,1126.0,111
RWS01_MONICA_10D00107400FD0070007,2026-09-15,12,1237.0,111
RWS01_MONICA_10D00107400FD0070007,2026-09-15,13,1524.0,110
RWS01_MONICA_10D00107400FD0070007,2026-09-15,14,1722.7,110
RWS01_MONICA_10D00107400FD0070007,2026-09-15,15,2052.0,74
RWS01_MONICA_10D00107400FD0070007,2026-09-15,16,1914.0,40
RWS01_MONICA_10D00107400FD0070007,2026-09-15,17,1738.0,35
RWS01_MONICA_10D00107400FD0070007,2026-09-15,18,1253.0,70
RWS01_MONICA_10D00107400FD0070007,2026-09-15,19,756.0,123
RWS01_MONICA_10D00107400FD0070007,2026-09-15,20,505.0,123
RWS01_MONICA_10D00107400FD0070007,2026-09-15,21,419.0,126
RWS01_MONICA_10D00107400FD0070007,2026-09-15,22,505.0,133
RWS01_MONICA_10D00107400FD0070007,2026-09-15,23,234.0,130
RWS01_MONICA_10D00107400FD007000B,2026-09-15,0,278.0,105
RWS01_MONICA_10D00107400FD007000B,2026-09-15,1,210.0,103
RWS01_MONICA_10D00107400FD007000B,2026-09-15,2,154.0,101
RWS01_MONICA_10D00107400FD007000B,2026-09-15,3,164.0,101
RWS01_MONICA_10D00107400FD007000B,2026-09-15,4,245.0,100
RWS01_MONICA_10D00107400FD007000B,2026-09-15,5,517.6,100
RWS01_MONICA_10D00107400FD007000B,2026-09-15,6,1196.9,97
RWS01_MONICA_10D00107400FD007000B,2026-09-15,7,1653.0,70
RWS01_MONICA_10D00107400FD007000B,2026-09-15,8,1348.0,43
RWS01_MONICA_10D00107400FD007000B,2026-09-15,9,1418.0,97
RWS01_MONICA_10D00107400FD007000B,2026-09-15,10,1453.0,95
RWS01_MONICA_10D00107400FD007000B,2026-09-15,11,1445.0,95
RWS01_MONICA_10D00107400FD007000B,2026-09-15,12,1499.0,96
RWS01_MONICA_10D00107400FD007000B,2026-09-15,13,1549.0,95
RWS01_MONICA_10D00107400FD007000B,2026-09-15,14,1624.1,95
RWS01_MONICA_10D00107400FD007000B,2026-09-15,15,1739.0,72
RWS01_MONICA_10D00107400FD007000B,2026-09-15,16,1564.0,42
RWS01_MONICA_10D00107400FD007000B,2026-09-15,17,1478.0,32
RWS01_MONICA_10D00107400FD007000B,2026-09-15,18,1336.0,62
RWS01_MONICA_10D00107400FD007000B,2026-09-15,19,1089.0,105
RWS01_MONICA_10D00107400FD007000B,2026-09-15,20,889.0,105
RWS01_MONICA_10D00107400FD007000B,2026-09-15,21,759.0,106
RWS01_MONICA_10D00107400FD007000B,2026-09-15,22,845.0,109
RWS01_MONICA_10D00107400FD007000B,2026-09-15,23,573.0,109
RWS01_MONICA_10D00107400FD0070187,2026-09-15,0,0.0,0
RWS01_MONICA_10D00107400FD0070187,2026-09-15,1,0.0,0
RWS01_MONICA_10D00107400FD0070187,2026-09-15,2,0.0,0
RWS01_MONICA_10D00107400FD0070187,2026-09-15,3,0.0,0
RWS01_MONICA_10D00107400FD0070187,2026-09-15,4,0.0,0
RWS01_MONICA_10D00107400FD0070187,2026-09-15,5,0.0,0
RWS01_MONICA_10D00107400FD0070187,2026-09-15,6,362.0,89
RWS01_MONICA_10D00107400FD0070187,2026-09-15,7,1027.0,67
RWS01_MONICA_10D00107400FD0070187,2026-09-15,8,915.0,45
RWS01_MONICA_10D00107400FD0070187,2026-09-15,9,691.0,88
RWS01_MONICA_10D00107400FD0070187,2026-09-15,10,759.0,87
RWS01_MONICA_10D00107400FD0070187,2026-09-15,11,737.0,86
RWS01_MONICA_10D00107400FD0070187,2026-09-15,12,773.0,86
RWS01_MONICA_10D00107400FD0070187,2026-09-15,13,872.0,86
RWS01_MONICA_10D00107400FD0070187,2026-09-15,14,909.2,86
RWS01_MONICA_10D00107400FD0070187,2026-09-15,15,1147.0,68
RWS01_MONICA_10D00107400FD0070187,2026-09-15,16,1250.0,35
RWS01_MONICA_10D00107400FD0070187,2026-09-15,17,1247.0,35
RWS01_MONICA_10D00107400FD0070187,2026-09-15,18,770.0,52
RWS01_MONICA_10D00107400FD0070187,2026-09-15,19,486.0,93
RWS01_MONICA_10D00107400FD0070187,2026-09-15,20,328.0,94
RWS01_MONICA_10D00107400FD0070187,2026-09-15,21,287.0,96
RWS01_MONICA_10D00107400FD0070187,2026-09-15,22,7.0,103
RWS01_MONICA_10D00107400FD0070187,2026-09-15,23,0.0,0
RWS01_MONIBAS_0011hrl0434ra,2026-09-22,0,269.0,107
RWS01_MONIBAS_0011hrl0434ra,2026-09-22,1,190.7,107
RWS01_MONIBAS_0011hrl0434ra,2026-09-22,2,202.2,105
RWS01_MONIBAS_0011hrl0434ra,2026-09-22,3,168.9,104
RWS01_MONIBAS_0011hrl0434ra,2026-09-22,4,315.6,108
RWS01_MONIBAS_0011hrl0434ra,2026-09-22,5,1362.9,105
RWS01_MONIBAS_0011hrl0434ra,2026-09-22,6,3710.0,91
RWS01_MONIBAS_0011hrl0434ra,2026-09-22,7,3976.6,68
RWS01_MONIBAS_0011hrl0434ra,2026-09-22,8,3934.0,63
RWS01_MONIBAS_0011hrl0434ra,2026-09-22,9,3445.4,92
RWS01_MONIBAS_0011hrl0434ra,2026-09-22,10,3022.2,95
RWS01_MONIBAS_0011hrl0434ra,2026-09-22,11,2872.0,95
RWS01_MONIBAS_0011hrl0434ra,2026-09-22,12,3300.0,94
RWS01_MONIBAS_0011hrl0434ra,2026-09-22,13,3440.0,94
RWS01_MONIBAS_0011hrl0434ra,2026-09-22,14,3398.0,94
RWS01_MONIBAS_0011hrl0434ra,2026-09-22,15,3791.1,91
RWS01_MONIBAS_0011hrl0434ra,2026-09-22,16,4039.3,63
RWS01_MONIBAS_0011hrl0434ra,2026-09-22,17,4020.0,58
RWS01_MONIBAS_0011hrl0434ra,2026-09-22,18,3385.4,90
RWS01_MONIBAS_0011hrl0434ra,2026-09-22,19,2063.1,108
RWS01_MONIBAS_0011hrl0434ra,2026-09-22,20,1644.0,109
RWS01_MONIBAS_0011hrl0434ra,2026-09-22,21,1422.2,111
RWS01_MONIBAS_0011hrl0434ra,2026-09-22,22,1154.5,112
RWS01_MONIBAS_0011hrl0434ra,2026-09-22,23,579.3,113
RWS01_MONIBAS_0011hrl0460ra,2026-09-22,0,245.6,104
RWS01_MONIBAS_0011hrl0460ra,2026-09-22,1,180.0,102
RWS01_MONIBAS_0011hrl0460ra,2026-09-22,2,206.7,100
RWS01_MONIBAS_0011hrl0460ra,2026-09-22,3,182.2,95
RWS01_MONIBAS_0011hrl0460ra,2026-09-22,4,324.4,101
RWS01_MONIBAS_0011hrl0460ra,2026-09-22,5,1406.9,104
RWS01_MONIBAS_0011hrl0460ra,2026-09-22,6,3348.9,98
RWS01_MONIBAS_0011hrl0460ra,2026-09-22,7,3449.0,98
RWS01_MONIBAS_0011hrl0460ra,2026-09-22,8,3524.5,81
RWS01_MONIBAS_0011hrl0460ra,2026-09-22,9,3220.7,87
RWS01_MONIBAS_0011hrl0460ra,2026-09-22,10,3051.1,96
RWS01_MONIBAS_0011hrl0460ra,2026-09-22,11,2832.7,96
RWS01_MONIBAS_0011hrl0460ra,2026-09-22,12,3372.4,96
RWS01_MONIBAS_0011hrl0460ra,2026-09-22,13,3482.1,97
RWS01_MONIBAS_0011hrl0460ra,2026-09-22,14,3180.0,97
RWS01_MONIBAS_0011hrl0460ra,2026-09-22,15,3432.4,98
RWS01_MONIBAS_0011hrl0460ra,2026-09-22,16,3617.4,99
RWS01_MONIBAS_0011hrl0460ra,2026-09-22,17,3589.1,100
RWS01_MONIBAS_0011hrl0460ra,2026-09-22,18,3160.0,101
RWS01_MONIBAS_0011hrl0460ra,2026-09-22,19,2010.0,108
RWS01_MONIBAS_0011hrl0460ra,2026-09-22,20,1479.4,109
RWS01_MONIBAS_0011hrl0460ra,2026-09-22,21,1227.9,111
RWS01_MONIBAS_0011hrl0460ra,2026-09-22,22,1118.0,109
RWS01_MONIBAS_0011hrl0460ra,2026-09-22,23,579.3,107
RWS01_MONIBAS_0011hrl0856ra,2026-09-22,0,2400.0,106
RWS01_MONIBAS_0011hrl0856ra,2026-09-22,1,2400.0,106
RWS01_MONIBAS_0011hrl0856ra,2026-09-22,2,2400.0,106
RWS01_MONIBAS_0011hrl0856ra,2026-09-22,3,2400.0,106
RWS01_MONIBAS_0011hrl0856ra,2026-09-22,4,2400.0,106
RWS01_MONIBAS_0011hrl0856ra,2026-09-22,5,2400.0,106
RWS01_MONIBAS_0011hrl0856ra,2026-09-22,6,2400.0,106
RWS01_MONIBAS_0011hrl0856ra,2026-09-22,7,2400.0,106
RWS01_MONIBAS_0011hrl0856ra,2026-09-22,8,2400.0,106
RWS01_MONIBAS_0011hrl0856ra,2026-09-22,9,2400.0,106
RWS01_MONIBAS_0011hrl0856ra,2026-09-22,10,2400.0,106
RWS01_MONIBAS_0011hrl0856ra,2026-09-22,11,2400.0,106
RWS01_MONIBAS_0011hrl0856ra,2026-09-22,12,2400.0,106
RWS01_MONIBAS_0011hrl0856ra,2026-09-22,13,2400.0,106
RWS01_MONIBAS_0011hrl0856ra,2026-09-22,14,2400.0,106
RWS01_MONIBAS_0011hrl0856ra,2026-09-22,15,2400.0,106
RWS01_MONIBAS_0011hrl0856ra,2026-09-22,16,2400.0,106
RWS01_MONIBAS_0011hrl0856ra,2026-09-22,17,2400.0,106
RWS01_MONIBAS_0011hrl0856ra,2026-09-22,18,2400.0,106
RWS01_MONIBAS_0011hrl0856ra,2026-09-22,19,2400.0,106
RWS01_MONIBAS_0011hrl0856ra,2026-09-22,20,2400.0,106
RWS01_MONIBAS_0011hrl0856ra,2026-09-22,21,2400.0,106
RWS01_MONIBAS_0011hrl0856ra,2026-09-22,22,2400.0,106
RWS01_MONIBAS_0011hrl0856ra,2026-09-22,23,2400.0,106
RWS01_MONIBAS_0011hrl0987ra,2026-09-22,0,245.0,102
RWS01_MONIBAS_0011hrl0987ra,2026-09-22,1,175.0,101
RWS01_MONIBAS_0011hrl0987ra,2026-09-22,2,186.0,97
RWS01_MONIBAS_0011hrl0987ra,2026-09-22,3,252.0,96
RWS01_MONIBAS_0011hrl0987ra,2026-09-22,4,542.0,99
RWS01_MONIBAS_0011hrl0987ra,2026-09-22,5,2131.0,103
RWS01_MONIBAS_0011hrl0987ra,2026-09-22,6,4573.0,99
RWS01_MONIBAS_0011hrl0987ra,2026-09-22,7,6008.0,96
RWS01_MONIBAS_0011hrl0987ra,2026-09-22,8,5296.0,97
RWS01_MONIBAS_0011hrl0987ra,2026-09-22,9,3485.0,98
RWS01_MONIBAS_0011hrl0987ra,2026-09-22,10,2900.0,98
RWS01_MONIBAS_0011hrl0987ra,2026-09-22,11,2853.0,99
RWS01_MONIBAS_0011hrl0987ra,2026-09-22,12,3080.0,98
RWS01_MONIBAS_0011hrl0987ra,2026-09-22,13,3006.1,99
RWS01_MONIBAS_0011hrl0987ra,2026-09-22,14,3201.0,98
RWS01_MONIBAS_0011hrl0987ra,2026-09-22,15,3574.0,99
RWS01_MONIBAS_0011hrl0987ra,2026-09-22,16,4125.0,99
RWS01_MONIBAS_0011hrl0987ra,2026-09-22,17,3972.0,101
RWS01_MONIBAS_0011hrl0987ra,2026-09-22,18,2171.0,104
RWS01_MONIBAS_0011hrl0987ra,2026-09-22,19,1529.0,107
RWS01_MONIBAS_0011hrl0987ra,2026-09-22,20,1135.0,106
RWS01_MONIBAS_0011hrl0987ra,2026-09-22,21,1084.0,107
RWS01_MONIBAS_0011hrl0987ra,2026-09-22,22,786.0,106
RWS01_MONIBAS_0011hrl0987ra,2026-09-22,23,419.0,103
RWS01_MONIBAS_0011hrl1076ra,2026-09-22,0,184.0,107
RWS01_MONIBAS_0011hrl1076ra,2026-09-22,1,148.0,104
RWS01_MONIBAS_0011hrl1076ra,2026-09-22,2,148.0,98
RWS01_MONIBAS_0011hrl1076ra,2026-09-22,3,226.0,100
RWS01_MONIBAS_0011hrl1076ra,2026-09-22,4,424.0,102
RWS01_MONIBAS_0011hrl1076ra,2026-09-22,5,1657.0,108
RWS01_MONIBAS_0011hrl1076ra,2026-09-22,6,3363.0,104
RWS01_MONIBAS_0011hrl1076ra,2026-09-22,7,4550.0,102
RWS01_MONIBAS_0011hrl1076ra,2026-09-22,8,4368.0,102
RWS01_MONIBAS_0011hrl1076ra,2026-09-22,9,2676.0,103
RWS01_MONIBAS_0011hrl1076ra,2026-09-22,10,2181.0,102
RWS01_MONIBAS_0011hrl1076ra,2026-09-22,11,2152.0,103
RWS01_MONIBAS_0011hrl1076ra,2026-09-22,12,2330.0,103
RWS01_MONIBAS_0011hrl1076ra,2026-09-22,13,2292.2,103
RWS01_MONIBAS_0011hrl1076ra,2026-09-22,14,2284.0,102
RWS01_MONIBAS_0011hrl1076ra,2026-09-22,15,2600.0,103
RWS01_MONIBAS_0011hrl1076ra,2026-09-22,16,2790.0,105
RWS01_MONIBAS_0011hrl1076ra,2026-09-22,17,2896.0,106
RWS01_MONIBAS_0011hrl1076ra,2026-09-22,18,1687.0,109
RWS01_MONIBAS_0011hrl1076ra,2026-09-22,19,1119.0,118
RWS01_MONIBAS_0011hrl1076ra,2026-09-22,20,871.0,118
RWS01_MONIBAS_0011hrl1076ra,2026-09-22,21,797.0,119
RWS01_MONIBAS_0011hrl1076ra,2026-09-22,22,594.0,117
RWS01_MONIBAS_0011hrl1076ra,2026-09-22,23,341.0,110
RWS01_MONIBAS_0011hrr0851ra_1,2026-09-22,0,277.0,108
RWS01_MONIBAS_0011hrr0851ra_1,2026-09-22,1,158.0,102
RWS01_MONIBAS_0011hrr0851ra_1,2026-09-22,2,137.0,104
RWS01_MONIBAS_0011hrr0851ra_1,2026-09-22,3,142.0,106
RWS01_MONIBAS_0011hrr0851ra_1,2026-09-22,4,218.0,106
RWS01_MONIBAS_0011hrr0851ra_1,2026-09-22,5,460.0,108
RWS01_MONIBAS_0011hrr0851ra_1,2026-09-22,6,1450.0,108
RWS01_MONIBAS_0011hrr0851ra_1,2026-09-22,7,2366.0,107
RWS01_MONIBAS_0011hrr0851ra_1,2026-09-22,8,2464.0,107
RWS01_MONIBAS_0011hrr0851ra_1,2026-09-22,9,1984.0,105
RWS01_MONIBAS_0011hrr0851ra_1,2026-09-22,10,1925.0,104
RWS01_MONIBAS_0011hrr0851ra_1,2026-09-22,11,1848.0,105
RWS01_MONIBAS_0011hrr0851ra_1,2026-09-22,12,2326.0,104
RWS01_MONIBAS_0011hrr0851ra_1,2026-09-22,13,2414.2,103
RWS01_MONIBAS_0011hrr0851ra_1,2026-09-22,14,2717.0,104
RWS01_MONIBAS_0011hrr0851ra_1,2026-09-22,15,3373.0,104
RWS01_MONIBAS_0011hrr0851ra_1,2026-09-22,16,4547.0,104
RWS01_MONIBAS_0011hrr0851ra_1,2026-09-22,17,3984.0,105
RWS01_MONIBAS_0011hrr0851ra_1,2026-09-22,18,2168.0,110
RWS01_MONIBAS_0011hrr0851ra_1,2026-09-22,19,1456.0,116
RWS01_MONIBAS_0011hrr0851ra_1,2026-09-22,20,1126.0,116
RWS01_MONIBAS_0011hrr0851ra_1,2026-09-22,21,889.0,117
RWS01_MONIBAS_0011hrr0851ra_1,2026-09-22,22,735.0,118
RWS01_MONIBAS_0011hrr0851ra_1,2026-09-22,23,460.0,117
RWS01_MONIBAS_0011hrr1044ra,2026-09-22,0,350.0,104
RWS01_MONIBAS_0011hrr1044ra,2026-09-22,1,217.0,100
RWS01_MONIBAS_0011hrr1044ra,2026-09-22,2,172.0,98
RWS01_MONIBAS_0011hrr1044ra,2026-09-22,3,183.0,98
RWS01_MONIBAS_0011hrr1044ra,2026-09-22,4,249.0,100
RWS01_MONIBAS_0011hrr1044ra,2026-09-22,5,598.0,103
RWS01_MONIBAS_0011hrr1044ra,2026-09-22,6,1992.0,104
RWS01_MONIBAS_0011hrr1044ra,2026-09-22,7,3733.0,105
RWS01_MONIBAS_0011hrr1044ra,2026-09-22,8,3890.0,106
RWS01_MONIBAS_0011hrr1044ra,2026-09-22,9,2759.0,104
RWS01_MONIBAS_0011hrr1044ra,2026-09-22,10,2561.0,102
RWS01_MONIBAS_0011hrr1044ra,2026-09-22,11,2628.0,100
RWS01_MONIBAS_0011hrr1044ra,2026-09-22,12,3054.0,101
RWS01_MONIBAS_0011hrr1044ra,2026-09-22,13,3133.2,101
RWS01_MONIBAS_0011hrr1044ra,2026-09-22,14,3585.0,102
RWS01_MONIBAS_0011hrr1044ra,2026-09-22,15,4429.0,104
RWS01_MONIBAS_0011hrr1044ra,2026-09-22,16,6063.0,105
RWS01_MONIBAS_0011hrr1044ra,2026-09-22,17,5890.0,106
RWS01_MONIBAS_0011hrr1044ra,2026-09-22,18,3224.0,108
RWS01_MONIBAS_0011hrr1044ra,2026-09-22,19,2193.0,109
RWS01_MONIBAS_0011hrr1044ra,2026-09-22,20,1572.0,109
RWS01_MONIBAS_0011hrr1044ra,2026-09-22,21,1328.0,110
RWS01_MONIBAS_0011hrr1044ra,2026-09-22,22,1084.0,111
RWS01_MONIBAS_0011hrr1044ra,2026-09-22,23,652.0,110
RWS01_MONIBAS_0011hrr1076ra,2026-09-22,0,248.0,104
RWS01_MONIBAS_0011hrr1076ra,2026-09-22,1,178.0,101
RWS01_MONIBAS_0011hrr1076ra,2026-09-22,2,144.0,95
RWS01_MONIBAS_0011hrr1076ra,2026-09-22,3,152.0,98
RWS01_MONIBAS_0011hrr1076ra,2026-09-22,4,212.0,97
RWS01_MONIBAS_0011hrr1076ra,2026-09-22,5,483.0,103
RWS01_MONIBAS_0011hrr1076ra,2026-09-22,6,1646.0,106
RWS01_MONIBAS_0011hrr1076ra,2026-09-22,7,2872.0,104
RWS01_MONIBAS_0011hrr1076ra,2026-09-22,8,2578.0,106
RWS01_MONIBAS_0011hrr1076ra,2026-09-22,9,2021.0,104
RWS01_MONIBAS_0011hrr1076ra,2026-09-22,10,1934.0,102
RWS01_MONIBAS_0011hrr1076ra,2026-09-22,11,2011.0,101
RWS01_MONIBAS_0011hrr1076ra,2026-09-22,12,2348.0,101
RWS01_MONIBAS_0011hrr1076ra,2026-09-22,13,2388.8,102
RWS01_MONIBAS_0011hrr1076ra,2026-09-22,14,2817.0,101
RWS01_MONIBAS_0011hrr1076ra,2026-09-22,15,3462.0,102
RWS01_MONIBAS_0011hrr1076ra,2026-09-22,16,4695.0,103
RWS01_MONIBAS_0011hrr1076ra,2026-09-22,17,4471.0,103
RWS01_MONIBAS_0011hrr1076ra,2026-09-22,18,2246.0,108
RWS01_MONIBAS_0011hrr1076ra,2026-09-22,19,1648.0,113
RWS01_MONIBAS_0011hrr1076ra,2026-09-22,20,1174.0,115
RWS01_MONIBAS_0011hrr1076ra,2026-09-22,21,1040.0,117
RWS01_MONIBAS_0011hrr1076ra,2026-09-22,22,782.0,118
RWS01_MONIBAS_0011hrr1076ra,2026-09-22,23,508.0,115
RWS01_MONICA_00D00106CC55D0070007,2026-09-22,0,11.0,128
RWS01_MONICA_00D00106CC55D0070007,2026-09-22,1,9.0,125
RWS01_MONICA_00D00106CC55D0070007,2026-09-22,2,5.0,119
RWS01_MONICA_00D00106CC55D0070007,2026-09-22,3,1.0,115
RWS01_MONICA_00D00106CC55D0070007,2026-09-22,4,12.0,126
RWS01_MONICA_00D00106CC55D0070007,2026-09-22,5,78.0,122
RWS01_MONICA_00D00106CC55D0070007,2026-09-22,6,530.0,114
RWS01_MONICA_00D00106CC55D0070007,2026-09-22,7,1181.0,109
RWS01_MONICA_00D00106CC55D0070007,2026-09-22,8,1051.0,107
RWS01_MONICA_00D00106CC55D0070007,2026-09-22,9,779.0,108
RWS01_MONICA_00D00106CC55D0070007,2026-09-22,10,569.0,108
RWS01_MONICA_00D00106CC55D0070007,2026-09-22,11,630.0,109
RWS01_MONICA_00D00106CC55D0070007,2026-09-22,12,645.0,108
RWS01_MONICA_00D00106CC55D0070007,2026-09-22,13,729.0,108
RWS01_MONICA_00D00106CC55D0070007,2026-09-22,14,842.0,109
RWS01_MONICA_00D00106CC55D0070007,2026-09-22,15,895.0,25
RWS01_MONICA_00D00106CC55D0070007,2026-09-22,16,1044.0,98
RWS01_MONICA_00D00106CC55D0070007,2026-09-22,17,976.0,110
RWS01_MONICA_00D00106CC55D0070007,2026-09-22,18,613.0,113
RWS01_MONICA_00D00106CC55D0070007,2026-09-22,19,340.0,120
RWS01_MONICA_00D00106CC55D0070007,2026-09-22,20,217.0,123
RWS01_MONICA_00D00106CC55D0070007,2026-09-22,21,173.0,124
RWS01_MONICA_00D00106CC55D0070007,2026-09-22,22,136.0,125
RWS01_MONICA_00D00106CC55D0070007,2026-09-22,23,140.0,127
RWS01_MONICA_00D00106CC55D007000B,2026-09-22,0,152.0,110
RWS01_MONICA_00D00106CC55D007000B,2026-09-22,1,111.0,109
RWS01_MONICA_00D00106CC55D007000B,2026-09-22,2,113.0,114
RWS01_MONICA_00D00106CC55D007000B,2026-09-22,3,85.0,101
RWS01_MONICA_00D00106CC55D007000B,2026-09-22,4,127.0,108
RWS01_MONICA_00D00106CC55D007000B,2026-09-22,5,306.0,107
RWS01_MONICA_00D00106CC55D007000B,2026-09-22,6,852.0,101
RWS01_MONICA_00D00106CC55D007000B,2026-09-22,7,1300.0,98
RWS01_MONICA_00D00106CC55D007000B,2026-09-22,8,1248.0,96
RWS01_MONICA_00D00106CC55D007000B,2026-09-22,9,1137.0,97
RWS01_MONICA_00D00106CC55D007000B,2026-09-22,10,1073.0,97
RWS01_MONICA_00D00106CC55D007000B,2026-09-22,11,1105.0,96
RWS01_MONICA_00D00106CC55D007000B,2026-09-22,12,1096.0,97
RWS01_MONICA_00D00106CC55D007000B,2026-09-22,13,1106.0,96
RWS01_MONICA_00D00106CC55D007000B,2026-09-22,14,1205.0,97
RWS01_MONICA_00D00106CC55D007000B,2026-09-22,15,858.0,30
RWS01_MONICA_00D00106CC55D007000B,2026-09-22,16,1191.0,84
RWS01_MONICA_00D00106CC55D007000B,2026-09-22,17,1364.0,99
RWS01_MONICA_00D00106CC55D007000B,2026-09-22,18,1055.0,100
RWS01_MONICA_00D00106CC55D007000B,2026-09-22,19,756.0,107
RWS01_MONICA_00D00106CC55D007000B,2026-09-22,20,630.0,108
RWS01_MONICA_00D00106CC55D007000B,2026-09-22,21,516.0,109
RWS01_MONICA_00D00106CC55D007000B,2026-09-22,22,448.0,108
RWS01_MONICA_00D00106CC55D007000B,2026-09-22,23,479.0,111
RWS01_MONICA_00D00106CC55D0070087,2026-09-22,0,27.0,108
RWS01_MONICA_00D00106CC55D0070087,2026-09-22,1,17.0,97
RWS01_MONICA_00D00106CC55D0070087,2026-09-22,2,12.0,97
RWS01_MONICA_00D00106CC55D0070087,2026-09-22,3,13.0,95
RWS01_MONICA_00D00106CC55D0070087,2026-09-22,4,30.0,101
RWS01_MONICA_00D00106CC55D0070087,2026-09-22,5,135.0,107
RWS01_MONICA_00D00106CC55D0070087,2026-09-22,6,488.0,103
RWS01_MONICA_00D00106CC55D0070087,2026-09-22,7,1133.0,99
RWS01_MONICA_00D00106CC55D0070087,2026-09-22,8,1243.0,93
RWS01_MONICA_00D00106CC55D0070087,2026-09-22,9,688.0,100
RWS01_MONICA_00D00106CC55D0070087,2026-09-22,10,598.0,99
RWS01_MONICA_00D00106CC55D0070087,2026-09-22,11,584.0,98
RWS01_MONICA_00D00106CC55D0070087,2026-09-22,12,665.0,98
RWS01_MONICA_00D00106CC55D0070087,2026-09-22,13,721.0,98
RWS01_MONICA_00D00106CC55D0070087,2026-09-22,14,914.0,97
RWS01_MONICA_00D00106CC55D0070087,2026-09-22,15,1093.0,43
RWS01_MONICA_00D00106CC55D0070087,2026-09-22,16,1192.0,96
RWS01_MONICA_00D00106CC55D0070087,2026-09-22,17,929.0,102
RWS01_MONICA_00D00106CC55D0070087,2026-09-22,18,689.0,104
RWS01_MONICA_00D00106CC55D0070087,2026-09-22,19,463.0,108
RWS01_MONICA_00D00106CC55D0070087,2026-09-22,20,374.0,106
RWS01_MONICA_00D00106CC55D0070087,2026-09-22,21,298.0,107
RWS01_MONICA_00D00106CC55D0070087,2026-09-22,22,291.0,107
RWS01_MONICA_00D00106CC55D0070087,2026-09-22,23,265.0,108
RWS01_MONICA_00D00106CC55D007008B,2026-09-22,0,110.0,99
RWS01_MONICA_00D00106CC55D007008B,2026-09-22,1,59.0,99
RWS01_MONICA_00D00106CC55D007008B,2026-09-22,2,43.0,95
RWS01_MONICA_00D00106CC55D007008B,2026-09-22,3,47.0,96
RWS01_MONICA_00D00106CC55D007008B,2026-09-22,4,47.0,98
RWS01_MONICA_00D00106CC55D007008B,2026-09-22,5,184.0,107
RWS01_MONICA_00D00106CC55D007008B,2026-09-22,6,766.0,100
RWS01_MONICA_00D00106CC55D007008B,2026-09-22,7,1577.0,93
RWS01_MONICA_00D00106CC55D007008B,2026-09-22,8,1572.0,86
RWS01_MONICA_00D00106CC55D007008B,2026-09-22,9,1176.0,95
RWS01_MONICA_00D00106CC55D007008B,2026-09-22,10,808.0,96
RWS01_MONICA_00D00106CC55D007008B,2026-09-22,11,817.0,96
RWS01_MONICA_00D00106CC55D007008B,2026-09-22,12,898.0,96
RWS01_MONICA_00D00106CC55D007008B,2026-09-22,13,984.0,95
RWS01_MONICA_00D00106CC55D007008B,2026-09-22,14,999.0,95
RWS01_MONICA_00D00106CC55D007008B,2026-09-22,15,1196.0,72
RWS01_MONICA_00D00106CC55D007008B,2026-09-22,16,1346.0,94
RWS01_MONICA_00D00106CC55D007008B,2026-09-22,17,1458.0,97
RWS01_MONICA_00D00106CC55D007008B,2026-09-22,18,1022.0,100
RWS01_MONICA_00D00106CC55D007008B,2026-09-22,19,715.0,102
RWS01_MONICA_00D00106CC55D007008B,2026-09-22,20,477.0,103
RWS01_MONICA_00D00106CC55D007008B,2026-09-22,21,415.0,104
RWS01_MONICA_00D00106CC55D007008B,2026-09-22,22,364.0,101
RWS01_MONICA_00D00106CC55D007008B,2026-09-22,23,213.0,105
RWS01_MONICA_00D0010D840AD0070007,2026-09-22,0,1.0,125
RWS01_MONICA_00D0010D840AD0070007,2026-09-22,1,1.0,142
RWS01_MONICA_00D0010D840AD0070007,2026-09-22,2,0.0,0
RWS01_MONICA_00D0010D840AD0070007,2026-09-22,3,0.0,0
RWS01_MONICA_00D0010D840AD0070007,2026-09-22,4,1.0,145
RWS01_MONICA_00D0010D840AD0070007,2026-09-22,5,6.0,130
RWS01_MONICA_00D0010D840AD0070007,2026-09-22,6,71.0,124
RWS01_MONICA_00D0010D840AD0070007,2026-09-22,7,226.0,120
RWS01_MONICA_00D0010D840AD0070007,2026-09-22,8,225.0,120
RWS01_MONICA_00D0010D840AD0070007,2026-09-22,9,121.0,119
RWS01_MONICA_00D0010D840AD0070007,2026-09-22,10,111.0,117
RWS01_MONICA_00D0010D840AD0070007,2026-09-22,11,184.0,117
RWS01_MONICA_00D0010D840AD0070007,2026-09-22,12,194.0,118
RWS01_MONICA_00D0010D840AD0070007,2026-09-22,13,212.5,116
RWS01_MONICA_00D0010D840AD0070007,2026-09-22,14,348.0,116
RWS01_MONICA_00D0010D840AD0070007,2026-09-22,15,462.0,118
RWS01_MONICA_00D0010D840AD0070007,2026-09-22,16,894.0,117
RWS01_MONICA_00D0010D840AD0070007,2026-09-22,17,853.0,115
RWS01_MONICA_00D0010D840AD0070007,2026-09-22,18,464.0,111
RWS01_MONICA_00D0010D840AD0070007,2026-09-22,19,160.0,124
RWS01_MONICA_00D0010D840AD0070007,2026-09-22,20,59.0,130
RWS01_MONICA_00D0010D840AD0070007,2026-09-22,21,41.0,129
RWS01_MONICA_00D0010D840AD0070007,2026-09-22,22,25.0,137
RWS01_MONICA_00D0010D840AD0070007,2026-09-22,23,13.0,142
RWS01_MONICA_00D0010D840AD007000B,2026-09-22,0,0.0,0
RWS01_MONICA_00D0010D840AD007000B,2026-09-22,1,0.0,0
RWS01_MONICA_00D0010D840AD007000B,2026-09-22,2,0.0,0
RWS01_MONICA_00D0010D840AD007000B,2026-09-22,3,0.0,0
RWS01_MONICA_00D0010D840AD007000B,2026-09-22,4,0.0,0
RWS01_MONICA_00D0010D840AD007000B,2026-09-22,5,0.0,0
RWS01_MONICA_00D0010D840AD007000B,2026-09-22,6,0.0,0
RWS01_MONICA_00D0010D840AD007000B,2026-09-22,7,0.0,0
RWS01_MONICA_00D0010D840AD007000B,2026-09-22,8,0.0,0
RWS01_MONICA_00D0010D840AD007000B,2026-09-22,9,0.0,0
RWS01_MONICA_00D0010D840AD007000B,2026-09-22,10,0.0,0
RWS01_MONICA_00D0010D840AD007000B,2026-09-22,11,43.0,102
RWS01_MONICA_00D0010D840AD007000B,2026-09-22,12,497.0,105
RWS01_MONICA_00D0010D840AD007000B,2026-09-22,13,452.5,107
RWS01_MONICA_00D0010D840AD007000B,2026-09-22,14,855.0,106
RWS01_MONICA_00D0010D840AD007000B,2026-09-22,15,1005.0,108
RWS01_MONICA_00D0010D840AD007000B,2026-09-22,16,1309.0,107
RWS01_MONICA_00D0010D840AD007000B,2026-09-22,17,1271.0,105
RWS01_MONICA_00D0010D840AD007000B,2026-09-22,18,979.0,98
RWS01_MONICA_00D0010D840AD007000B,2026-09-22,19,243.0,110
RWS01_MONICA_00D0010D840AD007000B,2026-09-22,20,350.0,121
RWS01_MONICA_00D0010D840AD007000B,2026-09-22,21,235.0,120
RWS01_MONICA_00D0010D840AD007000B,2026-09-22,22,137.0,122
RWS01_MONICA_00D0010D840AD007000B,2026-09-22,23,83.0,125
RWS01_MONICA_00D0010D840AD007000F,2026-09-22,0,119.0,104
RWS01_MONICA_00D0010D840AD007000F,2026-09-22,1,81.0,103
RWS01_MONICA_00D0010D840AD007000F,2026-09-22,2,74.0,100
RWS01_MONICA_00D0010D840AD007000F,2026-09-22,3,80.0,102
RWS01_MONICA_00D0010D840AD007000F,2026-09-22,4,97.0,102
RWS01_MONICA_00D0010D840AD007000F,2026-09-22,5,192.0,99
RWS01_MONICA_00D0010D840AD007000F,2026-09-22,6,484.0,98
RWS01_MONICA_00D0010D840AD007000F,2026-09-22,7,670.0,98
RWS01_MONICA_00D0010D840AD007000F,2026-09-22,8,661.0,99
RWS01_MONICA_00D0010D840AD007000F,2026-09-22,9,599.0,97
RWS01_MONICA_00D0010D840AD007000F,2026-09-22,10,601.0,96
RWS01_MONICA_00D0010D840AD007000F,2026-09-22,11,652.0,96
RWS01_MONICA_00D0010D840AD007000F,2026-09-22,12,675.0,95
RWS01_MONICA_00D0010D840AD007000F,2026-09-22,13,672.2,95
RWS01_MONICA_00D0010D840AD007000F,2026-09-22,14,739.0,96
RWS01_MONICA_00D0010D840AD007000F,2026-09-22,15,758.0,97
RWS01_MONICA_00D0010D840AD007000F,2026-09-22,16,851.0,98
RWS01_MONICA_00D0010D840AD007000F,2026-09-22,17,662.0,94
RWS01_MONICA_00D0010D840AD007000F,2026-09-22,18,99.0,93
RWS01_MONICA_00D0010D840AD007000F,2026-09-22,19,392.0,102
RWS01_MONICA_00D0010D840AD007000F,2026-09-22,20,412.0,106
RWS01_MONICA_00D0010D840AD007000F,2026-09-22,21,375.0,109
RWS01_MONICA_00D0010D840AD007000F,2026-09-22,22,323.0,111
RWS01_MONICA_00D0010D840AD007000F,2026-09-22,23,217.0,111
RWS01_MONICA_00D0010D840AD0070087,2026-09-22,0,94.0,102
RWS01_MONICA_00D0010D840AD0070087,2026-09-22,1,40.0,101
RWS01_MONICA_00D0010D840AD0070087,2026-09-22,2,37.0,97
RWS01_MONICA_00D0010D840AD0070087,2026-09-22,3,29.0,99
RWS01_MONICA_00D0010D840AD0070087,2026-09-22,4,63.0,98
RWS01_MONICA_00D0010D840AD0070087,2026-09-22,5,138.0,106
RWS01_MONICA_00D0010D840AD0070087,2026-09-22,6,407.0,100
RWS01_MONICA_00D0010D840AD0070087,2026-09-22,7,632.0,99
RWS01_MONICA_00D0010D840AD0070087,2026-09-22,8,665.0,100
RWS01_MONICA_00D0010D840AD0070087,2026-09-22,9,488.0,98
RWS01_MONICA_00D0010D840AD0070087,2026-09-22,10,435.0,96
RWS01_MONICA_00D0010D840AD0070087,2026-09-22,11,446.0,96
RWS01_MONICA_00D0010D840AD0070087,2026-09-22,12,508.0,97
RWS01_MONICA_00D0010D840AD0070087,2026-09-22,13,524.7,97
RWS01_MONICA_00D0010D840AD0070087,2026-09-22,14,589.0,97
RWS01_MONICA_00D0010D840AD0070087,2026-09-22,15,868.0,97
RWS01_MONICA_00D0010D840AD0070087,2026-09-22,16,1240.0,96
RWS01_MONICA_00D0010D840AD0070087,2026-09-22,17,981.0,98
RWS01_MONICA_00D0010D840AD0070087,2026-09-22,18,497.0,100
RWS01_MONICA_00D0010D840AD0070087,2026-09-22,19,254.0,107
RWS01_MONICA_00D0010D840AD0070087,2026-09-22,20,240.0,107
RWS01_MONICA_00D0010D840AD0070087,2026-09-22,21,152.0,107
RWS01_MONICA_00D0010D840AD0070087,2026-09-22,22,167.0,111
RWS01_MONICA_00D0010D840AD0070087,2026-09-22,23,94.0,111
RWS01_MONICA_00D0010D840AD007008B,2026-09-22,0,17.0,97
RWS01_MONICA_00D0010D840AD007008B,2026-09-22,1,10.0,103
RWS01_MONICA_00D0010D840AD007008B,2026-09-22,2,9.0,104
RWS01_MONICA_00D0010D840AD007008B,2026-09-22,3,6.0,91
RWS01_MONICA_00D0010D840AD007008B,2026-09-22,4,21.0,96
RWS01_MONICA_00D0010D840AD007008B,2026-09-22,5,54.0,100
RWS01_MONICA_00D0010D840AD007008B,2026-09-22,6,123.0,102
RWS01_MONICA_00D0010D840AD007008B,2026-09-22,7,150.0,97
RWS01_MONICA_00D0010D840AD007008B,2026-09-22,8,190.0,98
RWS01_MONICA_00D0010D840AD007008B,2026-09-22,9,228.0,94
RWS01_MONICA_00D0010D840AD007008B,2026-09-22,10,201.0,94
RWS01_MONICA_00D0010D840AD007008B,2026-09-22,11,168.0,97
RWS01_MONICA_00D0010D840AD007008B,2026-09-22,12,207.0,95
RWS01_MONICA_00D0010D840AD007008B,2026-09-22,13,195.3,96
RWS01_MONICA_00D0010D840AD007008B,2026-09-22,14,203.0,96
RWS01_MONICA_00D0010D840AD007008B,2026-09-22,15,257.0,97
RWS01_MONICA_00D0010D840AD007008B,2026-09-22,16,258.0,98
RWS01_MONICA_00D0010D840AD007008B,2026-09-22,17,223.0,99
RWS01_MONICA_00D0010D840AD007008B,2026-09-22,18,134.0,99
RWS01_MONICA_00D0010D840AD007008B,2026-09-22,19,103.0,103
RWS01_MONICA_00D0010D840AD007008B,2026-09-22,20,68.0,101
RWS01_MONICA_00D0010D840AD007008B,2026-09-22,21,62.0,106
RWS01_MONICA_00D0010D840AD007008B,2026-09-22,22,45.0,109
RWS01_MONICA_00D0010D840AD007008B,2026-09-22,23,26.0,111
RWS01_MONICA_10D00107400FD0070007,2026-09-22,0,49.0,127
RWS01_MONICA_10D00107400FD0070007,2026-09-22,1,30.0,128
RWS01_MONICA_10D00107400FD0070007,2026-09-22,2,26.0,126
RWS01_MONICA_10D00107400FD0070007,2026-09-22,3,20.0,126
RWS01_MONICA_10D00107400FD0070007,2026-09-22,4,37.0,127
RWS01_MONICA_10D00107400FD0070007,2026-09-22,5,283.0,125
RWS01_MONICA_10D00107400FD0070007,2026-09-22,6,1158.0,115
RWS01_MONICA_10D00107400FD0070007,2026-09-22,7,1861.0,111
RWS01_MONICA_10D00107400FD0070007,2026-09-22,8,1584.0,112
RWS01_MONICA_10D00107400FD0070007,2026-09-22,9,1276.0,111
RWS01_MONICA_10D00107400FD0070007,2026-09-22,10,1182.0,111
RWS01_MONICA_10D00107400FD0070007,2026-09-22,11,1190.0,111
RWS01_MONICA_10D00107400FD0070007,2026-09-22,12,1283.0,111
RWS01_MONICA_10D00107400FD0070007,2026-09-22,13,1390.2,111
RWS01_MONICA_10D00107400FD0070007,2026-09-22,14,1645.0,110
RWS01_MONICA_10D00107400FD0070007,2026-09-22,15,1847.0,44
RWS01_MONICA_10D00107400FD0070007,2026-09-22,16,1872.0,41
RWS01_MONICA_10D00107400FD0070007,2026-09-22,17,1832.0,84
RWS01_MONICA_10D00107400FD0070007,2026-09-22,18,1184.0,115
RWS01_MONICA_10D00107400FD0070007,2026-09-22,19,818.0,122
RWS01_MONICA_10D00107400FD0070007,2026-09-22,20,631.0,123
RWS01_MONICA_10D00107400FD0070007,2026-09-22,21,519.0,125
RWS01_MONICA_10D00107400FD0070007,2026-09-22,22,332.0,127
RWS01_MONICA_10D00107400FD0070007,2026-09-22,23,248.0,128
RWS01_MONICA_10D00107400FD007000B,2026-09-22,0,270.0,104
RWS01_MONICA_10D00107400FD007000B,2026-09-22,1,209.0,104
RWS01_MONICA_10D00107400FD007000B,2026-09-22,2,172.0,103
RWS01_MONICA_10D00107400FD007000B,2026-09-22,3,179.0,98
RWS01_MONICA_10D00107400FD007000B,2026-09-22,4,223.0,103
RWS01_MONICA_10D00107400FD007000B,2026-09-22,5,549.0,99
RWS01_MONICA_10D00107400FD007000B,2026-09-22,6,1253.0,96
RWS01_MONICA_10D00107400FD007000B,2026-09-22,7,1736.0,97
RWS01_MONICA_10D00107400FD007000B,2026-09-22,8,1648.0,96
RWS01_MONICA_10D00107400FD007000B,2026-09-22,9,1344.0,96
RWS01_MONICA_10D00107400FD007000B,2026-09-22,10,1367.0,95
RWS01_MONICA_10D00107400FD007000B,2026-09-22,11,1360.0,95
RWS01_MONICA_10D00107400FD007000B,2026-09-22,12,1418.0,96
RWS01_MONICA_10D00107400FD007000B,2026-09-22,13,1421.7,94
RWS01_MONICA_10D00107400FD007000B,2026-09-22,14,1583.0,94
RWS01_MONICA_10D00107400FD007000B,2026-09-22,15,1282.0,48
RWS01_MONICA_10D00107400FD007000B,2026-09-22,16,1524.0,34
RWS01_MONICA_10D00107400FD007000B,2026-09-22,17,1689.0,64
RWS01_MONICA_10D00107400FD007000B,2026-09-22,18,1321.0,99
RWS01_MONICA_10D00107400FD007000B,2026-09-22,19,1173.0,101
RWS01_MONICA_10D00107400FD007000B,2026-09-22,20,1006.0,101
RWS01_MONICA_10D00107400FD007000B,2026-09-22,21,910.0,103
RWS01_MONICA_10D00107400FD007000B,2026-09-22,22,785.0,106
RWS01_MONICA_10D00107400FD007000B,2026-09-22,23,608.0,108
RWS01_MONICA_10D00107400FD0070187,2026-09-22,0,0.0,0
RWS01_MONICA_10D00107400FD0070187,2026-09-22,1,0.0,0
RWS01_MONICA_10D00107400FD0070187,2026-09-22,2,0.0,0
RWS01_MONICA_10D00107400FD0070187,2026-09-22,3,0.0,0
RWS01_MONICA_10D00107400FD0070187,2026-09-22,4,0.0,0
RWS01_MONICA_10D00107400FD0070187,2026-09-22,5,0.0,0
RWS01_MONICA_10D00107400FD0070187,2026-09-22,6,310.0,89
RWS01_MONICA_10D00107400FD0070187,2026-09-22,7,947.0,89
RWS01_MONICA_10D00107400FD0070187,2026-09-22,8,856.0,89
RWS01_MONICA_10D00107400FD0070187,2026-09-22,9,736.0,88
RWS01_MONICA_10D00107400FD0070187,2026-09-22,10,758.0,87
RWS01_MONICA_10D00107400FD0070187,2026-09-22,11,708.0,87
RWS01_MONICA_10D00107400FD0070187,2026-09-22,12,789.0,87
RWS01_MONICA_10D00107400FD0070187,2026-09-22,13,815.6,86
RWS01_MONICA_10D00107400FD0070187,2026-09-22,14,875.0,87
RWS01_MONICA_10D00107400FD0070187,2026-09-22,15,861.0,62
RWS01_MONICA_10D00107400FD0070187,2026-09-22,16,1119.0,34
RWS01_MONICA_10D00107400FD0070187,2026-09-22,17,1072.0,69
RWS01_MONICA_10D00107400FD0070187,2026-09-22,18,686.0,91
RWS01_MONICA_10D00107400FD0070187,2026-09-22,19,209.0,91
RWS01_MONICA_10D00107400FD0070187,2026-09-22,20,0.0,0
RWS01_MONICA_10D00107400FD0070187,2026-09-22,21,0.0,0
RWS01_MONICA_10D00107400FD0070187,2026-09-22,22,0.0,0
RWS01_MONICA_10D00107400FD0070187,2026-09-22,23,0.0,0
RWS01_MONIBAS_0011hrl0434ra,2026-09-29,0,417.9,107
RWS01_MONIBAS_0011hrl0434ra,2026-09-29,1,290.3,103
RWS01_MONIBAS_0011hrl0434ra,2026-09-29,2,283.2,103
RWS01_MONIBAS_0011hrl0434ra,2026-09-29,3,335.4,104
RWS01_MONIBAS_0011hrl0434ra,2026-09-29,4,492.3,104
RWS01_MONIBAS_0011hrl0434ra,2026-09-29,5,1427.7,107
RWS01_MONIBAS_0011hrl0434ra,2026-09-29,6,3611.1,91
RWS01_MONIBAS_0011hrl0434ra,2026-09-29,7,4092.8,65
RWS01_MONIBAS_0011hrl0434ra,2026-09-29,8,4002.9,80
RWS01_MONIBAS_0011hrl0434ra,2026-09-29,9,3401.8,94
RWS01_MONIBAS_0011hrl0434ra,2026-09-29,10,3245.8,94
RWS01_MONIBAS_0011hrl0434ra,2026-09-29,11,2947.7,97
RWS01_MONIBAS_0011hrl0434ra,2026-09-29,12,3241.8,96
RWS01_MONIBAS_0011hrl0434ra,2026-09-29,13,3317.4,95
RWS01_MONIBAS_0011hrl0434ra,2026-09-29,14,3609.7,94
RWS01_MONIBAS_0011hrl0434ra,2026-09-29,15,4032.6,74
RWS01_MONIBAS_0011hrl0434ra,2026-09-29,16,3955.0,64
RWS01_MONIBAS_0011hrl0434ra,2026-09-29,17,3932.3,65
RWS01_MONIBAS_0011hrl0434ra,2026-09-29,18,3235.3,83
RWS01_MONIBAS_0011hrl0434ra,2026-09-29,19,2184.0,108
RWS01_MONIBAS_0011hrl0434ra,2026-09-29,20,1704.4,109
RWS01_MONIBAS_0011hrl0434ra,2026-09-29,21,1206.2,111
RWS01_MONIBAS_0011hrl0434ra,2026-09-29,22,1030.0,113
RWS01_MONIBAS_0011hrl0434ra,2026-09-29,23,536.0,115
RWS01_MONIBAS_0011hrl0460ra,2026-09-29,0,189.7,101
RWS01_MONIBAS_0011hrl0460ra,2026-09-29,1,150.0,105
RWS01_MONIBAS_0011hrl0460ra,2026-09-29,2,148.8,109
RWS01_MONIBAS_0011hrl0460ra,2026-09-29,3,151.5,100
RWS01_MONIBAS_0011hrl0460ra,2026-09-29,4,274.5,97
RWS01_MONIBAS_0011hrl0460ra,2026-09-29,5,1392.3,105
RWS01_MONIBAS_0011hrl0460ra,2026-09-29,6,3267.1,98
RWS01_MONIBAS_0011hrl0460ra,2026-09-29,7,3645.0,98
RWS01_MONIBAS_0011hrl0460ra,2026-09-29,8,3551.4,98
RWS01_MONIBAS_0011hrl0460ra,2026-09-29,9,3267.6,94
RWS01_MONIBAS_0011hrl0460ra,2026-09-29,10,3165.5,95
RWS01_MONIBAS_0011hrl0460ra,2026-09-29,11,2850.0,97
RWS01_MONIBAS_0011hrl0460ra,2026-09-29,12,3181.7,97
RWS01_MONIBAS_0011hrl0460ra,2026-09-29,13,3159.4,96
RWS01_MONIBAS_0011hrl0460ra,2026-09-29,14,3172.5,98
RWS01_MONIBAS_0011hrl0460ra,2026-09-29,15,3645.0,99
RWS01_MONIBAS_0011hrl0460ra,2026-09-29,16,3689.3,99
RWS01_MONIBAS_0011hrl0460ra,2026-09-29,17,3601.2,100
RWS01_MONIBAS_0011hrl0460ra,2026-09-29,18,3002.3,101
RWS01_MONIBAS_0011hrl0460ra,2026-09-29,19,2037.0,106
RWS01_MONIBAS_0011hrl0460ra,2026-09-29,20,1573.0,108
RWS01_MONIBAS_0011hrl0460ra,2026-09-29,21,1256.9,108
RWS01_MONIBAS_0011hrl0460ra,2026-09-29,22,966.0,110
RWS01_MONIBAS_0011hrl0460ra,2026-09-29,23,527.0,109
RWS01_MONIBAS_0011hrl0856ra,2026-09-29,0,2400.0,106
RWS01_MONIBAS_0011hrl0856ra,2026-09-29,1,2400.0,106
RWS01_MONIBAS_0011hrl0856ra,2026-09-29,2,2400.0,106
RWS01_MONIBAS_0011hrl0856ra,2026-09-29,3,2400.0,106
RWS01_MONIBAS_0011hrl0856ra,2026-09-29,4,2400.0,106
RWS01_MONIBAS_0011hrl0856ra,2026-09-29,5,2400.0,106
RWS01_MONIBAS_0011hrl0856ra,2026-09-29,6,2400.0,106
RWS01_MONIBAS_0011hrl0856ra,2026-09-29,7,2400.0,106
RWS01_MONIBAS_0011hrl0856ra,2026-09-29,8,2400.0,106
RWS01_MONIBAS_0011hrl0856ra,2026-09-29,9,2400.0,106
RWS01_MONIBAS_0011hrl0856ra,2026-09-29,10,2400.0,106
RWS01_MONIBAS_0011hrl0856ra,2026-09-29,11,2400.0,106
RWS01_MONIBAS_0011hrl0856ra,2026-09-29,12,2400.0,106
RWS01_MONIBAS_0011hrl0856ra,2026-09-29,13,2400.0,106
RWS01_MONIBAS_0011hrl0856ra,2026-09-29,14,2400.0,106
RWS01_MONIBAS_0011hrl0856ra,2026-09-29,15,2400.0,106
RWS01_MONIBAS_0011hrl0856ra,2026-09-29,16,2400.0,106
RWS01_MONIBAS_0011hrl0856ra,2026-09-29,17,2400.0,106
RWS01_MONIBAS_0011hrl0856ra,2026-09-29,18,2400.0,106
RWS01_MONIBAS_0011hrl0856ra,2026-09-29,19,2400.0,106
RWS01_MONIBAS_0011hrl0856ra,2026-09-29,20,2400.0,106
RWS01_MONIBAS_0011hrl0856ra,2026-09-29,21,2400.0,106
RWS01_MONIBAS_0011hrl0856ra,2026-09-29,22,2400.0,106
RWS01_MONIBAS_0011hrl0856ra,2026-09-29,23,2400.0,106
RWS01_MONIBAS_0011hrl0987ra,2026-09-29,0,208.0,100
RWS01_MONIBAS_0011hrl0987ra,2026-09-29,1,193.0,99
RWS01_MONIBAS_0011hrl0987ra,2026-09-29,2,196.0,100
RWS01_MONIBAS_0011hrl0987ra,2026-09-29,3,267.0,95
RWS01_MONIBAS_0011hrl0987ra,2026-09-29,4,585.0,100
RWS01_MONIBAS_0011hrl0987ra,2026-09-29,5,2169.0,104
RWS01_MONIBAS_0011hrl0987ra,2026-09-29,6,4702.0,99
RWS01_MONIBAS_0011hrl0987ra,2026-09-29,7,5946.0,98
RWS01_MONIBAS_0011hrl0987ra,2026-09-29,8,5401.0,97
RWS01_MONIBAS_0011hrl0987ra,2026-09-29,9,3610.0,98
RWS01_MONIBAS_0011hrl0987ra,2026-09-29,10,2997.0,98
RWS01_MONIBAS_0011hrl0987ra,2026-09-29,11,3120.0,98
RWS01_MONIBAS_0011hrl0987ra,2026-09-29,12,3318.3,98
RWS01_MONIBAS_0011hrl0987ra,2026-09-29,13,3005.1,99
RWS01_MONIBAS_0011hrl0987ra,2026-09-29,14,3258.0,98
RWS01_MONIBAS_0011hrl0987ra,2026-09-29,15,3722.0,98
RWS01_MONIBAS_0011hrl0987ra,2026-09-29,16,4086.0,100
RWS01_MONIBAS_0011hrl0987ra,2026-09-29,17,3982.0,101
RWS01_MONIBAS_0011hrl0987ra,2026-09-29,18,2310.0,103
RWS01_MONIBAS_0011hrl0987ra,2026-09-29,19,1529.0,106
RWS01_MONIBAS_0011hrl0987ra,2026-09-29,20,1222.0,106
RWS01_MONIBAS_0011hrl0987ra,2026-09-29,21,1004.0,106
RWS01_MONIBAS_0011hrl0987ra,2026-09-29,22,766.0,105
RWS01_MONIBAS_0011hrl0987ra,2026-09-29,23,383.0,105
RWS01_MONIBAS_0011hrl1076ra,2026-09-29,0,173.0,109
RWS01_MONIBAS_0011hrl1076ra,2026-09-29,1,156.0,107
RWS01_MONIBAS_0011hrl1076ra,2026-09-29,2,175.0,101
RWS01_MONIBAS_0011hrl1076ra,2026-09-29,3,221.0,96
RWS01_MONIBAS_0011hrl1076ra,2026-09-29,4,469.0,103
RWS01_MONIBAS_0011hrl1076ra,2026-09-29,5,1669.0,109
RWS01_MONIBAS_0011hrl1076ra,2026-09-29,6,3534.0,103
RWS01_MONIBAS_0011hrl1076ra,2026-09-29,7,4549.0,103
RWS01_MONIBAS_0011hrl1076ra,2026-09-29,8,4421.0,102
RWS01_MONIBAS_0011hrl1076ra,2026-09-29,9,2836.0,102
RWS01_MONIBAS_0011hrl1076ra,2026-09-29,10,2314.0,102
RWS01_MONIBAS_0011hrl1076ra,2026-09-29,11,2359.0,102
RWS01_MONIBAS_0011hrl1076ra,2026-09-29,12,2490.5,102
RWS01_MONIBAS_0011hrl1076ra,2026-09-29,13,2270.8,103
RWS01_MONIBAS_0011hrl1076ra,2026-09-29,14,2366.0,103
RWS01_MONIBAS_0011hrl1076ra,2026-09-29,15,2596.0,104
RWS01_MONIBAS_0011hrl1076ra,2026-09-29,16,2771.0,106
RWS01_MONIBAS_0011hrl1076ra,2026-09-29,17,2796.0,107
RWS01_MONIBAS_0011hrl1076ra,2026-09-29,18,1856.0,109
RWS01_MONIBAS_0011hrl1076ra,2026-09-29,19,1124.0,116
RWS01_MONIBAS_0011hrl1076ra,2026-09-29,20,931.0,118
RWS01_MONIBAS_0011hrl1076ra,2026-09-29,21,667.0,117
RWS01_MONIBAS_0011hrl1076ra,2026-09-29,22,563.0,118
RWS01_MONIBAS_0011hrl1076ra,2026-09-29,23,253.0,115
RWS01_MONIBAS_0011hrr0851ra_1,2026-09-29,0,242.0,113
RWS01_MONIBAS_0011hrr0851ra_1,2026-09-29,1,128.0,107
RWS01_MONIBAS_0011hrr0851ra_1,2026-09-29,2,108.0,100
RWS01_MONIBAS_0011hrr0851ra_1,2026-09-29,3,131.0,102
RWS01_MONIBAS_0011hrr0851ra_1,2026-09-29,4,201.0,103
RWS01_MONIBAS_0011hrr0851ra_1,2026-09-29,5,501.0,108
RWS01_MONIBAS_0011hrr0851ra_1,2026-09-29,6,1430.0,107
RWS01_MONIBAS_0011hrr0851ra_1,2026-09-29,7,2499.0,106
RWS01_MONIBAS_0011hrr0851ra_1,2026-09-29,8,2445.0,107
RWS01_MONIBAS_0011hrr0851ra_1,2026-09-29,9,1857.0,106
RWS01_MONIBAS_0011hrr0851ra_1,2026-09-29,10,1939.0,105
RWS01_MONIBAS_0011hrr0851ra_1,2026-09-29,11,2102.0,103
RWS01_MONIBAS_0011hrr0851ra_1,2026-09-29,12,2396.9,103
RWS01_MONIBAS_0011hrr0851ra_1,2026-09-29,13,2505.8,104
RWS01_MONIBAS_0011hrr0851ra_1,2026-09-29,14,2636.0,104
RWS01_MONIBAS_0011hrr0851ra_1,2026-09-29,15,3774.0,104
RWS01_MONIBAS_0011hrr0851ra_1,2026-09-29,16,4460.0,104
RWS01_MONIBAS_0011hrr0851ra_1,2026-09-29,17,3883.0,107
RWS01_MONIBAS_0011hrr0851ra_1,2026-09-29,18,2060.0,111
RWS01_MONIBAS_0011hrr0851ra_1,2026-09-29,19,1705.0,115
RWS01_MONIBAS_0011hrr0851ra_1,2026-09-29,20,1101.0,117
RWS01_MONIBAS_0011hrr0851ra_1,2026-09-29,21,968.0,119
RWS01_MONIBAS_0011hrr0851ra_1,2026-09-29,22,758.0,118
RWS01_MONIBAS_0011hrr0851ra_1,2026-09-29,23,602.0,120
RWS01_MONIBAS_0011hrr1044ra,2026-09-29,0,351.0,104
RWS01_MONIBAS_0011hrr1044ra,2026-09-29,1,221.0,98
RWS01_MONIBAS_0011hrr1044ra,2026-09-29,2,173.0,95
RWS01_MONIBAS_0011hrr1044ra,2026-09-29,3,171.0,95
RWS01_MONIBAS_0011hrr1044ra,2026-09-29,4,304.0,98
RWS01_MONIBAS_0011hrr1044ra,2026-09-29,5,638.0,101
RWS01_MONIBAS_0011hrr1044ra,2026-09-29,6,1989.0,103
RWS01_MONIBAS_0011hrr1044ra,2026-09-29,7,3814.0,104
RWS01_MONIBAS_0011hrr1044ra,2026-09-29,8,3872.0,106
RWS01_MONIBAS_0011hrr1044ra,2026-09-29,9,2781.0,104
RWS01_MONIBAS_0011hrr1044ra,2026-09-29,10,2658.0,102
RWS01_MONIBAS_0011hrr1044ra,2026-09-29,11,2751.0,101
RWS01_MONIBAS_0011hrr1044ra,2026-09-29,12,3111.9,102
RWS01_MONIBAS_0011hrr1044ra,2026-09-29,13,3430.2,103
RWS01_MONIBAS_0011hrr1044ra,2026-09-29,14,3510.0,103
RWS01_MONIBAS_0011hrr1044ra,2026-09-29,15,4767.0,104
RWS01_MONIBAS_0011hrr1044ra,2026-09-29,16,5505.0,46
RWS01_MONIBAS_0011hrr1044ra,2026-09-29,17,5863.0,87
RWS01_MONIBAS_0011hrr1044ra,2026-09-29,18,3189.0,109
RWS01_MONIBAS_0011hrr1044ra,2026-09-29,19,2602.0,108
RWS01_MONIBAS_0011hrr1044ra,2026-09-29,20,1703.0,109
RWS01_MONIBAS_0011hrr1044ra,2026-09-29,21,1318.0,110
RWS01_MONIBAS_0011hrr1044ra,2026-09-29,22,1142.0,111
RWS01_MONIBAS_0011hrr1044ra,2026-09-29,23,756.0,110
RWS01_MONIBAS_0011hrr1076ra,2026-09-29,0,264.0,106
RWS01_MONIBAS_0011hrr1076ra,2026-09-29,1,178.0,100
RWS01_MONIBAS_0011hrr1076ra,2026-09-29,2,147.0,96
RWS01_MONIBAS_0011hrr1076ra,2026-09-29,3,147.0,96
RWS01_MONIBAS_0011hrr1076ra,2026-09-29,4,258.0,101
RWS01_MONIBAS_0011hrr1076ra,2026-09-29,5,513.0,101
RWS01_MONIBAS_0011hrr1076ra,2026-09-29,6,1600.0,105
RWS01_MONIBAS_0011hrr1076ra,2026-09-29,7,2885.0,104
RWS01_MONIBAS_0011hrr1076ra,2026-09-29,8,2529.0,106
RWS01_MONIBAS_0011hrr1076ra,2026-09-29,9,2000.0,105
RWS01_MONIBAS_0011hrr1076ra,2026-09-29,10,1986.0,102
RWS01_MONIBAS_0011hrr1076ra,2026-09-29,11,2120.0,101
RWS01_MONIBAS_0011hrr1076ra,2026-09-29,12,2403.1,102
RWS01_MONIBAS_0011hrr1076ra,2026-09-29,13,2622.7,102
RWS01_MONIBAS_0011hrr1076ra,2026-09-29,14,2700.0,102
RWS01_MONIBAS_0011hrr1076ra,2026-09-29,15,3804.0,101
RWS01_MONIBAS_0011hrr1076ra,2026-09-29,16,4301.0,44
RWS01_MONIBAS_0011hrr1076ra,2026-09-29,17,4628.0,101
RWS01_MONIBAS_0011hrr1076ra,2026-09-29,18,2243.0,109
RWS01_MONIBAS_0011hrr1076ra,2026-09-29,19,1919.0,111
RWS01_MONIBAS_0011hrr1076ra,2026-09-29,20,1270.0,115
RWS01_MONIBAS_0011hrr1076ra,2026-09-29,21,1008.0,119
RWS01_MONIBAS_0011hrr1076ra,2026-09-29,22,767.0,119
RWS01_MONIBAS_0011hrr1076ra,2026-09-29,23,541.0,118
RWS01_MONICA_00D00106CC55D0070007,2026-09-29,0,35.0,106
RWS01_MONICA_00D00106CC55D0070007,2026-09-29,1,8.1,99
RWS01_MONICA_00D00106CC55D0070007,2026-09-29,2,9.0,104
RWS01_MONICA_00D00106CC55D0070007,2026-09-29,3,7.0,111
RWS01_MONICA_00D00106CC55D0070007,2026-09-29,4,14.0,106
RWS01_MONICA_00D00106CC55D0070007,2026-09-29,5,88.0,121
RWS01_MONICA_00D00106CC55D0070007,2026-09-29,6,543.0,113
RWS01_MONICA_00D00106CC55D0070007,2026-09-29,7,1318.0,107
RWS01_MONICA_00D00106CC55D0070007,2026-09-29,8,1332.0,96
RWS01_MONICA_00D00106CC55D0070007,2026-09-29,9,884.0,107
RWS01_MONICA_00D00106CC55D0070007,2026-09-29,10,555.0,108
RWS01_MONICA_00D00106CC55D0070007,2026-09-29,11,649.0,107
RWS01_MONICA_00D00106CC55D0070007,2026-09-29,12,759.7,108
RWS01_MONICA_00D00106CC55D0070007,2026-09-29,13,749.5,108
RWS01_MONICA_00D00106CC55D0070007,2026-09-29,14,917.0,107
RWS01_MONICA_00D00106CC55D0070007,2026-09-29,15,1192.0,70
RWS01_MONICA_00D00106CC55D0070007,2026-09-29,16,1134.0,64
RWS01_MONICA_00D00106CC55D0070007,2026-09-29,17,1046.0,109
RWS01_MONICA_00D00106CC55D0070007,2026-09-29,18,846.0,112
RWS01_MONICA_00D00106CC55D0070007,2026-09-29,19,455.0,120
RWS01_MONICA_00D00106CC55D0070007,2026-09-29,20,254.0,123
RWS01_MONICA_00D00106CC55D0070007,2026-09-29,21,185.0,124
RWS01_MONICA_00D00106CC55D0070007,2026-09-29,22,178.0,124
RWS01_MONICA_00D00106CC55D0070007,2026-09-29,23,111.0,126
RWS01_MONICA_00D00106CC55D007000B,2026-09-29,0,216.0,93
RWS01_MONICA_00D00106CC55D007000B,2026-09-29,1,93.6,92
RWS01_MONICA_00D00106CC55D007000B,2026-09-29,2,81.0,93
RWS01_MONICA_00D00106CC55D007000B,2026-09-29,3,98.0,86
RWS01_MONICA_00D00106CC55D007000B,2026-09-29,4,131.0,94
RWS01_MONICA_00D00106CC55D007000B,2026-09-29,5,313.0,104
RWS01_MONICA_00D00106CC55D007000B,2026-09-29,6,874.0,99
RWS01_MONICA_00D00106CC55D007000B,2026-09-29,7,1340.0,97
RWS01_MONICA_00D00106CC55D007000B,2026-09-29,8,1051.0,86
RWS01_MONICA_00D00106CC55D007000B,2026-09-29,9,1203.0,96
RWS01_MONICA_00D00106CC55D007000B,2026-09-29,10,1092.0,97
RWS01_MONICA_00D00106CC55D007000B,2026-09-29,11,1123.0,96
RWS01_MONICA_00D00106CC55D007000B,2026-09-29,12,1160.3,96
RWS01_MONICA_00D00106CC55D007000B,2026-09-29,13,1153.2,96
RWS01_MONICA_00D00106CC55D007000B,2026-09-29,14,1208.0,96
RWS01_MONICA_00D00106CC55D007000B,2026-09-29,15,1306.0,62
RWS01_MONICA_00D00106CC55D007000B,2026-09-29,16,1207.0,60
RWS01_MONICA_00D00106CC55D007000B,2026-09-29,17,1301.0,98
RWS01_MONICA_00D00106CC55D007000B,2026-09-29,18,1196.0,99
RWS01_MONICA_00D00106CC55D007000B,2026-09-29,19,826.0,106
RWS01_MONICA_00D00106CC55D007000B,2026-09-29,20,621.0,108
RWS01_MONICA_00D00106CC55D007000B,2026-09-29,21,589.0,109
RWS01_MONICA_00D00106CC55D007000B,2026-09-29,22,538.0,110
RWS01_MONICA_00D00106CC55D007000B,2026-09-29,23,411.0,113
RWS01_MONICA_00D00106CC55D0070087,2026-09-29,0,137.0,81
RWS01_MONICA_00D00106CC55D0070087,2026-09-29,1,63.1,87
RWS01_MONICA_00D00106CC55D0070087,2026-09-29,2,57.0,84
RWS01_MONICA_00D00106CC55D0070087,2026-09-29,3,60.0,78
RWS01_MONICA_00D00106CC55D0070087,2026-09-29,4,75.0,84
RWS01_MONICA_00D00106CC55D0070087,2026-09-29,5,139.0,104
RWS01_MONICA_00D00106CC55D0070087,2026-09-29,6,496.0,101
RWS01_MONICA_00D00106CC55D0070087,2026-09-29,7,1067.0,99
RWS01_MONICA_00D00106CC55D0070087,2026-09-29,8,1435.0,55
RWS01_MONICA_00D00106CC55D0070087,2026-09-29,9,666.0,99
RWS01_MONICA_00D00106CC55D0070087,2026-09-29,10,644.0,98
RWS01_MONICA_00D00106CC55D0070087,2026-09-29,11,607.0,98
RWS01_MONICA_00D00106CC55D0070087,2026-09-29,12,715.9,98
RWS01_MONICA_00D00106CC55D0070087,2026-09-29,13,715.9,99
RWS01_MONICA_00D00106CC55D0070087,2026-09-29,14,833.0,98
RWS01_MONICA_00D00106CC55D0070087,2026-09-29,15,1167.0,91
RWS01_MONICA_00D00106CC55D0070087,2026-09-29,16,1189.0,94
RWS01_MONICA_00D00106CC55D0070087,2026-09-29,17,1147.0,99
RWS01_MONICA_00D00106CC55D0070087,2026-09-29,18,1076.0,98
RWS01_MONICA_00D00106CC55D0070087,2026-09-29,19,582.0,106
RWS01_MONICA_00D00106CC55D0070087,2026-09-29,20,397.0,107
RWS01_MONICA_00D00106CC55D0070087,2026-09-29,21,274.0,107
RWS01_MONICA_00D00106CC55D0070087,2026-09-29,22,202.0,106
RWS01_MONICA_00D00106CC55D0070087,2026-09-29,23,127.0,105
RWS01_MONICA_00D00106CC55D007008B,2026-09-29,4,34.3,102
RWS01_MONICA_00D00106CC55D007008B,2026-09-29,5,140.0,104
RWS01_MONICA_00D00106CC55D007008B,2026-09-29,6,736.0,98
RWS01_MONICA_00D00106CC55D007008B,2026-09-29,7,1547.0,93
RWS01_MONICA_00D00106CC55D007008B,2026-09-29,8,1332.0,29
RWS01_MONICA_00D00106CC55D007008B,2026-09-29,9,1151.0,94
RWS01_MONICA_00D00106CC55D007008B,2026-09-29,10,872.0,96
RWS01_MONICA_00D00106CC55D007008B,2026-09-29,11,836.0,96
RWS01_MONICA_00D00106CC55D007008B,2026-09-29,12,977.3,95
RWS01_MONICA_00D00106CC55D007008B,2026-09-29,13,1022.0,96
RWS01_MONICA_00D00106CC55D007008B,2026-09-29,14,983.0,96
RWS01_MONICA_00D00106CC55D007008B,2026-09-29,15,1199.0,92
RWS01_MONICA_00D00106CC55D007008B,2026-09-29,16,1400.0,93
RWS01_MONICA_00D00106CC55D007008B,2026-09-29,17,1407.0,96
RWS01_MONICA_00D00106CC55D007008B,2026-09-29,18,1071.0,97
RWS01_MONICA_00D00106CC55D007008B,2026-09-29,19,781.0,101
RWS01_MONICA_00D00106CC55D007008B,2026-09-29,20,506.0,102
RWS01_MONICA_00D00106CC55D007008B,2026-09-29,21,464.0,101
RWS01_MONICA_00D00106CC55D007008B,2026-09-29,22,425.0,102
RWS01_MONICA_00D00106CC55D007008B,2026-09-29,23,217.0,101
RWS01_MONICA_00D0010D840AD0070007,2026-09-29,0,5.0,132
RWS01_MONICA_00D0010D840AD0070007,2026-09-29,1,2.0,131
RWS01_MONICA_00D0010D840AD0070007,2026-09-29,2,0.0,0
RWS01_MONICA_00D0010D840AD0070007,2026-09-29,3,2.0,130
RWS01_MONICA_00D0010D840AD0070007,2026-09-29,4,3.0,145
RWS01_MONICA_00D0010D840AD0070007,2026-09-29,5,7.0,130
RWS01_MONICA_00D0010D840AD0070007,2026-09-29,6,86.0,128
RWS01_MONICA_00D0010D840AD0070007,2026-09-29,7,207.0,119
RWS01_MONICA_00D0010D840AD0070007,2026-09-29,8,217.0,122
RWS01_MONICA_00D0010D840AD0070007,2026-09-29,9,95.0,118
RWS01_MONICA_00D0010D840AD0070007,2026-09-29,10,122.0,117
RWS01_MONICA_00D0010D840AD0070007,2026-09-29,11,132.0,115
RWS01_MONICA_00D0010D840AD0070007,2026-09-29,12,240.0,116
RWS01_MONICA_00D0010D840AD0070007,2026-09-29,13,240.0,117
RWS01_MONICA_00D0010D840AD0070007,2026-09-29,14,284.0,118
RWS01_MONICA_00D0010D840AD0070007,2026-09-29,15,663.0,117
RWS01_MONICA_00D0010D840AD0070007,2026-09-29,16,850.0,119
RWS01_MONICA_00D0010D840AD0070007,2026-09-29,17,630.0,120
RWS01_MONICA_00D0010D840AD0070007,2026-09-29,18,190.0,126
RWS01_MONICA_00D0010D840AD0070007,2026-09-29,19,182.0,130
RWS01_MONICA_00D0010D840AD0070007,2026-09-29,20,47.0,135
RWS01_MONICA_00D0010D840AD0070007,2026-09-29,21,41.0,136
RWS01_MONICA_00D0010D840AD0070007,2026-09-29,22,22.0,132
RWS01_MONICA_00D0010D840AD0070007,2026-09-29,23,8.0,132
RWS01_MONICA_00D0010D840AD007000B,2026-09-29,0,48.0,124
RWS01_MONICA_00D0010D840AD007000B,2026-09-29,1,27.0,119
RWS01_MONICA_00D0010D840AD007000B,2026-09-29,2,22.0,117
RWS01_MONICA_00D0010D840AD007000B,2026-09-29,3,20.0,119
RWS01_MONICA_00D0010D840AD007000B,2026-09-29,4,30.0,120
RWS01_MONICA_00D0010D840AD007000B,2026-09-29,5,77.0,119
RWS01_MONICA_00D0010D840AD007000B,2026-09-29,6,350.0,111
RWS01_MONICA_00D0010D840AD007000B,2026-09-29,7,712.0,108
RWS01_MONICA_00D0010D840AD007000B,2026-09-29,8,704.0,109
RWS01_MONICA_00D0010D840AD007000B,2026-09-29,9,483.0,110
RWS01_MONICA_00D0010D840AD007000B,2026-09-29,10,553.0,106
RWS01_MONICA_00D0010D840AD007000B,2026-09-29,11,663.0,105
RWS01_MONICA_00D0010D840AD007000B,2026-09-29,12,719.0,105
RWS01_MONICA_00D0010D840AD007000B,2026-09-29,13,767.8,106
RWS01_MONICA_00D0010D840AD007000B,2026-09-29,14,822.0,106
RWS01_MONICA_00D0010D840AD007000B,2026-09-29,15,1070.0,106
RWS01_MONICA_00D0010D840AD007000B,2026-09-29,16,1279.0,107
RWS01_MONICA_00D0010D840AD007000B,2026-09-29,17,1168.0,109
RWS01_MONICA_00D0010D840AD007000B,2026-09-29,18,609.0,112
RWS01_MONICA_00D0010D840AD007000B,2026-09-29,19,611.0,118
RWS01_MONICA_00D0010D840AD007000B,2026-09-29,20,355.0,122
RWS01_MONICA_00D0010D840AD007000B,2026-09-29,21,278.0,123
RWS01_MONICA_00D0010D840AD007000B,2026-09-29,22,190.0,125
RWS01_MONICA_00D0010D840AD007000B,2026-09-29,23,140.0,128
RWS01_MONICA_00D0010D840AD007000F,2026-09-29,0,134.0,110
RWS01_MONICA_00D0010D840AD007000F,2026-09-29,1,73.0,106
RWS01_MONICA_00D0010D840AD007000F,2026-09-29,2,68.0,97
RWS01_MONICA_00D0010D840AD007000F,2026-09-29,3,76.0,97
RWS01_MONICA_00D0010D840AD007000F,2026-09-29,4,118.0,101
RWS01_MONICA_00D0010D840AD007000F,2026-09-29,5,217.0,98
RWS01_MONICA_00D0010D840AD007000F,2026-09-29,6,477.0,98
RWS01_MONICA_00D0010D840AD007000F,2026-09-29,7,679.0,98
RWS01_MONICA_00D0010D840AD007000F,2026-09-29,8,685.0,100
RWS01_MONICA_00D0010D840AD007000F,2026-09-29,9,610.0,98
RWS01_MONICA_00D0010D840AD007000F,2026-09-29,10,633.0,96
RWS01_MONICA_00D0010D840AD007000F,2026-09-29,11,643.0,96
RWS01_MONICA_00D0010D840AD007000F,2026-09-29,12,682.4,95
RWS01_MONICA_00D0010D840AD007000F,2026-09-29,13,674.2,96
RWS01_MONICA_00D0010D840AD007000F,2026-09-29,14,699.0,96
RWS01_MONICA_00D0010D840AD007000F,2026-09-29,15,738.0,96
RWS01_MONICA_00D0010D840AD007000F,2026-09-29,16,839.0,98
RWS01_MONICA_00D0010D840AD007000F,2026-09-29,17,850.0,100
RWS01_MONICA_00D0010D840AD007000F,2026-09-29,18,623.0,102
RWS01_MONICA_00D0010D840AD007000F,2026-09-29,19,502.0,102
RWS01_MONICA_00D0010D840AD007000F,2026-09-29,20,416.0,109
RWS01_MONICA_00D0010D840AD007000F,2026-09-29,21,378.0,109
RWS01_MONICA_00D0010D840AD007000F,2026-09-29,22,306.0,109
RWS01_MONICA_00D0010D840AD007000F,2026-09-29,23,263.0,114
RWS01_MONICA_00D0010D840AD0070087,2026-09-29,0,35.0,107
RWS01_MONICA_00D0010D840AD0070087,2026-09-29,1,22.0,105
RWS01_MONICA_00D0010D840AD0070087,2026-09-29,2,13.0,96
RWS01_MONICA_00D0010D840AD0070087,2026-09-29,3,21.0,96
RWS01_MONICA_00D0010D840AD0070087,2026-09-29,4,38.0,96
RWS01_MONICA_00D0010D840AD0070087,2026-09-29,5,143.0,103
RWS01_MONICA_00D0010D840AD0070087,2026-09-29,6,366.0,99
RWS01_MONICA_00D0010D840AD0070087,2026-09-29,7,700.0,98
RWS01_MONICA_00D0010D840AD0070087,2026-09-29,8,636.0,99
RWS01_MONICA_00D0010D840AD0070087,2026-09-29,9,498.0,98
RWS01_MONICA_00D0010D840AD0070087,2026-09-29,10,451.0,97
RWS01_MONICA_00D0010D840AD0070087,2026-09-29,11,454.0,97
RWS01_MONICA_00D0010D840AD0070087,2026-09-29,12,566.4,97
RWS01_MONICA_00D0010D840AD0070087,2026-09-29,13,586.8,97
RWS01_MONICA_00D0010D840AD0070087,2026-09-29,14,621.0,97
RWS01_MONICA_00D0010D840AD0070087,2026-09-29,15,973.0,95
RWS01_MONICA_00D0010D840AD0070087,2026-09-29,16,1209.0,96
RWS01_MONICA_00D0010D840AD0070087,2026-09-29,17,1041.0,100
RWS01_MONICA_00D0010D840AD0070087,2026-09-29,18,498.0,102
RWS01_MONICA_00D0010D840AD0070087,2026-09-29,19,320.0,107
RWS01_MONICA_00D0010D840AD0070087,2026-09-29,20,202.0,109
RWS01_MONICA_00D0010D840AD0070087,2026-09-29,21,206.0,110
RWS01_MONICA_00D0010D840AD0070087,2026-09-29,22,184.0,111
RWS01_MONICA_00D0010D840AD0070087,2026-09-29,23,164.0,112
RWS01_MONICA_00D0010D840AD007008B,2026-09-29,0,24.0,104
RWS01_MONICA_00D0010D840AD007008B,2026-09-29,1,8.0,86
RWS01_MONICA_00D0010D840AD007008B,2026-09-29,2,4.0,94
RWS01_MONICA_00D0010D840AD007008B,2026-09-29,3,12.0,102
RWS01_MONICA_00D0010D840AD007008B,2026-09-29,4,17.0,86
RWS01_MONICA_00D0010D840AD007008B,2026-09-29,5,61.0,107
RWS01_MONICA_00D0010D840AD007008B,2026-09-29,6,133.0,99
RWS01_MONICA_00D0010D840AD007008B,2026-09-29,7,170.0,97
RWS01_MONICA_00D0010D840AD007008B,2026-09-29,8,191.0,96
RWS01_MONICA_00D0010D840AD007008B,2026-09-29,9,168.0,97
RWS01_MONICA_00D0010D840AD007008B,2026-09-29,10,192.0,95
RWS01_MONICA_00D0010D840AD007008B,2026-09-29,11,213.0,94
RWS01_MONICA_00D0010D840AD007008B,2026-09-29,12,184.1,96
RWS01_MONICA_00D0010D840AD007008B,2026-09-29,13,218.6,95
RWS01_MONICA_00D0010D840AD007008B,2026-09-29,14,218.0,96
RWS01_MONICA_00D0010D840AD007008B,2026-09-29,15,275.0,96
RWS01_MONICA_00D0010D840AD007008B,2026-09-29,16,304.0,98
RWS01_MONICA_00D0010D840AD007008B,2026-09-29,17,200.0,100
RWS01_MONICA_00D0010D840AD007008B,2026-09-29,18,145.0,100
RWS01_MONICA_00D0010D840AD007008B,2026-09-29,19,102.0,104
RWS01_MONICA_00D0010D840AD007008B,2026-09-29,20,76.0,103
RWS01_MONICA_00D0010D840AD007008B,2026-09-29,21,71.0,107
RWS01_MONICA_00D0010D840AD007008B,2026-09-29,22,49.0,107
RWS01_MONICA_00D0010D840AD007008B,2026-09-29,23,33.0,109
RWS01_MONICA_10D00107400FD0070007,2026-09-29,0,75.0,123
RWS01_MONICA_10D00107400FD0070007,2026-09-29,1,26.0,131
RWS01_MONICA_10D00107400FD0070007,2026-09-29,2,17.0,125
RWS01_MONICA_10D00107400FD0070007,2026-09-29,3,30.0,119
RWS01_MONICA_10D00107400FD0070007,2026-09-29,4,49.0,129
RWS01_MONICA_10D00107400FD0070007,2026-09-29,5,268.0,124
RWS01_MONICA_10D00107400FD0070007,2026-09-29,6,1247.0,113
RWS01_MONICA_10D00107400FD0070007,2026-09-29,7,2058.0,108
RWS01_MONICA_10D00107400FD0070007,2026-09-29,8,1578.0,111
RWS01_MONICA_10D00107400FD0070007,2026-09-29,9,1303.0,111
RWS01_MONICA_10D00107400FD0070007,2026-09-29,10,1044.0,110
RWS01_MONICA_10D00107400FD0070007,2026-09-29,11,1197.0,110
RWS01_MONICA_10D00107400FD0070007,2026-09-29,12,1396.3,111
RWS01_MONICA_10D00107400FD0070007,2026-09-29,13,1354.6,110
RWS01_MONICA_10D00107400FD0070007,2026-09-29,14,1677.0,109
RWS01_MONICA_10D00107400FD0070007,2026-09-29,15,1992.0,58
RWS01_MONICA_10D00107400FD0070007,2026-09-29,16,1875.0,53
RWS01_MONICA_10D00107400FD0070007,2026-09-29,17,1606.0,73
RWS01_MONICA_10D00107400FD0070007,2026-09-29,18,1314.0,115
RWS01_MONICA_10D00107400FD0070007,2026-09-29,19,860.0,121
RWS01_MONICA_10D00107400FD0070007,2026-09-29,20,660.0,123
RWS01_MONICA_10D00107400FD0070007,2026-09-29,21,615.0,125
RWS01_MONICA_10D00107400FD0070007,2026-09-29,22,524.0,126
RWS01_MONICA_10D00107400FD0070007,2026-09-29,23,277.0,130
RWS01_MONICA_10D00107400FD007000B,2026-09-29,0,308.0,105
RWS01_MONICA_10D00107400FD007000B,2026-09-29,1,184.0,102
RWS01_MONICA_10D00107400FD007000B,2026-09-29,2,157.0,102
RWS01_MONICA_10D00107400FD007000B,2026-09-29,3,162.0,96
RWS01_MONICA_10D00107400FD007000B,2026-09-29,4,232.0,101
RWS01_MONICA_10D00107400FD007000B,2026-09-29,5,537.0,97
RWS01_MONICA_10D00107400FD007000B,2026-09-29,6,1266.0,95
RWS01_MONICA_10D00107400FD007000B,2026-09-29,7,1847.0,94
RWS01_MONICA_10D00107400FD007000B,2026-09-29,8,1592.0,96
RWS01_MONICA_10D00107400FD007000B,2026-09-29,9,1497.0,96
RWS01_MONICA_10D00107400FD007000B,2026-09-29,10,1383.0,96
RWS01_MONICA_10D00107400FD007000B,2026-09-29,11,1373.0,95
RWS01_MONICA_10D00107400FD007000B,2026-09-29,12,1438.0,95
RWS01_MONICA_10D00107400FD007000B,2026-09-29,13,1450.2,94
RWS01_MONICA_10D00107400FD007000B,2026-09-29,14,1558.0,94
RWS01_MONICA_10D00107400FD007000B,2026-09-29,15,1647.0,51
RWS01_MONICA_10D00107400FD007000B,2026-09-29,16,1556.0,46
RWS01_MONICA_10D00107400FD007000B,2026-09-29,17,1374.0,67
RWS01_MONICA_10D00107400FD007000B,2026-09-29,18,1400.0,98
RWS01_MONICA_10D00107400FD007000B,2026-09-29,19,1113.0,102
RWS01_MONICA_10D00107400FD007000B,2026-09-29,20,1036.0,102
RWS01_MONICA_10D00107400FD007000B,2026-09-29,21,840.0,103
RWS01_MONICA_10D00107400FD007000B,2026-09-29,22,695.0,105
RWS01_MONICA_10D00107400FD007000B,2026-09-29,23,559.0,108
RWS01_MONICA_10D00107400FD0070187,2026-09-29,0,0.0,0
RWS01_MONICA_10D00107400FD0070187,2026-09-29,1,0.0,0
RWS01_MONICA_10D00107400FD0070187,2026-09-29,2,0.0,0
RWS01_MONICA_10D00107400FD0070187,2026-09-29,3,0.0,0
RWS01_MONICA_10D00107400FD0070187,2026-09-29,4,0.0,0
RWS01_MONICA_10D00107400FD0070187,2026-09-29,5,0.0,0
RWS01_MONICA_10D00107400FD0070187,2026-09-29,6,311.0,88
RWS01_MONICA_10D00107400FD0070187,2026-09-29,7,1001.0,87
RWS01_MONICA_10D00107400FD0070187,2026-09-29,8,806.0,89
RWS01_MONICA_10D00107400FD0070187,2026-09-29,9,740.0,87
RWS01_MONICA_10D00107400FD0070187,2026-09-29,10,714.0,87
RWS01_MONICA_10D00107400FD0070187,2026-09-29,11,786.0,86
RWS01_MONICA_10D00107400FD0070187,2026-09-29,12,860.3,87
RWS01_MONICA_10D00107400FD0070187,2026-09-29,13,858.3,86
RWS01_MONICA_10D00107400FD0070187,2026-09-29,14,916.0,87
RWS01_MONICA_10D00107400FD0070187,2026-09-29,15,1133.0,45
RWS01_MONICA_10D00107400FD0070187,2026-09-29,16,1064.0,45
RWS01_MONICA_10D00107400FD0070187,2026-09-29,17,882.0,64
RWS01_MONICA_10D00107400FD0070187,2026-09-29,18,706.0,91
RWS01_MONICA_10D00107400FD0070187,2026-09-29,19,329.0,92
RWS01_MONICA_10D00107400FD0070187,2026-09-29,20,0.0,0
RWS01_MONICA_10D00107400FD0070187,2026-09-29,21,0.0,0
RWS01_MONICA_10D00107400FD0070187,2026-09-29,22,0.0,0
RWS01_MONICA_10D00107400FD0070187,2026-09-29,23,0.0,0
RWS01_MONIBAS_0011hrl0434ra,2026-10-06,0,208.7,113
RWS01_MONIBAS_0011hrl0434ra,2026-10-06,1,133.8,108
RWS01_MONIBAS_0011hrl0434ra,2026-10-06,2,157.5,104
RWS01_MONIBAS_0011hrl0434ra,2026-10-06,3,198.5,105
RWS01_MONIBAS_0011hrl0434ra,2026-10-06,4,306.2,108
RWS01_MONIBAS_0011hrl0434ra,2026-10-06,5,1331.0,107
RWS01_MONIBAS_0011hrl0434ra,2026-10-06,6,3675.3,91
RWS01_MONIBAS_0011hrl0434ra,2026-10-06,7,3857.0,68
RWS01_MONIBAS_0011hrl0434ra,2026-10-06,8,4040.4,69
RWS01_MONIBAS_0011hrl0434ra,2026-10-06,9,3144.0,84
RWS01_MONIBAS_0011hrl0434ra,2026-10-06,10,2896.0,95
RWS01_MONIBAS_0011hrl0434ra,2026-10-06,11,2990.4,96
RWS01_MONIBAS_0011hrl0434ra,2026-10-06,12,3361.1,95
RWS01_MONIBAS_0011hrl0434ra,2026-10-06,13,2657.4,98
RWS01_MONIBAS_0011hrl0434ra,2026-10-06,14,3291.4,94
RWS01_MONIBAS_0011hrl0434ra,2026-10-06,15,2348.6,18
RWS01_MONIBAS_0011hrl0434ra,2026-10-06,16,4030.0,61
RWS01_MONIBAS_0011hrl0434ra,2026-10-06,17,3647.5,68
RWS01_MONIBAS_0011hrl0434ra,2026-10-06,18,3162.2,87
RWS01_MONIBAS_0011hrl0434ra,2026-10-06,19,2088.9,106
RWS01_MONIBAS_0011hrl0434ra,2026-10-06,20,1638.6,109
RWS01_MONIBAS_0011hrl0434ra,2026-10-06,21,1576.6,109
RWS01_MONIBAS_0011hrl0434ra,2026-10-06,22,1234.6,110
RWS01_MONIBAS_0011hrl0434ra,2026-10-06,23,537.8,113
RWS01_MONIBAS_0011hrl0460ra,2026-10-06,0,266.1,105
RWS01_MONIBAS_0011hrl0460ra,2026-10-06,1,161.5,101
RWS01_MONIBAS_0011hrl0460ra,2026-10-06,2,183.8,98
RWS01_MONIBAS_0011hrl0460ra,2026-10-06,3,155.4,98
RWS01_MONIBAS_0011hrl0460ra,2026-10-06,4,330.0,97
RWS01_MONIBAS_0011hrl0460ra,2026-10-06,5,1451.0,104
RWS01_MONIBAS_0011hrl0460ra,2026-10-06,6,3268.5,97
RWS01_MONIBAS_0011hrl0460ra,2026-10-06,7,3284.0,98
RWS01_MONIBAS_0011hrl0460ra,2026-10-06,8,3632.3,97
RWS01_MONIBAS_0011hrl0460ra,2026-10-06,9,3213.2,96
RWS01_MONIBAS_0011hrl0460ra,2026-10-06,10,2785.5,97
RWS01_MONIBAS_0011hrl0460ra,2026-10-06,11,2902.6,97
RWS01_MONIBAS_0011hrl0460ra,2026-10-06,12,3192.6,97
RWS01_MONIBAS_0011hrl0460ra,2026-10-06,13,1474.5,99
RWS01_MONIBAS_0011hrl0460ra,2026-10-06,14,2092.5,98
RWS01_MONIBAS_0011hrl0460ra,2026-10-06,15,2911.0,98
RWS01_MONIBAS_0011hrl0460ra,2026-10-06,16,3581.2,100
RWS01_MONIBAS_0011hrl0460ra,2026-10-06,17,3705.0,100
RWS01_MONIBAS_0011hrl0460ra,2026-10-06,18,2721.4,102
RWS01_MONIBAS_0011hrl0460ra,2026-10-06,19,2018.6,108
RWS01_MONIBAS_0011hrl0460ra,2026-10-06,20,1501.9,109
RWS01_MONIBAS_0011hrl0460ra,2026-10-06,21,1274.5,111
RWS01_MONIBAS_0011hrl0460ra,2026-10-06,22,1122.2,109
RWS01_MONIBAS_0011hrl0460ra,2026-10-06,23,482.2,107
RWS01_MONIBAS_0011hrl0856ra,2026-10-06,0,2400.0,106
RWS01_MONIBAS_0011hrl0856ra,2026-10-06,1,2400.0,106
RWS01_MONIBAS_0011hrl0856ra,2026-10-06,2,2400.0,106
RWS01_MONIBAS_0011hrl0856ra,2026-10-06,3,2400.0,106
RWS01_MONIBAS_0011hrl0856ra,2026-10-06,4,2400.0,106
RWS01_MONIBAS_0011hrl0856ra,2026-10-06,5,2400.0,106
RWS01_MONIBAS_0011hrl0856ra,2026-10-06,6,2400.0,106
RWS01_MONIBAS_0011hrl0856ra,2026-10-06,7,2400.0,106
RWS01_MONIBAS_0011hrl0856ra,2026-10-06,8,2400.0,106
RWS01_MONIBAS_0011hrl0856ra,2026-10-06,9,2400.0,106
RWS01_MONIBAS_0011hrl0856ra,2026-10-06,10,2400.0,106
RWS01_MONIBAS_0011hrl0856ra,2026-10-06,11,2400.0,106
RWS01_MONIBAS_0011hrl0856ra,2026-10-06,12,2400.0,106
RWS01_MONIBAS_0011hrl0856ra,2026-10-06,13,2400.0,106
RWS01_MONIBAS_0011hrl0856ra,2026-10-06,14,2400.0,106
RWS01_MONIBAS_0011hrl0856ra,2026-10-06,15,2400.0,106
RWS01_MONIBAS_0011hrl0856ra,2026-10-06,16,2400.0,106
RWS01_MONIBAS_0011hrl0856ra,2026-10-06,17,2400.0,106
RWS01_MONIBAS_0011hrl0856ra,2026-10-06,18,2400.0,106
RWS01_MONIBAS_0011hrl0856ra,2026-10-06,19,2400.0,106
RWS01_MONIBAS_0011hrl0856ra,2026-10-06,20,2400.0,106
RWS01_MONIBAS_0011hrl0856ra,2026-10-06,21,2400.0,106
RWS01_MONIBAS_0011hrl0856ra,2026-10-06,22,2400.0,106
RWS01_MONIBAS_0011hrl0856ra,2026-10-06,23,2400.0,106
RWS01_MONIBAS_0011hrl0987ra,2026-10-06,0,237.0,100
RWS01_MONIBAS_0011hrl0987ra,2026-10-06,1,188.0,97
RWS01_MONIBAS_0011hrl0987ra,2026-10-06,2,166.0,96
RWS01_MONIBAS_0011hrl0987ra,2026-10-06,3,254.0,94
RWS01_MONIBAS_0011hrl0987ra,2026-10-06,4,539.0,98
RWS01_MONIBAS_0011hrl0987ra,2026-10-06,5,2279.0,103
RWS01_MONIBAS_0011hrl0987ra,2026-10-06,6,4839.0,97
RWS01_MONIBAS_0011hrl0987ra,2026-10-06,7,6190.0,95
RWS01_MONIBAS_0011hrl0987ra,2026-10-06,8,5445.0,96
RWS01_MONIBAS_0011hrl0987ra,2026-10-06,9,3677.0,89
RWS01_MONIBAS_0011hrl0987ra,2026-10-06,10,2857.0,98
RWS01_MONIBAS_0011hrl0987ra,2026-10-06,11,3004.0,97
RWS01_MONIBAS_0011hrl0987ra,2026-10-06,12,3098.0,98
RWS01_MONIBAS_0011hrl0987ra,2026-10-06,13,2987.0,99
RWS01_MONIBAS_0011hrl0987ra,2026-10-06,14,3184.0,99
RWS01_MONIBAS_0011hrl0987ra,2026-10-06,15,3571.0,99
RWS01_MONIBAS_0011hrl0987ra,2026-10-06,16,4208.0,99
RWS01_MONIBAS_0011hrl0987ra,2026-10-06,17,4146.0,101
RWS01_MONIBAS_0011hrl0987ra,2026-10-06,18,2301.0,104
RWS01_MONIBAS_0011hrl0987ra,2026-10-06,19,1491.0,105
RWS01_MONIBAS_0011hrl0987ra,2026-10-06,20,1119.0,106
RWS01_MONIBAS_0011hrl0987ra,2026-10-06,21,946.0,108
RWS01_MONIBAS_0011hrl0987ra,2026-10-06,22,707.0,106
RWS01_MONIBAS_0011hrl0987ra,2026-10-06,23,401.0,104
RWS01_MONIBAS_0011hrl1076ra,2026-10-06,0,178.0,105
RWS01_MONIBAS_0011hrl1076ra,2026-10-06,1,152.0,100
RWS01_MONIBAS_0011hrl1076ra,2026-10-06,2,159.0,96
RWS01_MONIBAS_0011hrl1076ra,2026-10-06,3,198.0,97
RWS01_MONIBAS_0011hrl1076ra,2026-10-06,4,452.0,100
RWS01_MONIBAS_0011hrl1076ra,2026-10-06,5,1769.0,109
RWS01_MONIBAS_0011hrl1076ra,2026-10-06,6,3555.0,103
RWS01_MONIBAS_0011hrl1076ra,2026-10-06,7,4653.0,101
RWS01_MONIBAS_0011hrl1076ra,2026-10-06,8,4462.0,102
RWS01_MONIBAS_0011hrl1076ra,2026-10-06,9,2899.0,101
RWS01_MONIBAS_0011hrl1076ra,2026-10-06,10,2187.0,102
RWS01_MONIBAS_0011hrl1076ra,2026-10-06,11,2156.0,102
RWS01_MONIBAS_0011hrl1076ra,2026-10-06,12,2311.0,103
RWS01_MONIBAS_0011hrl1076ra,2026-10-06,13,2228.0,103
RWS01_MONIBAS_0011hrl1076ra,2026-10-06,14,2315.0,103
RWS01_MONIBAS_0011hrl1076ra,2026-10-06,15,2518.0,104
RWS01_MONIBAS_0011hrl1076ra,2026-10-06,16,2826.0,105
RWS01_MONIBAS_0011hrl1076ra,2026-10-06,17,2878.0,107
RWS01_MONIBAS_0011hrl1076ra,2026-10-06,18,1678.0,108
RWS01_MONIBAS_0011hrl1076ra,2026-10-06,19,1060.0,106
RWS01_MONIBAS_0011hrl1076ra,2026-10-06,20,847.0,105
RWS01_MONIBAS_0011hrl1076ra,2026-10-06,21,708.0,118
RWS01_MONIBAS_0011hrl1076ra,2026-10-06,22,541.0,116
RWS01_MONIBAS_0011hrl1076ra,2026-10-06,23,295.0,112
RWS01_MONIBAS_0011hrr0851ra_1,2026-10-06,0,200.0,111
RWS01_MONIBAS_0011hrr0851ra_1,2026-10-06,1,112.0,102
RWS01_MONIBAS_0011hrr0851ra_1,2026-10-06,2,105.0,103
RWS01_MONIBAS_0011hrr0851ra_1,2026-10-06,3,106.0,103
RWS01_MONIBAS_0011hrr0851ra_1,2026-10-06,4,152.0,98
RWS01_MONIBAS_0011hrr0851ra_1,2026-10-06,5,469.0,109
RWS01_MONIBAS_0011hrr0851ra_1,2026-10-06,6,1413.0,108
RWS01_MONIBAS_0011hrr0851ra_1,2026-10-06,7,2317.0,107
RWS01_MONIBAS_0011hrr0851ra_1,2026-10-06,8,2514.0,107
RWS01_MONIBAS_0011hrr0851ra_1,2026-10-06,9,1949.0,106
RWS01_MONIBAS_0011hrr0851ra_1,2026-10-06,10,1991.0,104
RWS01_MONIBAS_0011hrr0851ra_1,2026-10-06,11,1996.0,104
RWS01_MONIBAS_0011hrr0851ra_1,2026-10-06,12,2242.0,104
RWS01_MONIBAS_0011hrr0851ra_1,2026-10-06,13,2472.0,104
RWS01_MONIBAS_0011hrr0851ra_1,2026-10-06,14,2783.0,103
RWS01_MONIBAS_0011hrr0851ra_1,2026-10-06,15,3574.0,104
RWS01_MONIBAS_0011hrr0851ra_1,2026-10-06,16,4838.0,103
RWS01_MONIBAS_0011hrr0851ra_1,2026-10-06,17,4280.0,106
RWS01_MONIBAS_0011hrr0851ra_1,2026-10-06,18,2419.0,109
RWS01_MONIBAS_0011hrr0851ra_1,2026-10-06,19,1499.0,116
RWS01_MONIBAS_0011hrr0851ra_1,2026-10-06,20,1166.0,119
RWS01_MONIBAS_0011hrr0851ra_1,2026-10-06,21,693.0,118
RWS01_MONIBAS_0011hrr0851ra_1,2026-10-06,22,670.0,118
RWS01_MONIBAS_0011hrr0851ra_1,2026-10-06,23,322.0,116
RWS01_MONIBAS_0011hrr1044ra,2026-10-06,0,359.0,106
RWS01_MONIBAS_0011hrr1044ra,2026-10-06,1,228.0,99
RWS01_MONIBAS_0011hrr1044ra,2026-10-06,2,200.0,99
RWS01_MONIBAS_0011hrr1044ra,2026-10-06,3,196.0,96
RWS01_MONIBAS_0011hrr1044ra,2026-10-06,4,259.0,96
RWS01_MONIBAS_0011hrr1044ra,2026-10-06,5,628.0,100
RWS01_MONIBAS_0011hrr1044ra,2026-10-06,6,2139.0,103
RWS01_MONIBAS_0011hrr1044ra,2026-10-06,7,3712.0,105
RWS01_MONIBAS_0011hrr1044ra,2026-10-06,8,3829.0,106
RWS01_MONIBAS_0011hrr1044ra,2026-10-06,9,2697.0,104
RWS01_MONIBAS_0011hrr1044ra,2026-10-06,10,2728.0,102
RWS01_MONIBAS_0011hrr1044ra,2026-10-06,11,2600.0,101
RWS01_MONIBAS_0011hrr1044ra,2026-10-06,12,2895.0,101
RWS01_MONIBAS_0011hrr1044ra,2026-10-06,13,3336.0,103
RWS01_MONIBAS_0011hrr1044ra,2026-10-06,14,3594.0,103
RWS01_MONIBAS_0011hrr1044ra,2026-10-06,15,4563.0,104
RWS01_MONIBAS_0011hrr1044ra,2026-10-06,16,6117.0,105
RWS01_MONIBAS_0011hrr1044ra,2026-10-06,17,5829.0,106
RWS01_MONIBAS_0011hrr1044ra,2026-10-06,18,3413.0,108
RWS01_MONIBAS_0011hrr1044ra,2026-10-06,19,2271.0,108
RWS01_MONIBAS_0011hrr1044ra,2026-10-06,20,1698.0,109
RWS01_MONIBAS_0011hrr1044ra,2026-10-06,21,1191.0,110
RWS01_MONIBAS_0011hrr1044ra,2026-10-06,22,1222.0,112
RWS01_MONIBAS_0011hrr1044ra,2026-10-06,23,671.0,110
RWS01_MONIBAS_0011hrr1076ra,2026-10-06,0,252.0,106
RWS01_MONIBAS_0011hrr1076ra,2026-10-06,1,173.0,99
RWS01_MONIBAS_0011hrr1076ra,2026-10-06,2,160.0,97
RWS01_MONIBAS_0011hrr1076ra,2026-10-06,3,170.0,94
RWS01_MONIBAS_0011hrr1076ra,2026-10-06,4,211.0,94
RWS01_MONIBAS_0011hrr1076ra,2026-10-06,5,502.0,103
RWS01_MONIBAS_0011hrr1076ra,2026-10-06,6,1674.0,105
RWS01_MONIBAS_0011hrr1076ra,2026-10-06,7,2792.0,106
RWS01_MONIBAS_0011hrr1076ra,2026-10-06,8,2511.0,107
RWS01_MONIBAS_0011hrr1076ra,2026-10-06,9,1880.0,105
RWS01_MONIBAS_0011hrr1076ra,2026-10-06,10,2077.0,102
RWS01_MONIBAS_0011hrr1076ra,2026-10-06,11,2038.0,101
RWS01_MONIBAS_0011hrr1076ra,2026-10-06,12,2166.0,103
RWS01_MONIBAS_0011hrr1076ra,2026-10-06,13,2474.0,102
RWS01_MONIBAS_0011hrr1076ra,2026-10-06,14,2695.0,102
RWS01_MONIBAS_0011hrr1076ra,2026-10-06,15,3641.0,102
RWS01_MONIBAS_0011hrr1076ra,2026-10-06,16,4868.0,102
RWS01_MONIBAS_0011hrr1076ra,2026-10-06,17,4447.0,104
RWS01_MONIBAS_0011hrr1076ra,2026-10-06,18,2437.0,108
RWS01_MONIBAS_0011hrr1076ra,2026-10-06,19,1696.0,112
RWS01_MONIBAS_0011hrr1076ra,2026-10-06,20,1255.0,115
RWS01_MONIBAS_0011hrr1076ra,2026-10-06,21,881.0,118
RWS01_MONIBAS_0011hrr1076ra,2026-10-06,22,868.0,120
RWS01_MONIBAS_0011hrr1076ra,2026-10-06,23,499.0,117
RWS01_MONICA_00D00106CC55D0070007,2026-10-06,0,23.0,126
RWS01_MONICA_00D00106CC55D0070007,2026-10-06,1,11.0,122
RWS01_MONICA_00D00106CC55D0070007,2026-10-06,2,12.0,117
RWS01_MONICA_00D00106CC55D0070007,2026-10-06,3,7.0,124
RWS01_MONICA_00D00106CC55D0070007,2026-10-06,4,21.0,122
RWS01_MONICA_00D00106CC55D0070007,2026-10-06,5,102.0,122
RWS01_MONICA_00D00106CC55D0070007,2026-10-06,6,591.0,114
RWS01_MONICA_00D00106CC55D0070007,2026-10-06,7,1412.0,101
RWS01_MONICA_00D00106CC55D0070007,2026-10-06,8,970.0,106
RWS01_MONICA_00D00106CC55D0070007,2026-10-06,9,792.0,109
RWS01_MONICA_00D00106CC55D0070007,2026-10-06,10,664.0,108
RWS01_MONICA_00D00106CC55D0070007,2026-10-06,11,623.0,108
RWS01_MONICA_00D00106CC55D0070007,2026-10-06,12,755.0,108
RWS01_MONICA_00D00106CC55D0070007,2026-10-06,13,725.0,108
RWS01_MONICA_00D00106CC55D0070007,2026-10-06,14,893.0,108
RWS01_MONICA_00D00106CC55D0070007,2026-10-06,15,1207.0,90
RWS01_MONICA_00D00106CC55D0070007,2026-10-06,16,1258.0,106
RWS01_MONICA_00D00106CC55D0070007,2026-10-06,17,1147.0,109
RWS01_MONICA_00D00106CC55D0070007,2026-10-06,18,601.0,115
RWS01_MONICA_00D00106CC55D0070007,2026-10-06,19,393.0,121
RWS01_MONICA_00D00106CC55D0070007,2026-10-06,20,37.0,106
RWS01_MONICA_00D00106CC55D007000B,2026-10-06,0,200.0,111
RWS01_MONICA_00D00106CC55D007000B,2026-10-06,1,118.0,106
RWS01_MONICA_00D00106CC55D007000B,2026-10-06,2,109.0,109
RWS01_MONICA_00D00106CC55D007000B,2026-10-06,3,77.0,103
RWS01_MONICA_00D00106CC55D007000B,2026-10-06,4,157.0,102
RWS01_MONICA_00D00106CC55D007000B,2026-10-06,5,301.0,104
RWS01_MONICA_00D00106CC55D007000B,2026-10-06,6,864.0,100
RWS01_MONICA_00D00106CC55D007000B,2026-10-06,7,1195.0,90
RWS01_MONICA_00D00106CC55D007000B,2026-10-06,8,1148.0,95
RWS01_MONICA_00D00106CC55D007000B,2026-10-06,9,1139.0,97
RWS01_MONICA_00D00106CC55D007000B,2026-10-06,10,1127.0,96
RWS01_MONICA_00D00106CC55D007000B,2026-10-06,11,1093.0,96
RWS01_MONICA_00D00106CC55D007000B,2026-10-06,12,1099.0,95
RWS01_MONICA_00D00106CC55D007000B,2026-10-06,13,1208.0,97
RWS01_MONICA_00D00106CC55D007000B,2026-10-06,14,1229.0,96
RWS01_MONICA_00D00106CC55D007000B,2026-10-06,15,1290.0,91
RWS01_MONICA_00D00106CC55D007000B,2026-10-06,16,1372.0,96
RWS01_MONICA_00D00106CC55D007000B,2026-10-06,17,1357.0,97
RWS01_MONICA_00D00106CC55D007000B,2026-10-06,18,1102.0,102
RWS01_MONICA_00D00106CC55D007000B,2026-10-06,19,776.0,107
RWS01_MONICA_00D00106CC55D007000B,2026-10-06,20,382.0,87
RWS01_MONICA_00D00106CC55D0070087,2026-10-06,0,179.0,104
RWS01_MONICA_00D00106CC55D0070087,2026-10-06,1,86.0,102
RWS01_MONICA_00D00106CC55D0070087,2026-10-06,2,65.0,99
RWS01_MONICA_00D00106CC55D0070087,2026-10-06,3,56.0,99
RWS01_MONICA_00D00106CC55D0070087,2026-10-06,4,107.0,99
RWS01_MONICA_00D00106CC55D0070087,2026-10-06,5,206.0,105
RWS01_MONICA_00D00106CC55D0070087,2026-10-06,6,527.0,103
RWS01_MONICA_00D00106CC55D0070087,2026-10-06,7,1259.0,71
RWS01_MONICA_00D00106CC55D0070087,2026-10-06,8,1185.0,86
RWS01_MONICA_00D00106CC55D0070087,2026-10-06,9,718.0,99
RWS01_MONICA_00D00106CC55D0070087,2026-10-06,10,623.0,99
RWS01_MONICA_00D00106CC55D0070087,2026-10-06,11,641.0,98
RWS01_MONICA_00D00106CC55D0070087,2026-10-06,12,733.0,97
RWS01_MONICA_00D00106CC55D0070087,2026-10-06,13,748.0,98
RWS01_MONICA_00D00106CC55D0070087,2026-10-06,14,880.0,98
RWS01_MONICA_00D00106CC55D0070087,2026-10-06,15,1190.0,96
RWS01_MONICA_00D00106CC55D0070087,2026-10-06,16,1086.0,99
RWS01_MONICA_00D00106CC55D0070087,2026-10-06,17,1116.0,100
RWS01_MONICA_00D00106CC55D0070087,2026-10-06,18,708.0,102
RWS01_MONICA_00D00106CC55D0070087,2026-10-06,19,557.0,106
RWS01_MONICA_00D00106CC55D0070087,2026-10-06,20,881.0,81
RWS01_MONICA_00D00106CC55D0070087,2026-10-06,21,0.0,0
RWS01_MONICA_00D00106CC55D007008B,2026-10-06,0,101.0,101
RWS01_MONICA_00D00106CC55D007008B,2026-10-06,1,76.0,99
RWS01_MONICA_00D00106CC55D007008B,2026-10-06,2,48.0,99
RWS01_MONICA_00D00106CC55D007008B,2026-10-06,3,35.0,94
RWS01_MONICA_00D00106CC55D007008B,2026-10-06,4,67.0,100
RWS01_MONICA_00D00106CC55D007008B,2026-10-06,5,189.0,104
RWS01_MONICA_00D00106CC55D007008B,2026-10-06,6,799.0,100
RWS01_MONICA_00D00106CC55D007008B,2026-10-06,7,1513.0,44
RWS01_MONICA_00D00106CC55D007008B,2026-10-06,8,1424.0,66
RWS01_MONICA_00D00106CC55D007008B,2026-10-06,9,1240.0,95
RWS01_MONICA_00D00106CC55D007008B,2026-10-06,10,864.0,96
RWS01_MONICA_00D00106CC55D007008B,2026-10-06,11,835.0,96
RWS01_MONICA_00D00106CC55D007008B,2026-10-06,12,1025.0,94
RWS01_MONICA_00D00106CC55D007008B,2026-10-06,13,1007.0,95
RWS01_MONICA_00D00106CC55D007008B,2026-10-06,14,1078.0,95
RWS01_MONICA_00D00106CC55D007008B,2026-10-06,15,1231.0,94
RWS01_MONICA_00D00106CC55D007008B,2026-10-06,16,1387.0,96
RWS01_MONICA_00D00106CC55D007008B,2026-10-06,17,1494.0,96
RWS01_MONICA_00D00106CC55D007008B,2026-10-06,18,1010.0,99
RWS01_MONICA_00D00106CC55D007008B,2026-10-06,19,684.0,102
RWS01_MONICA_00D00106CC55D007008B,2026-10-06,20,606.0,84
RWS01_MONICA_00D00106CC55D007008B,2026-10-06,21,1218.0,53
RWS01_MONICA_00D00106CC55D007008B,2026-10-06,22,833.0,78
RWS01_MONICA_00D00106CC55D007008B,2026-10-06,23,576.0,80
RWS01_MONICA_00D0010D840AD0070007,2026-10-06,0,0.0,0
RWS01_MONICA_00D0010D840AD0070007,2026-10-06,1,1.0,157
RWS01_MONICA_00D0010D840AD0070007,2026-10-06,2,0.0,0
RWS01_MONICA_00D0010D840AD0070007,2026-10-06,3,1.0,132
RWS01_MONICA_00D0010D840AD0070007,2026-10-06,4,0.0,0
RWS01_MONICA_00D0010D840AD0070007,2026-10-06,5,2.0,117
RWS01_MONICA_00D0010D840AD0070007,2026-10-06,6,74.0,123
RWS01_MONICA_00D0010D840AD0070007,2026-10-06,7,163.0,120
RWS01_MONICA_00D0010D840AD0070007,2026-10-06,8,186.0,123
RWS01_MONICA_00D0010D840AD0070007,2026-10-06,9,98.0,120
RWS01_MONICA_00D0010D840AD0070007,2026-10-06,10,152.0,118
RWS01_MONICA_00D0010D840AD0070007,2026-10-06,11,134.0,116
RWS01_MONICA_00D0010D840AD0070007,2026-10-06,12,164.0,118
RWS01_MONICA_00D0010D840AD0070007,2026-10-06,13,239.0,115
RWS01_MONICA_00D0010D840AD0070007,2026-10-06,14,322.0,117
RWS01_MONICA_00D0010D840AD0070007,2026-10-06,15,556.0,118
RWS01_MONICA_00D0010D840AD0070007,2026-10-06,16,1003.0,115
RWS01_MONICA_00D0010D840AD0070007,2026-10-06,17,788.0,118
RWS01_MONICA_00D0010D840AD0070007,2026-10-06,18,324.0,124
RWS01_MONICA_00D0010D840AD0070007,2026-10-06,19,132.0,131
RWS01_MONICA_00D0010D840AD0070007,2026-10-06,20,55.0,133
RWS01_MONICA_00D0010D840AD0070007,2026-10-06,21,21.0,129
RWS01_MONICA_00D0010D840AD0070007,2026-10-06,22,18.0,128
RWS01_MONICA_00D0010D840AD0070007,2026-10-06,23,4.0,142
RWS01_MONICA_00D0010D840AD007000B,2026-10-06,0,44.0,121
RWS01_MONICA_00D0010D840AD007000B,2026-10-06,1,16.0,119
RWS01_MONICA_00D0010D840AD007000B,2026-10-06,2,20.0,124
RWS01_MONICA_00D0010D840AD007000B,2026-10-06,3,19.0,123
RWS01_MONICA_00D0010D840AD007000B,2026-10-06,4,12.0,123
RWS01_MONICA_00D0010D840AD007000B,2026-10-06,5,67.0,121
RWS01_MONICA_00D0010D840AD007000B,2026-10-06,6,327.0,113
RWS01_MONICA_00D0010D840AD007000B,2026-10-06,7,641.0,110
RWS01_MONICA_00D0010D840AD007000B,2026-10-06,8,712.0,110
RWS01_MONICA_00D0010D840AD007000B,2026-10-06,9,492.0,109
RWS01_MONICA_00D0010D840AD007000B,2026-10-06,10,583.0,106
RWS01_MONICA_00D0010D840AD007000B,2026-10-06,11,590.0,105
RWS01_MONICA_00D0010D840AD007000B,2026-10-06,12,666.0,107
RWS01_MONICA_00D0010D840AD007000B,2026-10-06,13,730.0,105
RWS01_MONICA_00D0010D840AD007000B,2026-10-06,14,851.0,106
RWS01_MONICA_00D0010D840AD007000B,2026-10-06,15,1031.0,107
RWS01_MONICA_00D0010D840AD007000B,2026-10-06,16,1394.0,106
RWS01_MONICA_00D0010D840AD007000B,2026-10-06,17,1262.0,107
RWS01_MONICA_00D0010D840AD007000B,2026-10-06,18,748.0,111
RWS01_MONICA_00D0010D840AD007000B,2026-10-06,19,492.0,118
RWS01_MONICA_00D0010D840AD007000B,2026-10-06,20,362.0,121
RWS01_MONICA_00D0010D840AD007000B,2026-10-06,21,161.0,120
RWS01_MONICA_00D0010D840AD007000B,2026-10-06,22,183.0,123
RWS01_MONICA_00D0010D840AD007000B,2026-10-06,23,50.0,123
RWS01_MONICA_00D0010D840AD007000F,2026-10-06,0,104.0,106
RWS01_MONICA_00D0010D840AD007000F,2026-10-06,1,70.0,98
RWS01_MONICA_00D0010D840AD007000F,2026-10-06,2,64.0,100
RWS01_MONICA_00D0010D840AD007000F,2026-10-06,3,57.0,100
RWS01_MONICA_00D0010D840AD007000F,2026-10-06,4,65.0,98
RWS01_MONICA_00D0010D840AD007000F,2026-10-06,5,183.0,100
RWS01_MONICA_00D0010D840AD007000F,2026-10-06,6,483.0,97
RWS01_MONICA_00D0010D840AD007000F,2026-10-06,7,692.0,99
RWS01_MONICA_00D0010D840AD007000F,2026-10-06,8,707.0,100
RWS01_MONICA_00D0010D840AD007000F,2026-10-06,9,580.0,98
RWS01_MONICA_00D0010D840AD007000F,2026-10-06,10,596.0,96
RWS01_MONICA_00D0010D840AD007000F,2026-10-06,11,625.0,96
RWS01_MONICA_00D0010D840AD007000F,2026-10-06,12,687.0,96
RWS01_MONICA_00D0010D840AD007000F,2026-10-06,13,682.0,97
RWS01_MONICA_00D0010D840AD007000F,2026-10-06,14,700.0,96
RWS01_MONICA_00D0010D840AD007000F,2026-10-06,15,772.0,97
RWS01_MONICA_00D0010D840AD007000F,2026-10-06,16,890.0,98
RWS01_MONICA_00D0010D840AD007000F,2026-10-06,17,833.0,99
RWS01_MONICA_00D0010D840AD007000F,2026-10-06,18,702.0,101
RWS01_MONICA_00D0010D840AD007000F,2026-10-06,19,483.0,105
RWS01_MONICA_00D0010D840AD007000F,2026-10-06,20,444.0,108
RWS01_MONICA_00D0010D840AD007000F,2026-10-06,21,300.0,112
RWS01_MONICA_00D0010D840AD007000F,2026-10-06,22,308.0,111
RWS01_MONICA_00D0010D840AD007000F,2026-10-06,23,150.0,112
RWS01_MONICA_00D0010D840AD0070087,2026-10-06,0,30.0,101
RWS01_MONICA_00D0010D840AD0070087,2026-10-06,1,16.0,97
RWS01_MONICA_00D0010D840AD0070087,2026-10-06,2,15.0,96
RWS01_MONICA_00D0010D840AD0070087,2026-10-06,3,15.0,95
RWS01_MONICA_00D0010D840AD0070087,2026-10-06,4,51.0,95
RWS01_MONICA_00D0010D840AD0070087,2026-10-06,5,158.0,104
RWS01_MONICA_00D0010D840AD0070087,2026-10-06,6,371.0,100
RWS01_MONICA_00D0010D840AD0070087,2026-10-06,7,661.0,99
RWS01_MONICA_00D0010D840AD0070087,2026-10-06,8,726.0,99
RWS01_MONICA_00D0010D840AD0070087,2026-10-06,9,543.0,98
RWS01_MONICA_00D0010D840AD0070087,2026-10-06,10,460.0,97
RWS01_MONICA_00D0010D840AD0070087,2026-10-06,11,485.0,96
RWS01_MONICA_00D0010D840AD0070087,2026-10-06,12,529.0,98
RWS01_MONICA_00D0010D840AD0070087,2026-10-06,13,584.0,98
RWS01_MONICA_00D0010D840AD0070087,2026-10-06,14,669.0,96
RWS01_MONICA_00D0010D840AD0070087,2026-10-06,15,939.0,97
RWS01_MONICA_00D0010D840AD0070087,2026-10-06,16,1262.0,95
RWS01_MONICA_00D0010D840AD0070087,2026-10-06,17,1140.0,99
RWS01_MONICA_00D0010D840AD0070087,2026-10-06,18,510.0,102
RWS01_MONICA_00D0010D840AD0070087,2026-10-06,19,318.0,108
RWS01_MONICA_00D0010D840AD0070087,2026-10-06,20,223.0,109
RWS01_MONICA_00D0010D840AD0070087,2026-10-06,21,148.0,109
RWS01_MONICA_00D0010D840AD0070087,2026-10-06,22,115.0,115
RWS01_MONICA_00D0010D840AD0070087,2026-10-06,23,90.0,111
RWS01_MONICA_00D0010D840AD007008B,2026-10-06,0,22.0,96
RWS01_MONICA_00D0010D840AD007008B,2026-10-06,1,9.0,98
RWS01_MONICA_00D0010D840AD007008B,2026-10-06,2,9.0,94
RWS01_MONICA_00D0010D840AD007008B,2026-10-06,3,16.0,93
RWS01_MONICA_00D0010D840AD007008B,2026-10-06,4,19.0,92
RWS01_MONICA_00D0010D840AD007008B,2026-10-06,5,56.0,97
RWS01_MONICA_00D0010D840AD007008B,2026-10-06,6,135.0,98
RWS01_MONICA_00D0010D840AD007008B,2026-10-06,7,150.0,99
RWS01_MONICA_00D0010D840AD007008B,2026-10-06,8,182.0,100
RWS01_MONICA_00D0010D840AD007008B,2026-10-06,9,239.0,96
RWS01_MONICA_00D0010D840AD007008B,2026-10-06,10,200.0,95
RWS01_MONICA_00D0010D840AD007008B,2026-10-06,11,163.0,95
RWS01_MONICA_00D0010D840AD007008B,2026-10-06,12,185.0,97
RWS01_MONICA_00D0010D840AD007008B,2026-10-06,13,229.0,98
RWS01_MONICA_00D0010D840AD007008B,2026-10-06,14,234.0,96
RWS01_MONICA_00D0010D840AD007008B,2026-10-06,15,256.0,98
RWS01_MONICA_00D0010D840AD007008B,2026-10-06,16,291.0,99
RWS01_MONICA_00D0010D840AD007008B,2026-10-06,17,256.0,100
RWS01_MONICA_00D0010D840AD007008B,2026-10-06,18,156.0,101
RWS01_MONICA_00D0010D840AD007008B,2026-10-06,19,82.0,105
RWS01_MONICA_00D0010D840AD007008B,2026-10-06,20,65.0,107
RWS01_MONICA_00D0010D840AD007008B,2026-10-06,21,51.0,106
RWS01_MONICA_00D0010D840AD007008B,2026-10-06,22,54.0,107
RWS01_MONICA_00D0010D840AD007008B,2026-10-06,23,33.0,104
RWS01_MONICA_10D00107400FD0070007,2026-10-06,0,42.0,129
RWS01_MONICA_10D00107400FD0070007,2026-10-06,1,21.0,126
RWS01_MONICA_10D00107400FD0070007,2026-10-06,2,16.0,123
RWS01_MONICA_10D00107400FD0070007,2026-10-06,3,13.0,133
RWS01_MONICA_10D00107400FD0070007,2026-10-06,4,44.0,122
RWS01_MONICA_10D00107400FD0070007,2026-10-06,5,261.0,123
RWS01_MONICA_10D00107400FD0070007,2026-10-06,6,1261.0,114
RWS01_MONICA_10D00107400FD0070007,2026-10-06,7,1834.0,85
RWS01_MONICA_10D00107400FD0070007,2026-10-06,8,1371.0,114
RWS01_MONICA_10D00107400FD0070007,2026-10-06,9,1256.0,112
RWS01_MONICA_10D00107400FD0070007,2026-10-06,10,1140.0,110
RWS01_MONICA_10D00107400FD0070007,2026-10-06,11,1150.0,110
RWS01_MONICA_10D00107400FD0070007,2026-10-06,12,1394.0,110
RWS01_MONICA_10D00107400FD0070007,2026-10-06,13,1330.0,112
RWS01_MONICA_10D00107400FD0070007,2026-10-06,14,1626.0,110
RWS01_MONICA_10D00107400FD0070007,2026-10-06,15,2053.0,71
RWS01_MONICA_10D00107400FD0070007,2026-10-06,16,2018.0,54
RWS01_MONICA_10D00107400FD0070007,2026-10-06,17,1910.0,47
RWS01_MONICA_10D00107400FD0070007,2026-10-06,18,1094.0,118
RWS01_MONICA_10D00107400FD0070007,2026-10-06,19,862.0,121
RWS01_MONICA_10D00107400FD0070007,2026-10-06,20,523.0,125
RWS01_MONICA_10D00107400FD0070007,2026-10-06,21,12.0,126
RWS01_MONICA_10D00107400FD0070007,2026-10-06,22,0.0,0
RWS01_MONICA_10D00107400FD0070007,2026-10-06,23,0.0,0
RWS01_MONICA_10D00107400FD007000B,2026-10-06,0,245.0,108
RWS01_MONICA_10D00107400FD007000B,2026-10-06,1,150.0,104
RWS01_MONICA_10D00107400FD007000B,2026-10-06,2,148.0,103
RWS01_MONICA_10D00107400FD007000B,2026-10-06,3,111.0,101
RWS01_MONICA_10D00107400FD007000B,2026-10-06,4,217.0,103
RWS01_MONICA_10D00107400FD007000B,2026-10-06,5,503.0,98
RWS01_MONICA_10D00107400FD007000B,2026-10-06,6,1263.0,94
RWS01_MONICA_10D00107400FD007000B,2026-10-06,7,1651.0,78
RWS01_MONICA_10D00107400FD007000B,2026-10-06,8,1530.0,98
RWS01_MONICA_10D00107400FD007000B,2026-10-06,9,1351.0,96
RWS01_MONICA_10D00107400FD007000B,2026-10-06,10,1409.0,95
RWS01_MONICA_10D00107400FD007000B,2026-10-06,11,1442.0,95
RWS01_MONICA_10D00107400FD007000B,2026-10-06,12,1396.0,95
RWS01_MONICA_10D00107400FD007000B,2026-10-06,13,1486.0,96
RWS01_MONICA_10D00107400FD007000B,2026-10-06,14,1523.0,95
RWS01_MONICA_10D00107400FD007000B,2026-10-06,15,1658.0,59
RWS01_MONICA_10D00107400FD007000B,2026-10-06,16,1668.0,45
RWS01_MONICA_10D00107400FD007000B,2026-10-06,17,1641.0,47
RWS01_MONICA_10D00107400FD007000B,2026-10-06,18,1359.0,100
RWS01_MONICA_10D00107400FD007000B,2026-10-06,19,1140.0,101
RWS01_MONICA_10D00107400FD007000B,2026-10-06,20,861.0,103
RWS01_MONICA_10D00107400FD007000B,2026-10-06,21,46.0,81
RWS01_MONICA_10D00107400FD007000B,2026-10-06,22,0.0,0
RWS01_MONICA_10D00107400FD007000B,2026-10-06,23,0.0,0
RWS01_MONICA_10D00107400FD0070187,2026-10-06,0,0.0,0
RWS01_MONICA_10D00107400FD0070187,2026-10-06,1,0.0,0
RWS01_MONICA_10D00107400FD0070187,2026-10-06,2,0.0,0
RWS01_MONICA_10D00107400FD0070187,2026-10-06,3,0.0,0
RWS01_MONICA_10D00107400FD0070187,2026-10-06,4,0.0,0
RWS01_MONICA_10D00107400FD0070187,2026-10-06,5,0.0,0
RWS01_MONICA_10D00107400FD0070187,2026-10-06,6,234.0,89
RWS01_MONICA_10D00107400FD0070187,2026-10-06,7,939.0,78
RWS01_MONICA_10D00107400FD0070187,2026-10-06,8,803.0,90
RWS01_MONICA_10D00107400FD0070187,2026-10-06,9,720.0,87
RWS01_MONICA_10D00107400FD0070187,2026-10-06,10,716.0,87
RWS01_MONICA_10D00107400FD0070187,2026-10-06,11,700.0,86
RWS01_MONICA_10D00107400FD0070187,2026-10-06,12,810.0,86
RWS01_MONICA_10D00107400FD0070187,2026-10-06,13,810.0,87
RWS01_MONICA_10D00107400FD0070187,2026-10-06,14,865.0,86
RWS01_MONICA_10D00107400FD0070187,2026-10-06,15,1104.0,57
RWS01_MONICA_10D00107400FD0070187,2026-10-06,16,1148.0,49
RWS01_MONICA_10D00107400FD0070187,2026-10-06,17,1094.0,42
RWS01_MONICA_10D00107400FD0070187,2026-10-06,18,695.0,91
RWS01_MONICA_10D00107400FD0070187,2026-10-06,19,274.0,91
RWS01_MONICA_10D00107400FD0070187,2026-10-06,20,0.0,0
RWS01_MONICA_10D00107400FD0070187,2026-10-06,21,0.0,0
RWS01_MONICA_10D00107400FD0070187,2026-10-06,22,0.0,0
RWS01_MONICA_10D00107400FD0070187,2026-10-06,23,0.0,0
RWS01_MONIBAS_0011hrl0905ra,2026-08-25,0,143.0,108
RWS01_MONIBAS_0011hrl0905ra,2026-08-25,1,136.0,103
RWS01_MONIBAS_0011hrl0905ra,2026-08-25,2,104.0,106
RWS01_MONIBAS_0011hrl0905ra,2026-08-25,3,161.0,101
RWS01_MONIBAS_0011hrl0905ra,2026-08-25,4,233.0,103
RWS01_MONIBAS_0011hrl0905ra,2026-08-25,5,1102.0,113
RWS01_MONIBAS_0011hrl0905ra,2026-08-25,6,2712.0,108
RWS01_MONIBAS_0011hrl0905ra,2026-08-25,7,3076.0,106
RWS01_MONIBAS_0011hrl0905ra,2026-08-25,8,2787.5,106
RWS01_MONIBAS_0011hrl0905ra,2026-08-25,9,1846.0,106
RWS01_MONIBAS_0011hrl0905ra,2026-08-25,10,1438.0,105
RWS01_MONIBAS_0011hrl0905ra,2026-08-25,11,1552.0,104
RWS01_MONIBAS_0011hrl0905ra,2026-08-25,12,1551.0,105
RWS01_MONIBAS_0011hrl0905ra,2026-08-25,13,1535.0,105
RWS01_MONIBAS_0011hrl0905ra,2026-08-25,14,1489.8,105
RWS01_MONIBAS_0011hrl0905ra,2026-08-25,15,1511.0,106
RWS01_MONIBAS_0011hrl0905ra,2026-08-25,16,1920.0,107
RWS01_MONIBAS_0011hrl0905ra,2026-08-25,17,1896.0,109
RWS01_MONIBAS_0011hrl0905ra,2026-08-25,18,1243.0,108
RWS01_MONIBAS_0011hrl0905ra,2026-08-25,19,867.0,114
RWS01_MONIBAS_0011hrl0905ra,2026-08-25,20,712.0,116
RWS01_MONIBAS_0011hrl0905ra,2026-08-25,21,608.0,116
RWS01_MONIBAS_0011hrl0905ra,2026-08-25,22,453.0,115
RWS01_MONIBAS_0011hrl0905ra,2026-08-25,23,257.0,114
RWS01_MONIBAS_0011hrr0905ra,2026-08-25,0,392.0,110
RWS01_MONIBAS_0011hrr0905ra,2026-08-25,1,288.0,102
RWS01_MONIBAS_0011hrr0905ra,2026-08-25,2,184.0,97
RWS01_MONIBAS_0011hrr0905ra,2026-08-25,3,183.0,97
RWS01_MONIBAS_0011hrr0905ra,2026-08-25,4,296.0,100
RWS01_MONIBAS_0011hrr0905ra,2026-08-25,5,695.0,101
RWS01_MONIBAS_0011hrr0905ra,2026-08-25,6,2232.0,103
RWS01_MONIBAS_0011hrr0905ra,2026-08-25,7,3536.0,104
RWS01_MONIBAS_0011hrr0905ra,2026-08-25,8,3696.6,104
RWS01_MONIBAS_0011hrr0905ra,2026-08-25,9,3262.0,102
RWS01_MONIBAS_0011hrr0905ra,2026-08-25,10,3037.0,100
RWS01_MONIBAS_0011hrr0905ra,2026-08-25,11,3050.0,100
RWS01_MONIBAS_0011hrr0905ra,2026-08-25,12,3343.0,100
RWS01_MONIBAS_0011hrr0905ra,2026-08-25,13,3448.0,101
RWS01_MONIBAS_0011hrr0905ra,2026-08-25,14,4087.1,101
RWS01_MONIBAS_0011hrr0905ra,2026-08-25,15,4702.0,102
RWS01_MONIBAS_0011hrr0905ra,2026-08-25,16,5903.0,104
RWS01_MONIBAS_0011hrr0905ra,2026-08-25,17,5629.0,104
RWS01_MONIBAS_0011hrr0905ra,2026-08-25,18,3624.0,105
RWS01_MONIBAS_0011hrr0905ra,2026-08-25,19,2329.0,108
RWS01_MONIBAS_0011hrr0905ra,2026-08-25,20,1606.0,111
RWS01_MONIBAS_0011hrr0905ra,2026-08-25,21,1377.0,110
RWS01_MONIBAS_0011hrr0905ra,2026-08-25,22,1138.0,113
RWS01_MONIBAS_0011hrr0905ra,2026-08-25,23,742.0,113
RWS01_MONICA_00D0010E2432D0050005,2026-08-25,0,1.0,157
RWS01_MONICA_00D0010E2432D0050005,2026-08-25,1,0.0,0
RWS01_MONICA_00D0010E2432D0050005,2026-08-25,2,2.0,139
RWS01_MONICA_00D0010E2432D0050005,2026-08-25,3,2.0,146
RWS01_MONICA_00D0010E2432D0050005,2026-08-25,4,5.0,132
RWS01_MONICA_00D0010E2432D0050005,2026-08-25,5,166.0,134
RWS01_MONICA_00D0010E2432D0050005,2026-08-25,6,661.0,122
RWS01_MONICA_00D0010E2432D0050005,2026-08-25,7,738.0,118
RWS01_MONICA_00D0010E2432D0050005,2026-08-25,8,511.5,119
RWS01_MONICA_00D0010E2432D0050005,2026-08-25,9,186.0,119
RWS01_MONICA_00D0010E2432D0050005,2026-08-25,10,101.0,120
RWS01_MONICA_00D0010E2432D0050005,2026-08-25,11,118.0,117
RWS01_MONICA_00D0010E2432D0050005,2026-08-25,12,121.0,119
RWS01_MONICA_00D0010E2432D0050005,2026-08-25,13,124.0,117
RWS01_MONICA_00D0010E2432D0050005,2026-08-25,14,128.1,118
RWS01_MONICA_00D0010E2432D0050005,2026-08-25,15,123.0,121
RWS01_MONICA_00D0010E2432D0050005,2026-08-25,16,192.0,119
RWS01_MONICA_00D0010E2432D0050005,2026-08-25,17,204.0,122
RWS01_MONICA_00D0010E2432D0050005,2026-08-25,18,81.0,121
RWS01_MONICA_00D0010E2432D0050005,2026-08-25,19,32.0,129
RWS01_MONICA_00D0010E2432D0050005,2026-08-25,20,23.0,133
RWS01_MONICA_00D0010E2432D0050005,2026-08-25,21,11.0,131
RWS01_MONICA_00D0010E2432D0050005,2026-08-25,22,8.0,147
RWS01_MONICA_00D0010E2432D0050005,2026-08-25,23,1.0,166
RWS01_MONICA_00D0010E2432D0050009,2026-08-25,0,26.0,120
RWS01_MONICA_00D0010E2432D0050009,2026-08-25,1,18.0,125
RWS01_MONICA_00D0010E2432D0050009,2026-08-25,2,16.0,122
RWS01_MONICA_00D0010E2432D0050009,2026-08-25,3,34.0,115
RWS01_MONICA_00D0010E2432D0050009,2026-08-25,4,48.0,118
RWS01_MONICA_00D0010E2432D0050009,2026-08-25,5,450.0,122
RWS01_MONICA_00D0010E2432D0050009,2026-08-25,6,1187.0,110
RWS01_MONICA_00D0010E2432D0050009,2026-08-25,7,1345.0,108
RWS01_MONICA_00D0010E2432D0050009,2026-08-25,8,1267.1,108
RWS01_MONICA_00D0010E2432D0050009,2026-08-25,9,769.0,108
RWS01_MONICA_00D0010E2432D0050009,2026-08-25,10,566.0,108
RWS01_MONICA_00D0010E2432D0050009,2026-08-25,11,668.0,106
RWS01_MONICA_00D0010E2432D0050009,2026-08-25,12,658.0,108
RWS01_MONICA_00D0010E2432D0050009,2026-08-25,13,649.0,108
RWS01_MONICA_00D0010E2432D0050009,2026-08-25,14,632.5,108
RWS01_MONICA_00D0010E2432D0050009,2026-08-25,15,637.0,109
RWS01_MONICA_00D0010E2432D0050009,2026-08-25,16,812.0,109
RWS01_MONICA_00D0010E2432D0050009,2026-08-25,17,771.0,111
RWS01_MONICA_00D0010E2432D0050009,2026-08-25,18,484.0,112
RWS01_MONICA_00D0010E2432D0050009,2026-08-25,19,283.0,120
RWS01_MONICA_00D0010E2432D0050009,2026-08-25,20,236.0,122
RWS01_MONICA_00D0010E2432D0050009,2026-08-25,21,187.0,124
RWS01_MONICA_00D0010E2432D0050009,2026-08-25,22,108.0,124
RWS01_MONICA_00D0010E2432D0050009,2026-08-25,23,46.0,125
RWS01_MONICA_00D0010E2432D005000D,2026-08-25,0,116.0,105
RWS01_MONICA_00D0010E2432D005000D,2026-08-25,1,118.0,101
RWS01_MONICA_00D0010E2432D005000D,2026-08-25,2,86.0,102
RWS01_MONICA_00D0010E2432D005000D,2026-08-25,3,125.0,97
RWS01_MONICA_00D0010E2432D005000D,2026-08-25,4,180.0,98
RWS01_MONICA_00D0010E2432D005000D,2026-08-25,5,486.0,98
RWS01_MONICA_00D0010E2432D005000D,2026-08-25,6,864.0,95
RWS01_MONICA_00D0010E2432D005000D,2026-08-25,7,993.0,96
RWS01_MONICA_00D0010E2432D005000D,2026-08-25,8,1008.8,96
RWS01_MONICA_00D0010E2432D005000D,2026-08-25,9,891.0,96
RWS01_MONICA_00D0010E2432D005000D,2026-08-25,10,771.0,95
RWS01_MONICA_00D0010E2432D005000D,2026-08-25,11,766.0,95
RWS01_MONICA_00D0010E2432D005000D,2026-08-25,12,772.0,96
RWS01_MONICA_00D0010E2432D005000D,2026-08-25,13,762.0,95
RWS01_MONICA_00D0010E2432D005000D,2026-08-25,14,729.2,96
RWS01_MONICA_00D0010E2432D005000D,2026-08-25,15,751.0,96
RWS01_MONICA_00D0010E2432D005000D,2026-08-25,16,903.0,97
RWS01_MONICA_00D0010E2432D005000D,2026-08-25,17,921.0,98
RWS01_MONICA_00D0010E2432D005000D,2026-08-25,18,678.0,100
RWS01_MONICA_00D0010E2432D005000D,2026-08-25,19,552.0,106
RWS01_MONICA_00D0010E2432D005000D,2026-08-25,20,453.0,109
RWS01_MONICA_00D0010E2432D005000D,2026-08-25,21,410.0,109
RWS01_MONICA_00D0010E2432D005000D,2026-08-25,22,337.0,108
RWS01_MONICA_00D0010E2432D005000D,2026-08-25,23,210.0,110
RWS01_MONICA_00D0010E2432D0050085,2026-08-25,0,15.0,112
RWS01_MONICA_00D0010E2432D0050085,2026-08-25,1,12.0,111
RWS01_MONICA_00D0010E2432D0050085,2026-08-25,2,7.0,103
RWS01_MONICA_00D0010E2432D0050085,2026-08-25,3,22.0,112
RWS01_MONICA_00D0010E2432D0050085,2026-08-25,4,35.0,113
RWS01_MONICA_00D0010E2432D0050085,2026-08-25,5,348.0,115
RWS01_MONICA_00D0010E2432D0050085,2026-08-25,6,732.0,108
RWS01_MONICA_00D0010E2432D0050085,2026-08-25,7,829.0,105
RWS01_MONICA_00D0010E2432D0050085,2026-08-25,8,681.4,105
RWS01_MONICA_00D0010E2432D0050085,2026-08-25,9,608.0,104
RWS01_MONICA_00D0010E2432D0050085,2026-08-25,10,607.0,103
RWS01_MONICA_00D0010E2432D0050085,2026-08-25,11,556.0,102
RWS01_MONICA_00D0010E2432D0050085,2026-08-25,12,603.0,104
RWS01_MONICA_00D0010E2432D0050085,2026-08-25,13,609.0,104
RWS01_MONICA_00D0010E2432D0050085,2026-08-25,14,666.1,104
RWS01_MONICA_00D0010E2432D0050085,2026-08-25,15,936.0,103
RWS01_MONICA_00D0010E2432D0050085,2026-08-25,16,703.0,105
RWS01_MONICA_00D0010E2432D0050085,2026-08-25,17,557.0,107
RWS01_MONICA_00D0010E2432D0050085,2026-08-25,18,315.0,109
RWS01_MONICA_00D0010E2432D0050085,2026-08-25,19,277.0,115
RWS01_MONICA_00D0010E2432D0050085,2026-08-25,20,204.0,117
RWS01_MONICA_00D0010E2432D0050085,2026-08-25,21,152.0,114
RWS01_MONICA_00D0010E2432D0050085,2026-08-25,22,90.0,116
RWS01_MONICA_00D0010E2432D0050085,2026-08-25,23,49.0,118
RWS01_MONICA_00D0010E2432D0050089,2026-08-25,0,107.0,97
RWS01_MONICA_00D0010E2432D0050089,2026-08-25,1,73.0,95
RWS01_MONICA_00D0010E2432D0050089,2026-08-25,2,78.0,93
RWS01_MONICA_00D0010E2432D0050089,2026-08-25,3,142.0,95
RWS01_MONICA_00D0010E2432D0050089,2026-08-25,4,209.0,96
RWS01_MONICA_00D0010E2432D0050089,2026-08-25,5,589.0,95
RWS01_MONICA_00D0010E2432D0050089,2026-08-25,6,969.0,94
RWS01_MONICA_00D0010E2432D0050089,2026-08-25,7,1339.0,92
RWS01_MONICA_00D0010E2432D0050089,2026-08-25,8,1265.1,92
RWS01_MONICA_00D0010E2432D0050089,2026-08-25,9,1034.0,90
RWS01_MONICA_00D0010E2432D0050089,2026-08-25,10,972.0,90
RWS01_MONICA_00D0010E2432D0050089,2026-08-25,11,946.0,90
RWS01_MONICA_00D0010E2432D0050089,2026-08-25,12,995.0,90
RWS01_MONICA_00D0010E2432D0050089,2026-08-25,13,1000.0,90
RWS01_MONICA_00D0010E2432D0050089,2026-08-25,14,1075.9,91
RWS01_MONICA_00D0010E2432D0050089,2026-08-25,15,1182.0,90
RWS01_MONICA_00D0010E2432D0050089,2026-08-25,16,1205.0,92
RWS01_MONICA_00D0010E2432D0050089,2026-08-25,17,1121.0,95
RWS01_MONICA_00D0010E2432D0050089,2026-08-25,18,741.0,97
RWS01_MONICA_00D0010E2432D0050089,2026-08-25,19,574.0,100
RWS01_MONICA_00D0010E2432D0050089,2026-08-25,20,491.0,103
RWS01_MONICA_00D0010E2432D0050089,2026-08-25,21,428.0,103
RWS01_MONICA_00D0010E2432D0050089,2026-08-25,22,322.0,104
RWS01_MONICA_00D0010E2432D0050089,2026-08-25,23,196.0,102
RWS01_MONICA_00D0010E243CD0070007,2026-08-25,0,0.0,0
RWS01_MONICA_00D0010E243CD0070007,2026-08-25,1,1.0,125
RWS01_MONICA_00D0010E243CD0070007,2026-08-25,2,0.0,0
RWS01_MONICA_00D0010E243CD0070007,2026-08-25,3,0.0,0
RWS01_MONICA_00D0010E243CD0070007,2026-08-25,4,1.0,155
RWS01_MONICA_00D0010E243CD0070007,2026-08-25,5,6.0,137
RWS01_MONICA_00D0010E243CD0070007,2026-08-25,6,31.0,124
RWS01_MONICA_00D0010E243CD0070007,2026-08-25,7,81.0,126
RWS01_MONICA_00D0010E243CD0070007,2026-08-25,8,105.8,122
RWS01_MONICA_00D0010E243CD0070007,2026-08-25,9,90.0,121
RWS01_MONICA_00D0010E243CD0070007,2026-08-25,10,84.0,117
RWS01_MONICA_00D0010E243CD0070007,2026-08-25,11,82.0,117
RWS01_MONICA_00D0010E243CD0070007,2026-08-25,12,123.0,117
RWS01_MONICA_00D0010E243CD0070007,2026-08-25,13,148.0,118
RWS01_MONICA_00D0010E243CD0070007,2026-08-25,14,235.9,121
RWS01_MONICA_00D0010E243CD0070007,2026-08-25,15,314.0,120
RWS01_MONICA_00D0010E243CD0070007,2026-08-25,16,496.0,120
RWS01_MONICA_00D0010E243CD0070007,2026-08-25,17,441.0,122
RWS01_MONICA_00D0010E243CD0070007,2026-08-25,18,149.0,125
RWS01_MONICA_00D0010E243CD0070007,2026-08-25,19,65.0,129
RWS01_MONICA_00D0010E243CD0070007,2026-08-25,20,30.0,134
RWS01_MONICA_00D0010E243CD0070007,2026-08-25,21,20.0,132
RWS01_MONICA_00D0010E243CD0070007,2026-08-25,22,20.0,130
RWS01_MONICA_00D0010E243CD0070007,2026-08-25,23,4.0,126
RWS01_MONICA_00D0010E243CD007000B,2026-08-25,0,36.0,125
RWS01_MONICA_00D0010E243CD007000B,2026-08-25,1,12.0,119
RWS01_MONICA_00D0010E243CD007000B,2026-08-25,2,12.0,122
RWS01_MONICA_00D0010E243CD007000B,2026-08-25,3,10.0,113
RWS01_MONICA_00D0010E243CD007000B,2026-08-25,4,19.0,128
RWS01_MONICA_00D0010E243CD007000B,2026-08-25,5,55.0,117
RWS01_MONICA_00D0010E243CD007000B,2026-08-25,6,312.0,116
RWS01_MONICA_00D0010E243CD007000B,2026-08-25,7,705.0,113
RWS01_MONICA_00D0010E243CD007000B,2026-08-25,8,798.3,112
RWS01_MONICA_00D0010E243CD007000B,2026-08-25,9,653.0,110
RWS01_MONICA_00D0010E243CD007000B,2026-08-25,10,655.0,108
RWS01_MONICA_00D0010E243CD007000B,2026-08-25,11,677.0,108
RWS01_MONICA_00D0010E243CD007000B,2026-08-25,12,795.0,108
RWS01_MONICA_00D0010E243CD007000B,2026-08-25,13,842.0,108
RWS01_MONICA_00D0010E243CD007000B,2026-08-25,14,1018.0,108
RWS01_MONICA_00D0010E243CD007000B,2026-08-25,15,1243.0,110
RWS01_MONICA_00D0010E243CD007000B,2026-08-25,16,1627.0,110
RWS01_MONICA_00D0010E243CD007000B,2026-08-25,17,1556.0,110
RWS01_MONICA_00D0010E243CD007000B,2026-08-25,18,863.0,114
RWS01_MONICA_00D0010E243CD007000B,2026-08-25,19,492.0,120
RWS01_MONICA_00D0010E243CD007000B,2026-08-25,20,321.0,123
RWS01_MONICA_00D0010E243CD007000B,2026-08-25,21,282.0,122
RWS01_MONICA_00D0010E243CD007000B,2026-08-25,22,184.0,125
RWS01_MONICA_00D0010E243CD007000B,2026-08-25,23,105.0,128
RWS01_MONICA_00D0010E243CD007000F,2026-08-25,0,107.0,117
RWS01_MONICA_00D0010E243CD007000F,2026-08-25,1,81.0,110
RWS01_MONICA_00D0010E243CD007000F,2026-08-25,2,36.0,101
RWS01_MONICA_00D0010E243CD007000F,2026-08-25,3,46.0,110
RWS01_MONICA_00D0010E243CD007000F,2026-08-25,4,53.0,102
RWS01_MONICA_00D0010E243CD007000F,2026-08-25,5,154.0,107
RWS01_MONICA_00D0010E243CD007000F,2026-08-25,6,607.0,106
RWS01_MONICA_00D0010E243CD007000F,2026-08-25,7,984.0,104
RWS01_MONICA_00D0010E243CD007000F,2026-08-25,8,1038.3,103
RWS01_MONICA_00D0010E243CD007000F,2026-08-25,9,920.0,102
RWS01_MONICA_00D0010E243CD007000F,2026-08-25,10,856.0,101
RWS01_MONICA_00D0010E243CD007000F,2026-08-25,11,886.0,99
RWS01_MONICA_00D0010E243CD007000F,2026-08-25,12,898.0,100
RWS01_MONICA_00D0010E243CD007000F,2026-08-25,13,944.0,100
RWS01_MONICA_00D0010E243CD007000F,2026-08-25,14,1088.1,101
RWS01_MONICA_00D0010E243CD007000F,2026-08-25,15,1292.0,101
RWS01_MONICA_00D0010E243CD007000F,2026-08-25,16,1491.0,102
RWS01_MONICA_00D0010E243CD007000F,2026-08-25,17,1402.0,102
RWS01_MONICA_00D0010E243CD007000F,2026-08-25,18,1007.0,104
RWS01_MONICA_00D0010E243CD007000F,2026-08-25,19,676.0,111
RWS01_MONICA_00D0010E243CD007000F,2026-08-25,20,502.0,112
RWS01_MONICA_00D0010E243CD007000F,2026-08-25,21,417.0,111
RWS01_MONICA_00D0010E243CD007000F,2026-08-25,22,351.0,114
RWS01_MONICA_00D0010E243CD007000F,2026-08-25,23,259.0,116
RWS01_MONICA_00D0010E243CD0070013,2026-08-25,0,101.0,108
RWS01_MONICA_00D0010E243CD0070013,2026-08-25,1,78.0,99
RWS01_MONICA_00D0010E243CD0070013,2026-08-25,2,62.0,98
RWS01_MONICA_00D0010E243CD0070013,2026-08-25,3,40.0,94
RWS01_MONICA_00D0010E243CD0070013,2026-08-25,4,77.0,99
RWS01_MONICA_00D0010E243CD0070013,2026-08-25,5,195.0,97
RWS01_MONICA_00D0010E243CD0070013,2026-08-25,6,647.0,101
RWS01_MONICA_00D0010E243CD0070013,2026-08-25,7,923.0,100
RWS01_MONICA_00D0010E243CD0070013,2026-08-25,8,916.3,100
RWS01_MONICA_00D0010E243CD0070013,2026-08-25,9,820.0,98
RWS01_MONICA_00D0010E243CD0070013,2026-08-25,10,670.0,96
RWS01_MONICA_00D0010E243CD0070013,2026-08-25,11,668.0,97
RWS01_MONICA_00D0010E243CD0070013,2026-08-25,12,724.0,97
RWS01_MONICA_00D0010E243CD0070013,2026-08-25,13,733.0,97
RWS01_MONICA_00D0010E243CD0070013,2026-08-25,14,870.5,97
RWS01_MONICA_00D0010E243CD0070013,2026-08-25,15,962.0,99
RWS01_MONICA_00D0010E243CD0070013,2026-08-25,16,1264.0,100
RWS01_MONICA_00D0010E243CD0070013,2026-08-25,17,1220.0,100
RWS01_MONICA_00D0010E243CD0070013,2026-08-25,18,814.0,101
RWS01_MONICA_00D0010E243CD0070013,2026-08-25,19,540.0,105
RWS01_MONICA_00D0010E243CD0070013,2026-08-25,20,321.0,107
RWS01_MONICA_00D0010E243CD0070013,2026-08-25,21,268.0,106
RWS01_MONICA_00D0010E243CD0070013,2026-08-25,22,248.0,110
RWS01_MONICA_00D0010E243CD0070013,2026-08-25,23,166.0,110
RWS01_MONICA_00D0010E243CD0070017,2026-08-25,0,148.0,100
RWS01_MONICA_00D0010E243CD0070017,2026-08-25,1,116.0,95
RWS01_MONICA_00D0010E243CD0070017,2026-08-25,2,74.0,89
RWS01_MONICA_00D0010E243CD0070017,2026-08-25,3,87.0,91
RWS01_MONICA_00D0010E243CD0070017,2026-08-25,4,146.0,94
RWS01_MONICA_00D0010E243CD0070017,2026-08-25,5,285.0,93
RWS01_MONICA_00D0010E243CD0070017,2026-08-25,6,635.0,91
RWS01_MONICA_00D0010E243CD0070017,2026-08-25,7,843.0,93
RWS01_MONICA_00D0010E243CD0070017,2026-08-25,8,838.0,93
RWS01_MONICA_00D0010E243CD0070017,2026-08-25,9,779.0,91
RWS01_MONICA_00D0010E243CD0070017,2026-08-25,10,762.0,89
RWS01_MONICA_00D0010E243CD0070017,2026-08-25,11,737.0,89
RWS01_MONICA_00D0010E243CD0070017,2026-08-25,12,803.0,90
RWS01_MONICA_00D0010E243CD0070017,2026-08-25,13,781.0,90
RWS01_MONICA_00D0010E243CD0070017,2026-08-25,14,874.6,89
RWS01_MONICA_00D0010E243CD0070017,2026-08-25,15,891.0,91
RWS01_MONICA_00D0010E243CD0070017,2026-08-25,16,1025.0,93
RWS01_MONICA_00D0010E243CD0070017,2026-08-25,17,981.0,93
RWS01_MONICA_00D0010E243CD0070017,2026-08-25,18,777.0,91
RWS01_MONICA_00D0010E243CD0070017,2026-08-25,19,540.0,95
RWS01_MONICA_00D0010E243CD0070017,2026-08-25,20,432.0,101
RWS01_MONICA_00D0010E243CD0070017,2026-08-25,21,390.0,101
RWS01_MONICA_00D0010E243CD0070017,2026-08-25,22,335.0,103
RWS01_MONICA_00D0010E243CD0070017,2026-08-25,23,208.0,102
RWS01_MONIBAS_0011hrl0905ra,2026-09-01,0,128.0,104
RWS01_MONIBAS_0011hrl0905ra,2026-09-01,1,121.0,103
RWS01_MONIBAS_0011hrl0905ra,2026-09-01,2,139.0,107
RWS01_MONIBAS_0011hrl0905ra,2026-09-01,3,158.0,104
RWS01_MONIBAS_0011hrl0905ra,2026-09-01,4,279.0,105
RWS01_MONIBAS_0011hrl0905ra,2026-09-01,5,1162.0,113
RWS01_MONIBAS_0011hrl0905ra,2026-09-01,6,2253.0,108
RWS01_MONIBAS_0011hrl0905ra,2026-09-01,7,2706.0,107
RWS01_MONIBAS_0011hrl0905ra,2026-09-01,8,2417.0,107
RWS01_MONIBAS_0011hrl0905ra,2026-09-01,9,1693.0,105
RWS01_MONIBAS_0011hrl0905ra,2026-09-01,10,1517.0,104
RWS01_MONIBAS_0011hrl0905ra,2026-09-01,11,1503.0,104
RWS01_MONIBAS_0011hrl0905ra,2026-09-01,12,1657.0,105
RWS01_MONIBAS_0011hrl0905ra,2026-09-01,13,1381.0,105
RWS01_MONIBAS_0011hrl0905ra,2026-09-01,14,1451.0,104
RWS01_MONIBAS_0011hrl0905ra,2026-09-01,15,1377.0,106
RWS01_MONIBAS_0011hrl0905ra,2026-09-01,16,1600.0,107
RWS01_MONIBAS_0011hrl0905ra,2026-09-01,17,1691.0,109
RWS01_MONIBAS_0011hrl0905ra,2026-09-01,18,1087.0,109
RWS01_MONIBAS_0011hrl0905ra,2026-09-01,19,787.0,115
RWS01_MONIBAS_0011hrl0905ra,2026-09-01,20,444.4,114
RWS01_MONIBAS_0011hrl0905ra,2026-09-01,21,257.0,113
RWS01_MONIBAS_0011hrl0905ra,2026-09-01,22,175.0,114
RWS01_MONIBAS_0011hrl0905ra,2026-09-01,23,117.0,112
RWS01_MONIBAS_0011hrr0905ra,2026-09-01,0,321.0,106
RWS01_MONIBAS_0011hrr0905ra,2026-09-01,1,225.0,101
RWS01_MONIBAS_0011hrr0905ra,2026-09-01,2,168.0,96
RWS01_MONIBAS_0011hrr0905ra,2026-09-01,3,194.0,96
RWS01_MONIBAS_0011hrr0905ra,2026-09-01,4,270.0,98
RWS01_MONIBAS_0011hrr0905ra,2026-09-01,5,687.0,104
RWS01_MONIBAS_0011hrr0905ra,2026-09-01,6,2349.0,105
RWS01_MONIBAS_0011hrr0905ra,2026-09-01,7,3943.0,105
RWS01_MONIBAS_0011hrr0905ra,2026-09-01,8,3969.0,106
RWS01_MONIBAS_0011hrr0905ra,2026-09-01,9,3023.0,103
RWS01_MONIBAS_0011hrr0905ra,2026-09-01,10,2853.0,101
RWS01_MONIBAS_0011hrr0905ra,2026-09-01,11,2966.0,101
RWS01_MONIBAS_0011hrr0905ra,2026-09-01,12,3328.0,101
RWS01_MONIBAS_0011hrr0905ra,2026-09-01,13,3369.0,102
RWS01_MONIBAS_0011hrr0905ra,2026-09-01,14,3988.0,103
RWS01_MONIBAS_0011hrr0905ra,2026-09-01,15,4962.0,104
RWS01_MONIBAS_0011hrr0905ra,2026-09-01,16,6319.0,104
RWS01_MONIBAS_0011hrr0905ra,2026-09-01,17,5734.0,105
RWS01_MONIBAS_0011hrr0905ra,2026-09-01,18,3303.0,106
RWS01_MONIBAS_0011hrr0905ra,2026-09-01,19,2184.0,109
RWS01_MONIBAS_0011hrr0905ra,2026-09-01,20,1683.1,111
RWS01_MONIBAS_0011hrr0905ra,2026-09-01,21,1421.0,111
RWS01_MONIBAS_0011hrr0905ra,2026-09-01,22,1168.0,113
RWS01_MONIBAS_0011hrr0905ra,2026-09-01,23,661.0,111
RWS01_MONICA_00D0010E2432D0050005,2026-09-01,0,1.0,138
RWS01_MONICA_00D0010E2432D0050005,2026-09-01,1,0.0,0
RWS01_MONICA_00D0010E2432D0050005,2026-09-01,2,1.0,98
RWS01_MONICA_00D0010E2432D0050005,2026-09-01,3,2.0,152
RWS01_MONICA_00D0010E2432D0050005,2026-09-01,4,3.0,137
RWS01_MONICA_00D0010E2432D0050005,2026-09-01,5,169.0,133
RWS01_MONICA_00D0010E2432D0050005,2026-09-01,6,475.0,123
RWS01_MONICA_00D0010E2432D0050005,2026-09-01,7,563.0,119
RWS01_MONICA_00D0010E2432D0050005,2026-09-01,8,399.0,118
RWS01_MONICA_00D0010E2432D0050005,2026-09-01,9,165.0,118
RWS01_MONICA_00D0010E2432D0050005,2026-09-01,10,124.1,117
RWS01_MONICA_00D0010E2432D0050005,2026-09-01,11,104.0,116
RWS01_MONICA_00D0010E2432D0050005,2026-09-01,12,153.0,118
RWS01_MONICA_00D0010E2432D0050005,2026-09-01,13,112.0,122
RWS01_MONICA_00D0010E2432D0050005,2026-09-01,14,114.0,116
RWS01_MONICA_00D0010E2432D0050005,2026-09-01,15,99.0,120
RWS01_MONICA_00D0010E2432D0050005,2026-09-01,16,151.0,120
RWS01_MONICA_00D0010E2432D0050005,2026-09-01,17,185.0,123
RWS01_MONICA_00D0010E2432D0050005,2026-09-01,18,63.0,125
RWS01_MONICA_00D0010E2432D0050005,2026-09-01,19,33.0,129
RWS01_MONICA_00D0010E2432D0050005,2026-09-01,20,8.1,134
RWS01_MONICA_00D0010E2432D0050005,2026-09-01,21,2.0,137
RWS01_MONICA_00D0010E2432D0050005,2026-09-01,22,1.0,134
RWS01_MONICA_00D0010E2432D0050005,2026-09-01,23,1.0,142
RWS01_MONICA_00D0010E2432D0050009,2026-09-01,0,18.0,113
RWS01_MONICA_00D0010E2432D0050009,2026-09-01,1,22.0,124
RWS01_MONICA_00D0010E2432D0050009,2026-09-01,2,22.0,119
RWS01_MONICA_00D0010E2432D0050009,2026-09-01,3,23.0,118
RWS01_MONICA_00D0010E2432D0050009,2026-09-01,4,52.0,122
RWS01_MONICA_00D0010E2432D0050009,2026-09-01,5,487.0,121
RWS01_MONICA_00D0010E2432D0050009,2026-09-01,6,981.0,111
RWS01_MONICA_00D0010E2432D0050009,2026-09-01,7,1192.0,108
RWS01_MONICA_00D0010E2432D0050009,2026-09-01,8,1080.0,108
RWS01_MONICA_00D0010E2432D0050009,2026-09-01,9,724.0,107
RWS01_MONICA_00D0010E2432D0050009,2026-09-01,10,623.8,106
RWS01_MONICA_00D0010E2432D0050009,2026-09-01,11,621.0,107
RWS01_MONICA_00D0010E2432D0050009,2026-09-01,12,725.0,107
RWS01_MONICA_00D0010E2432D0050009,2026-09-01,13,565.0,108
RWS01_MONICA_00D0010E2432D0050009,2026-09-01,14,583.0,107
RWS01_MONICA_00D0010E2432D0050009,2026-09-01,15,581.0,110
RWS01_MONICA_00D0010E2432D0050009,2026-09-01,16,667.0,110
RWS01_MONICA_00D0010E2432D0050009,2026-09-01,17,719.0,111
RWS01_MONICA_00D0010E2432D0050009,2026-09-01,18,390.0,113
RWS01_MONICA_00D0010E2432D0050009,2026-09-01,19,276.0,123
RWS01_MONICA_00D0010E2432D0050009,2026-09-01,20,137.3,125
RWS01_MONICA_00D0010E2432D0050009,2026-09-01,21,56.0,125
RWS01_MONICA_00D0010E2432D0050009,2026-09-01,22,34.0,124
RWS01_MONICA_00D0010E2432D0050009,2026-09-01,23,18.0,131
RWS01_MONICA_00D0010E2432D005000D,2026-09-01,0,109.0,102
RWS01_MONICA_00D0010E2432D005000D,2026-09-01,1,99.0,97
RWS01_MONICA_00D0010E2432D005000D,2026-09-01,2,116.0,105
RWS01_MONICA_00D0010E2432D005000D,2026-09-01,3,133.0,101
RWS01_MONICA_00D0010E2432D005000D,2026-09-01,4,224.0,98
RWS01_MONICA_00D0010E2432D005000D,2026-09-01,5,506.0,98
RWS01_MONICA_00D0010E2432D005000D,2026-09-01,6,797.0,96
RWS01_MONICA_00D0010E2432D005000D,2026-09-01,7,951.0,97
RWS01_MONICA_00D0010E2432D005000D,2026-09-01,8,938.0,97
RWS01_MONICA_00D0010E2432D005000D,2026-09-01,9,804.0,94
RWS01_MONICA_00D0010E2432D005000D,2026-09-01,10,788.3,95
RWS01_MONICA_00D0010E2432D005000D,2026-09-01,11,778.0,94
RWS01_MONICA_00D0010E2432D005000D,2026-09-01,12,779.0,94
RWS01_MONICA_00D0010E2432D005000D,2026-09-01,13,704.0,94
RWS01_MONICA_00D0010E2432D005000D,2026-09-01,14,754.0,95
RWS01_MONICA_00D0010E2432D005000D,2026-09-01,15,697.0,97
RWS01_MONICA_00D0010E2432D005000D,2026-09-01,16,782.0,97
RWS01_MONICA_00D0010E2432D005000D,2026-09-01,17,787.0,98
RWS01_MONICA_00D0010E2432D005000D,2026-09-01,18,634.0,99
RWS01_MONICA_00D0010E2432D005000D,2026-09-01,19,478.0,106
RWS01_MONICA_00D0010E2432D005000D,2026-09-01,20,299.0,106
RWS01_MONICA_00D0010E2432D005000D,2026-09-01,21,199.0,109
RWS01_MONICA_00D0010E2432D005000D,2026-09-01,22,140.0,111
RWS01_MONICA_00D0010E2432D005000D,2026-09-01,23,98.0,109
RWS01_MONICA_00D0010E2432D0050085,2026-09-01,0,19.0,104
RWS01_MONICA_00D0010E2432D0050085,2026-09-01,1,12.0,113
RWS01_MONICA_00D0010E2432D0050085,2026-09-01,2,13.0,108
RWS01_MONICA_00D0010E2432D0050085,2026-09-01,3,18.0,111
RWS01_MONICA_00D0010E2432D0050085,2026-09-01,4,50.0,116
RWS01_MONICA_00D0010E2432D0050085,2026-09-01,5,325.0,116
RWS01_MONICA_00D0010E2432D0050085,2026-09-01,6,1318.0,105
RWS01_MONICA_00D0010E2432D0050085,2026-09-01,7,1648.0,102
RWS01_MONICA_00D0010E2432D0050085,2026-09-01,8,1417.0,102
RWS01_MONICA_00D0010E2432D0050085,2026-09-01,9,830.0,103
RWS01_MONICA_00D0010E2432D0050085,2026-09-01,10,495.5,103
RWS01_MONICA_00D0010E2432D0050085,2026-09-01,11,554.0,103
RWS01_MONICA_00D0010E2432D0050085,2026-09-01,12,601.0,102
RWS01_MONICA_00D0010E2432D0050085,2026-09-01,13,608.0,103
RWS01_MONICA_00D0010E2432D0050085,2026-09-01,14,757.0,103
RWS01_MONICA_00D0010E2432D0050085,2026-09-01,15,958.0,102
RWS01_MONICA_00D0010E2432D0050085,2026-09-01,16,990.0,104
RWS01_MONICA_00D0010E2432D0050085,2026-09-01,17,854.0,106
RWS01_MONICA_00D0010E2432D0050085,2026-09-01,18,409.0,109
RWS01_MONICA_00D0010E2432D0050085,2026-09-01,19,257.0,114
RWS01_MONICA_00D0010E2432D0050085,2026-09-01,20,252.2,114
RWS01_MONICA_00D0010E2432D0050085,2026-09-01,21,250.0,114
RWS01_MONICA_00D0010E2432D0050085,2026-09-01,22,164.0,117
RWS01_MONICA_00D0010E2432D0050085,2026-09-01,23,70.0,112
RWS01_MONICA_00D0010E2432D0050089,2026-09-01,0,99.0,97
RWS01_MONICA_00D0010E2432D0050089,2026-09-01,1,90.0,96
RWS01_MONICA_00D0010E2432D0050089,2026-09-01,2,85.0,92
RWS01_MONICA_00D0010E2432D0050089,2026-09-01,3,105.0,98
RWS01_MONICA_00D0010E2432D0050089,2026-09-01,4,235.0,94
RWS01_MONICA_00D0010E2432D0050089,2026-09-01,5,595.0,96
RWS01_MONICA_00D0010E2432D0050089,2026-09-01,6,1126.0,90
RWS01_MONICA_00D0010E2432D0050089,2026-09-01,7,1609.0,90
RWS01_MONICA_00D0010E2432D0050089,2026-09-01,8,1537.0,90
RWS01_MONICA_00D0010E2432D0050089,2026-09-01,9,1130.0,89
RWS01_MONICA_00D0010E2432D0050089,2026-09-01,10,862.8,90
RWS01_MONICA_00D0010E2432D0050089,2026-09-01,11,938.0,89
RWS01_MONICA_00D0010E2432D0050089,2026-09-01,12,991.0,89
RWS01_MONICA_00D0010E2432D0050089,2026-09-01,13,1006.0,90
RWS01_MONICA_00D0010E2432D0050089,2026-09-01,14,1103.0,89
RWS01_MONICA_00D0010E2432D0050089,2026-09-01,15,1171.0,89
RWS01_MONICA_00D0010E2432D0050089,2026-09-01,16,1329.0,90
RWS01_MONICA_00D0010E2432D0050089,2026-09-01,17,1359.0,92
RWS01_MONICA_00D0010E2432D0050089,2026-09-01,18,824.0,95
RWS01_MONICA_00D0010E2432D0050089,2026-09-01,19,580.0,100
RWS01_MONICA_00D0010E2432D0050089,2026-09-01,20,549.2,101
RWS01_MONICA_00D0010E2432D0050089,2026-09-01,21,573.0,100
RWS01_MONICA_00D0010E2432D0050089,2026-09-01,22,457.0,104
RWS01_MONICA_00D0010E2432D0050089,2026-09-01,23,252.0,102
RWS01_MONICA_00D0010E243CD0070007,2026-09-01,0,0.0,0
RWS01_MONICA_00D0010E243CD0070007,2026-09-01,1,0.0,0
RWS01_MONICA_00D0010E243CD0070007,2026-09-01,2,0.0,0
RWS01_MONICA_00D0010E243CD0070007,2026-09-01,3,0.0,0
RWS01_MONICA_00D0010E243CD0070007,2026-09-01,4,0.0,0
RWS01_MONICA_00D0010E243CD0070007,2026-09-01,5,2.0,145
RWS01_MONICA_00D0010E243CD0070007,2026-09-01,6,37.0,129
RWS01_MONICA_00D0010E243CD0070007,2026-09-01,7,121.0,126
RWS01_MONICA_00D0010E243CD0070007,2026-09-01,8,127.0,125
RWS01_MONICA_00D0010E243CD0070007,2026-09-01,9,51.0,123
RWS01_MONICA_00D0010E243CD0070007,2026-09-01,10,42.7,120
RWS01_MONICA_00D0010E243CD0070007,2026-09-01,11,91.0,119
RWS01_MONICA_00D0010E243CD0070007,2026-09-01,12,96.0,118
RWS01_MONICA_00D0010E243CD0070007,2026-09-01,13,106.0,120
RWS01_MONICA_00D0010E243CD0070007,2026-09-01,14,185.0,123
RWS01_MONICA_00D0010E243CD0070007,2026-09-01,15,298.0,122
RWS01_MONICA_00D0010E243CD0070007,2026-09-01,16,447.0,122
RWS01_MONICA_00D0010E243CD0070007,2026-09-01,17,321.0,124
RWS01_MONICA_00D0010E243CD0070007,2026-09-01,18,99.0,125
RWS01_MONICA_00D0010E243CD0070007,2026-09-01,19,43.0,132
RWS01_MONICA_00D0010E243CD0070007,2026-09-01,20,29.5,138
RWS01_MONICA_00D0010E243CD0070007,2026-09-01,21,16.0,126
RWS01_MONICA_00D0010E243CD0070007,2026-09-01,22,9.0,133
RWS01_MONICA_00D0010E243CD0070007,2026-09-01,23,7.0,138
RWS01_MONICA_00D0010E243CD007000B,2026-09-01,0,2.0,129
RWS01_MONICA_00D0010E243CD007000B,2026-09-01,1,4.0,123
RWS01_MONICA_00D0010E243CD007000B,2026-09-01,2,0.0,0
RWS01_MONICA_00D0010E243CD007000B,2026-09-01,3,2.0,103
RWS01_MONICA_00D0010E243CD007000B,2026-09-01,4,11.0,123
RWS01_MONICA_00D0010E243CD007000B,2026-09-01,5,52.0,122
RWS01_MONICA_00D0010E243CD007000B,2026-09-01,6,351.0,118
RWS01_MONICA_00D0010E243CD007000B,2026-09-01,7,795.0,113
RWS01_MONICA_00D0010E243CD007000B,2026-09-01,8,764.0,114
RWS01_MONICA_00D0010E243CD007000B,2026-09-01,9,517.0,113
RWS01_MONICA_00D0010E243CD007000B,2026-09-01,10,550.2,110
RWS01_MONICA_00D0010E243CD007000B,2026-09-01,11,667.0,110
RWS01_MONICA_00D0010E243CD007000B,2026-09-01,12,712.0,109
RWS01_MONICA_00D0010E243CD007000B,2026-09-01,13,742.0,110
RWS01_MONICA_00D0010E243CD007000B,2026-09-01,14,936.0,110
RWS01_MONICA_00D0010E243CD007000B,2026-09-01,15,1225.0,111
RWS01_MONICA_00D0010E243CD007000B,2026-09-01,16,1618.0,111
RWS01_MONICA_00D0010E243CD007000B,2026-09-01,17,1442.0,112
RWS01_MONICA_00D0010E243CD007000B,2026-09-01,18,710.0,115
RWS01_MONICA_00D0010E243CD007000B,2026-09-01,19,443.0,122
RWS01_MONICA_00D0010E243CD007000B,2026-09-01,20,322.4,124
RWS01_MONICA_00D0010E243CD007000B,2026-09-01,21,241.0,125
RWS01_MONICA_00D0010E243CD007000B,2026-09-01,22,178.0,124
RWS01_MONICA_00D0010E243CD007000B,2026-09-01,23,91.0,122
RWS01_MONICA_00D0010E243CD007000F,2026-09-01,0,42.0,117
RWS01_MONICA_00D0010E243CD007000F,2026-09-01,1,18.0,114
RWS01_MONICA_00D0010E243CD007000F,2026-09-01,2,15.0,116
RWS01_MONICA_00D0010E243CD007000F,2026-09-01,3,18.0,103
RWS01_MONICA_00D0010E243CD007000F,2026-09-01,4,41.0,106
RWS01_MONICA_00D0010E243CD007000F,2026-09-01,5,150.0,107
RWS01_MONICA_00D0010E243CD007000F,2026-09-01,6,625.0,108
RWS01_MONICA_00D0010E243CD007000F,2026-09-01,7,1090.0,104
RWS01_MONICA_00D0010E243CD007000F,2026-09-01,8,1060.0,106
RWS01_MONICA_00D0010E243CD007000F,2026-09-01,9,881.0,104
RWS01_MONICA_00D0010E243CD007000F,2026-09-01,10,831.9,102
RWS01_MONICA_00D0010E243CD007000F,2026-09-01,11,801.0,100
RWS01_MONICA_00D0010E243CD007000F,2026-09-01,12,950.0,100
RWS01_MONICA_00D0010E243CD007000F,2026-09-01,13,947.0,102
RWS01_MONICA_00D0010E243CD007000F,2026-09-01,14,1026.0,102
RWS01_MONICA_00D0010E243CD007000F,2026-09-01,15,1313.0,103
RWS01_MONICA_00D0010E243CD007000F,2026-09-01,16,1654.0,103
RWS01_MONICA_00D0010E243CD007000F,2026-09-01,17,1497.0,104
RWS01_MONICA_00D0010E243CD007000F,2026-09-01,18,920.0,107
RWS01_MONICA_00D0010E243CD007000F,2026-09-01,19,637.0,110
RWS01_MONICA_00D0010E243CD007000F,2026-09-01,20,478.0,113
RWS01_MONICA_00D0010E243CD007000F,2026-09-01,21,399.0,113
RWS01_MONICA_00D0010E243CD007000F,2026-09-01,22,339.0,116
RWS01_MONICA_00D0010E243CD007000F,2026-09-01,23,203.0,116
RWS01_MONICA_00D0010E243CD0070013,2026-09-01,0,68.0,115
RWS01_MONICA_00D0010E243CD0070013,2026-09-01,1,47.0,105
RWS01_MONICA_00D0010E243CD0070013,2026-09-01,2,27.0,104
RWS01_MONICA_00D0010E243CD0070013,2026-09-01,3,40.0,105
RWS01_MONICA_00D0010E243CD0070013,2026-09-01,4,70.0,100
RWS01_MONICA_00D0010E243CD0070013,2026-09-01,5,173.0,104
RWS01_MONICA_00D0010E243CD0070013,2026-09-01,6,680.0,102
RWS01_MONICA_00D0010E243CD0070013,2026-09-01,7,1016.0,101
RWS01_MONICA_00D0010E243CD0070013,2026-09-01,8,1035.0,101
RWS01_MONICA_00D0010E243CD0070013,2026-09-01,9,765.0,100
RWS01_MONICA_00D0010E243CD0070013,2026-09-01,10,696.6,98
RWS01_MONICA_00D0010E243CD0070013,2026-09-01,11,649.0,97
RWS01_MONICA_00D0010E243CD0070013,2026-09-01,12,769.0,99
RWS01_MONICA_00D0010E243CD0070013,2026-09-01,13,767.0,98
RWS01_MONICA_00D0010E243CD0070013,2026-09-01,14,890.0,99
RWS01_MONICA_00D0010E243CD0070013,2026-09-01,15,1119.0,100
RWS01_MONICA_00D0010E243CD0070013,2026-09-01,16,1399.0,101
RWS01_MONICA_00D0010E243CD0070013,2026-09-01,17,1353.0,102
RWS01_MONICA_00D0010E243CD0070013,2026-09-01,18,788.0,103
RWS01_MONICA_00D0010E243CD0070013,2026-09-01,19,510.0,105
RWS01_MONICA_00D0010E243CD0070013,2026-09-01,20,395.6,108
RWS01_MONICA_00D0010E243CD0070013,2026-09-01,21,325.0,109
RWS01_MONICA_00D0010E243CD0070013,2026-09-01,22,263.0,112
RWS01_MONICA_00D0010E243CD0070013,2026-09-01,23,156.0,108
RWS01_MONICA_00D0010E243CD0070017,2026-09-01,0,209.0,98
RWS01_MONICA_00D0010E243CD0070017,2026-09-01,1,156.0,97
RWS01_MONICA_00D0010E243CD0070017,2026-09-01,2,126.0,92
RWS01_MONICA_00D0010E243CD0070017,2026-09-01,3,134.0,92
RWS01_MONICA_00D0010E243CD0070017,2026-09-01,4,148.0,94
RWS01_MONICA_00D0010E243CD0070017,2026-09-01,5,310.0,93
RWS01_MONICA_00D0010E243CD0070017,2026-09-01,6,656.0,92
RWS01_MONICA_00D0010E243CD0070017,2026-09-01,7,921.0,92
RWS01_MONICA_00D0010E243CD0070017,2026-09-01,8,983.0,93
RWS01_MONICA_00D0010E243CD0070017,2026-09-01,9,809.0,91
RWS01_MONICA_00D0010E243CD0070017,2026-09-01,10,723.1,92
RWS01_MONICA_00D0010E243CD0070017,2026-09-01,11,741.0,90
RWS01_MONICA_00D0010E243CD0070017,2026-09-01,12,790.0,90
RWS01_MONICA_00D0010E243CD0070017,2026-09-01,13,807.0,91
RWS01_MONICA_00D0010E243CD0070017,2026-09-01,14,922.0,91
RWS01_MONICA_00D0010E243CD0070017,2026-09-01,15,978.0,91
RWS01_MONICA_00D0010E243CD0070017,2026-09-01,16,1171.0,92
RWS01_MONICA_00D0010E243CD0070017,2026-09-01,17,1079.0,93
RWS01_MONICA_00D0010E243CD0070017,2026-09-01,18,786.0,95
RWS01_MONICA_00D0010E243CD0070017,2026-09-01,19,551.0,96
RWS01_MONICA_00D0010E243CD0070017,2026-09-01,20,457.6,99
RWS01_MONICA_00D0010E243CD0070017,2026-09-01,21,440.0,100
RWS01_MONICA_00D0010E243CD0070017,2026-09-01,22,379.0,102
RWS01_MONICA_00D0010E243CD0070017,2026-09-01,23,204.0,102
RWS01_MONIBAS_0011hrl0905ra,2026-09-08,0,134.0,108
RWS01_MONIBAS_0011hrl0905ra,2026-09-08,1,122.0,104
RWS01_MONIBAS_0011hrl0905ra,2026-09-08,2,100.0,105
RWS01_MONIBAS_0011hrl0905ra,2026-09-08,3,172.0,102
RWS01_MONIBAS_0011hrl0905ra,2026-09-08,4,261.0,104
RWS01_MONIBAS_0011hrl0905ra,2026-09-08,5,1092.0,112
RWS01_MONIBAS_0011hrl0905ra,2026-09-08,6,2396.0,108
RWS01_MONIBAS_0011hrl0905ra,2026-09-08,7,2766.0,106
RWS01_MONIBAS_0011hrl0905ra,2026-09-08,8,2448.0,105
RWS01_MONIBAS_0011hrl0905ra,2026-09-08,9,1442.0,105
RWS01_MONIBAS_0011hrl0905ra,2026-09-08,10,1234.0,104
RWS01_MONIBAS_0011hrl0905ra,2026-09-08,11,1456.0,103
RWS01_MONIBAS_0011hrl0905ra,2026-09-08,12,1542.0,104
RWS01_MONIBAS_0011hrl0905ra,2026-09-08,13,1489.0,103
RWS01_MONIBAS_0011hrl0905ra,2026-09-08,14,1281.0,104
RWS01_MONIBAS_0011hrl0905ra,2026-09-08,15,1236.0,107
RWS01_MONIBAS_0011hrl0905ra,2026-09-08,16,1614.0,106
RWS01_MONIBAS_0011hrl0905ra,2026-09-08,17,1533.6,110
RWS01_MONIBAS_0011hrl0905ra,2026-09-08,18,980.0,108
RWS01_MONIBAS_0011hrl0905ra,2026-09-08,19,843.0,112
RWS01_MONIBAS_0011hrl0905ra,2026-09-08,20,589.0,113
RWS01_MONIBAS_0011hrl0905ra,2026-09-08,21,557.0,115
RWS01_MONIBAS_0011hrl0905ra,2026-09-08,22,372.0,113
RWS01_MONIBAS_0011hrl0905ra,2026-09-08,23,225.0,113
RWS01_MONIBAS_0011hrr0905ra,2026-09-08,0,429.0,107
RWS01_MONIBAS_0011hrr0905ra,2026-09-08,1,306.0,102
RWS01_MONIBAS_0011hrr0905ra,2026-09-08,2,206.0,94
RWS01_MONIBAS_0011hrr0905ra,2026-09-08,3,200.0,97
RWS01_MONIBAS_0011hrr0905ra,2026-09-08,4,295.0,99
RWS01_MONIBAS_0011hrr0905ra,2026-09-08,5,739.0,102
RWS01_MONIBAS_0011hrr0905ra,2026-09-08,6,2275.0,104
RWS01_MONIBAS_0011hrr0905ra,2026-09-08,7,3826.0,105
RWS01_MONIBAS_0011hrr0905ra,2026-09-08,8,3908.0,105
RWS01_MONIBAS_0011hrr0905ra,2026-09-08,9,2872.0,102
RWS01_MONIBAS_0011hrr0905ra,2026-09-08,10,2778.0,101
RWS01_MONIBAS_0011hrr0905ra,2026-09-08,11,3018.0,100
RWS01_MONIBAS_0011hrr0905ra,2026-09-08,12,3426.0,100
RWS01_MONIBAS_0011hrr0905ra,2026-09-08,13,3552.0,101
RWS01_MONIBAS_0011hrr0905ra,2026-09-08,14,4040.0,103
RWS01_MONIBAS_0011hrr0905ra,2026-09-08,15,4876.0,104
RWS01_MONIBAS_0011hrr0905ra,2026-09-08,16,6195.0,103
RWS01_MONIBAS_0011hrr0905ra,2026-09-08,17,5519.0,104
RWS01_MONIBAS_0011hrr0905ra,2026-09-08,18,3315.0,106
RWS01_MONIBAS_0011hrr0905ra,2026-09-08,19,2579.0,107
RWS01_MONIBAS_0011hrr0905ra,2026-09-08,20,1889.0,108
RWS01_MONIBAS_0011hrr0905ra,2026-09-08,21,1369.0,109
RWS01_MONIBAS_0011hrr0905ra,2026-09-08,22,1100.0,112
RWS01_MONIBAS_0011hrr0905ra,2026-09-08,23,749.0,112
RWS01_MONICA_00D0010E2432D0050005,2026-09-08,0,1.0,173
RWS01_MONICA_00D0010E2432D0050005,2026-09-08,1,0.0,0
RWS01_MONICA_00D0010E2432D0050005,2026-09-08,2,0.0,0
RWS01_MONICA_00D0010E2432D0050005,2026-09-08,3,2.0,124
RWS01_MONICA_00D0010E2432D0050005,2026-09-08,4,2.0,130
RWS01_MONICA_00D0010E2432D0050005,2026-09-08,5,154.0,132
RWS01_MONICA_00D0010E2432D0050005,2026-09-08,6,542.0,123
RWS01_MONICA_00D0010E2432D0050005,2026-09-08,7,643.0,119
RWS01_MONICA_00D0010E2432D0050005,2026-09-08,8,446.0,117
RWS01_MONICA_00D0010E2432D0050005,2026-09-08,9,131.0,117
RWS01_MONICA_00D0010E2432D0050005,2026-09-08,10,75.0,116
RWS01_MONICA_00D0010E2432D0050005,2026-09-08,11,119.0,117
RWS01_MONICA_00D0010E2432D0050005,2026-09-08,12,123.0,117
RWS01_MONICA_00D0010E2432D0050005,2026-09-08,13,119.0,116
RWS01_MONICA_00D0010E2432D0050005,2026-09-08,14,73.0,117
RWS01_MONICA_00D0010E2432D0050005,2026-09-08,15,91.0,124
RWS01_MONICA_00D0010E2432D0050005,2026-09-08,16,166.0,118
RWS01_MONICA_00D0010E2432D0050005,2026-09-08,17,155.6,126
RWS01_MONICA_00D0010E2432D0050005,2026-09-08,18,60.0,121
RWS01_MONICA_00D0010E2432D0050005,2026-09-08,19,30.0,128
RWS01_MONICA_00D0010E2432D0050005,2026-09-08,20,26.0,126
RWS01_MONICA_00D0010E2432D0050005,2026-09-08,21,18.0,130
RWS01_MONICA_00D0010E2432D0050005,2026-09-08,22,6.0,132
RWS01_MONICA_00D0010E2432D0050005,2026-09-08,23,5.0,129
RWS01_MONICA_00D0010E2432D0050009,2026-09-08,0,22.0,123
RWS01_MONICA_00D0010E2432D0050009,2026-09-08,1,19.0,128
RWS01_MONICA_00D0010E2432D0050009,2026-09-08,2,15.0,120
RWS01_MONICA_00D0010E2432D0050009,2026-09-08,3,29.0,115
RWS01_MONICA_00D0010E2432D0050009,2026-09-08,4,41.0,114
RWS01_MONICA_00D0010E2432D0050009,2026-09-08,5,448.0,121
RWS01_MONICA_00D0010E2432D0050009,2026-09-08,6,1065.0,111
RWS01_MONICA_00D0010E2432D0050009,2026-09-08,7,1255.0,108
RWS01_MONICA_00D0010E2432D0050009,2026-09-08,8,1133.0,108
RWS01_MONICA_00D0010E2432D0050009,2026-09-08,9,606.0,108
RWS01_MONICA_00D0010E2432D0050009,2026-09-08,10,466.0,107
RWS01_MONICA_00D0010E2432D0050009,2026-09-08,11,572.0,105
RWS01_MONICA_00D0010E2432D0050009,2026-09-08,12,664.0,107
RWS01_MONICA_00D0010E2432D0050009,2026-09-08,13,620.0,106
RWS01_MONICA_00D0010E2432D0050009,2026-09-08,14,500.0,107
RWS01_MONICA_00D0010E2432D0050009,2026-09-08,15,497.0,110
RWS01_MONICA_00D0010E2432D0050009,2026-09-08,16,692.0,108
RWS01_MONICA_00D0010E2432D0050009,2026-09-08,17,624.4,112
RWS01_MONICA_00D0010E2432D0050009,2026-09-08,18,345.0,114
RWS01_MONICA_00D0010E2432D0050009,2026-09-08,19,289.0,118
RWS01_MONICA_00D0010E2432D0050009,2026-09-08,20,182.0,122
RWS01_MONICA_00D0010E2432D0050009,2026-09-08,21,175.0,123
RWS01_MONICA_00D0010E2432D0050009,2026-09-08,22,99.0,122
RWS01_MONICA_00D0010E2432D0050009,2026-09-08,23,43.0,126
RWS01_MONICA_00D0010E2432D005000D,2026-09-08,0,111.0,105
RWS01_MONICA_00D0010E2432D005000D,2026-09-08,1,103.0,101
RWS01_MONICA_00D0010E2432D005000D,2026-09-08,2,85.0,103
RWS01_MONICA_00D0010E2432D005000D,2026-09-08,3,141.0,99
RWS01_MONICA_00D0010E2432D005000D,2026-09-08,4,218.0,101
RWS01_MONICA_00D0010E2432D005000D,2026-09-08,5,490.0,98
RWS01_MONICA_00D0010E2432D005000D,2026-09-08,6,789.0,96
RWS01_MONICA_00D0010E2432D005000D,2026-09-08,7,868.0,95
RWS01_MONICA_00D0010E2432D005000D,2026-09-08,8,869.0,95
RWS01_MONICA_00D0010E2432D005000D,2026-09-08,9,705.0,95
RWS01_MONICA_00D0010E2432D005000D,2026-09-08,10,693.0,95
RWS01_MONICA_00D0010E2432D005000D,2026-09-08,11,765.0,93
RWS01_MONICA_00D0010E2432D005000D,2026-09-08,12,755.0,94
RWS01_MONICA_00D0010E2432D005000D,2026-09-08,13,750.0,95
RWS01_MONICA_00D0010E2432D005000D,2026-09-08,14,708.0,95
RWS01_MONICA_00D0010E2432D005000D,2026-09-08,15,648.0,96
RWS01_MONICA_00D0010E2432D005000D,2026-09-08,16,756.0,97
RWS01_MONICA_00D0010E2432D005000D,2026-09-08,17,753.6,99
RWS01_MONICA_00D0010E2432D005000D,2026-09-08,18,575.0,100
RWS01_MONICA_00D0010E2432D005000D,2026-09-08,19,524.0,104
RWS01_MONICA_00D0010E2432D005000D,2026-09-08,20,381.0,105
RWS01_MONICA_00D0010E2432D005000D,2026-09-08,21,364.0,108
RWS01_MONICA_00D0010E2432D005000D,2026-09-08,22,267.0,106
RWS01_MONICA_00D0010E2432D005000D,2026-09-08,23,177.0,107
RWS01_MONICA_00D0010E2432D0050085,2026-09-08,0,14.0,107
RWS01_MONICA_00D0010E2432D0050085,2026-09-08,1,8.0,111
RWS01_MONICA_00D0010E2432D0050085,2026-09-08,2,5.0,122
RWS01_MONICA_00D0010E2432D0050085,2026-09-08,3,35.0,103
RWS01_MONICA_00D0010E2432D0050085,2026-09-08,4,50.0,110
RWS01_MONICA_00D0010E2432D0050085,2026-09-08,5,359.0,117
RWS01_MONICA_00D0010E2432D0050085,2026-09-08,6,1090.0,106
RWS01_MONICA_00D0010E2432D0050085,2026-09-08,7,1463.0,102
RWS01_MONICA_00D0010E2432D0050085,2026-09-08,8,1266.0,102
RWS01_MONICA_00D0010E2432D0050085,2026-09-08,9,822.0,102
RWS01_MONICA_00D0010E2432D0050085,2026-09-08,10,629.0,101
RWS01_MONICA_00D0010E2432D0050085,2026-09-08,11,523.0,102
RWS01_MONICA_00D0010E2432D0050085,2026-09-08,12,645.0,101
RWS01_MONICA_00D0010E2432D0050085,2026-09-08,13,578.0,104
RWS01_MONICA_00D0010E2432D0050085,2026-09-08,14,701.0,102
RWS01_MONICA_00D0010E2432D0050085,2026-09-08,15,967.0,103
RWS01_MONICA_00D0010E2432D0050085,2026-09-08,16,972.0,103
RWS01_MONICA_00D0010E2432D0050085,2026-09-08,17,818.6,105
RWS01_MONICA_00D0010E2432D0050085,2026-09-08,18,364.0,107
RWS01_MONICA_00D0010E2432D0050085,2026-09-08,19,204.0,111
RWS01_MONICA_00D0010E2432D0050085,2026-09-08,20,180.0,110
RWS01_MONICA_00D0010E2432D0050085,2026-09-08,21,126.0,111
RWS01_MONICA_00D0010E2432D0050085,2026-09-08,22,82.0,113
RWS01_MONICA_00D0010E2432D0050085,2026-09-08,23,34.0,112
RWS01_MONICA_00D0010E2432D0050089,2026-09-08,0,103.0,97
RWS01_MONICA_00D0010E2432D0050089,2026-09-08,1,71.0,97
RWS01_MONICA_00D0010E2432D0050089,2026-09-08,2,81.0,95
RWS01_MONICA_00D0010E2432D0050089,2026-09-08,3,114.0,94
RWS01_MONICA_00D0010E2432D0050089,2026-09-08,4,236.0,95
RWS01_MONICA_00D0010E2432D0050089,2026-09-08,5,604.0,95
RWS01_MONICA_00D0010E2432D0050089,2026-09-08,6,1119.0,92
RWS01_MONICA_00D0010E2432D0050089,2026-09-08,7,1615.0,90
RWS01_MONICA_00D0010E2432D0050089,2026-09-08,8,1490.0,89
RWS01_MONICA_00D0010E2432D0050089,2026-09-08,9,1107.0,89
RWS01_MONICA_00D0010E2432D0050089,2026-09-08,10,964.0,90
RWS01_MONICA_00D0010E2432D0050089,2026-09-08,11,929.0,90
RWS01_MONICA_00D0010E2432D0050089,2026-09-08,12,982.0,90
RWS01_MONICA_00D0010E2432D0050089,2026-09-08,13,1021.0,91
RWS01_MONICA_00D0010E2432D0050089,2026-09-08,14,1062.0,89
RWS01_MONICA_00D0010E2432D0050089,2026-09-08,15,1207.0,90
RWS01_MONICA_00D0010E2432D0050089,2026-09-08,16,1256.0,90
RWS01_MONICA_00D0010E2432D0050089,2026-09-08,17,1272.2,93
RWS01_MONICA_00D0010E2432D0050089,2026-09-08,18,840.0,94
RWS01_MONICA_00D0010E2432D0050089,2026-09-08,19,555.0,99
RWS01_MONICA_00D0010E2432D0050089,2026-09-08,20,468.0,98
RWS01_MONICA_00D0010E2432D0050089,2026-09-08,21,418.0,102
RWS01_MONICA_00D0010E2432D0050089,2026-09-08,22,315.0,103
RWS01_MONICA_00D0010E2432D0050089,2026-09-08,23,188.0,101
RWS01_MONICA_00D0010E243CD0070007,2026-09-08,0,1.0,136
RWS01_MONICA_00D0010E243CD0070007,2026-09-08,1,2.0,139
RWS01_MONICA_00D0010E243CD0070007,2026-09-08,2,0.0,0
RWS01_MONICA_00D0010E243CD0070007,2026-09-08,3,0.0,0
RWS01_MONICA_00D0010E243CD0070007,2026-09-08,4,0.0,0
RWS01_MONICA_00D0010E243CD0070007,2026-09-08,5,4.0,116
RWS01_MONICA_00D0010E243CD0070007,2026-09-08,6,43.0,125
RWS01_MONICA_00D0010E243CD0070007,2026-09-08,7,116.0,123
RWS01_MONICA_00D0010E243CD0070007,2026-09-08,8,103.0,123
RWS01_MONICA_00D0010E243CD0070007,2026-09-08,9,54.0,125
RWS01_MONICA_00D0010E243CD0070007,2026-09-08,10,59.0,122
RWS01_MONICA_00D0010E243CD0070007,2026-09-08,11,75.0,117
RWS01_MONICA_00D0010E243CD0070007,2026-09-08,12,107.0,118
RWS01_MONICA_00D0010E243CD0070007,2026-09-08,13,150.0,120
RWS01_MONICA_00D0010E243CD0070007,2026-09-08,14,191.0,123
RWS01_MONICA_00D0010E243CD0070007,2026-09-08,15,298.0,123
RWS01_MONICA_00D0010E243CD0070007,2026-09-08,16,429.0,120
RWS01_MONICA_00D0010E243CD0070007,2026-09-08,17,334.6,121
RWS01_MONICA_00D0010E243CD0070007,2026-09-08,18,127.0,127
RWS01_MONICA_00D0010E243CD0070007,2026-09-08,19,110.0,129
RWS01_MONICA_00D0010E243CD0070007,2026-09-08,20,42.0,133
RWS01_MONICA_00D0010E243CD0070007,2026-09-08,21,16.0,133
RWS01_MONICA_00D0010E243CD0070007,2026-09-08,22,11.0,134
RWS01_MONICA_00D0010E243CD0070007,2026-09-08,23,0.0,0
RWS01_MONICA_00D0010E243CD007000B,2026-09-08,0,47.0,129
RWS01_MONICA_00D0010E243CD007000B,2026-09-08,1,30.0,120
RWS01_MONICA_00D0010E243CD007000B,2026-09-08,2,14.0,125
RWS01_MONICA_00D0010E243CD007000B,2026-09-08,3,12.0,135
RWS01_MONICA_00D0010E243CD007000B,2026-09-08,4,14.0,127
RWS01_MONICA_00D0010E243CD007000B,2026-09-08,5,75.0,122
RWS01_MONICA_00D0010E243CD007000B,2026-09-08,6,373.0,117
RWS01_MONICA_00D0010E243CD007000B,2026-09-08,7,775.0,114
RWS01_MONICA_00D0010E243CD007000B,2026-09-08,8,796.0,113
RWS01_MONICA_00D0010E243CD007000B,2026-09-08,9,529.0,112
RWS01_MONICA_00D0010E243CD007000B,2026-09-08,10,553.0,110
RWS01_MONICA_00D0010E243CD007000B,2026-09-08,11,654.0,109
RWS01_MONICA_00D0010E243CD007000B,2026-09-08,12,826.0,108
RWS01_MONICA_00D0010E243CD007000B,2026-09-08,13,842.0,109
RWS01_MONICA_00D0010E243CD007000B,2026-09-08,14,924.0,111
RWS01_MONICA_00D0010E243CD007000B,2026-09-08,15,1182.0,112
RWS01_MONICA_00D0010E243CD007000B,2026-09-08,16,1634.0,109
RWS01_MONICA_00D0010E243CD007000B,2026-09-08,17,1378.0,111
RWS01_MONICA_00D0010E243CD007000B,2026-09-08,18,805.0,115
RWS01_MONICA_00D0010E243CD007000B,2026-09-08,19,632.0,118
RWS01_MONICA_00D0010E243CD007000B,2026-09-08,20,415.0,120
RWS01_MONICA_00D0010E243CD007000B,2026-09-08,21,255.0,122
RWS01_MONICA_00D0010E243CD007000B,2026-09-08,22,162.0,126
RWS01_MONICA_00D0010E243CD007000B,2026-09-08,23,95.0,127
RWS01_MONICA_00D0010E243CD007000F,2026-09-08,0,123.0,112
RWS01_MONICA_00D0010E243CD007000F,2026-09-08,1,71.0,112
RWS01_MONICA_00D0010E243CD007000F,2026-09-08,2,53.0,103
RWS01_MONICA_00D0010E243CD007000F,2026-09-08,3,53.0,107
RWS01_MONICA_00D0010E243CD007000F,2026-09-08,4,59.0,105
RWS01_MONICA_00D0010E243CD007000F,2026-09-08,5,168.0,107
RWS01_MONICA_00D0010E243CD007000F,2026-09-08,6,600.0,106
RWS01_MONICA_00D0010E243CD007000F,2026-09-08,7,1020.0,104
RWS01_MONICA_00D0010E243CD007000F,2026-09-08,8,1069.0,103
RWS01_MONICA_00D0010E243CD007000F,2026-09-08,9,795.0,103
RWS01_MONICA_00D0010E243CD007000F,2026-09-08,10,796.0,102
RWS01_MONICA_00D0010E243CD007000F,2026-09-08,11,876.0,100
RWS01_MONICA_00D0010E243CD007000F,2026-09-08,12,927.0,100
RWS01_MONICA_00D0010E243CD007000F,2026-09-08,13,958.0,100
RWS01_MONICA_00D0010E243CD007000F,2026-09-08,14,1122.0,102
RWS01_MONICA_00D0010E243CD007000F,2026-09-08,15,1336.0,103
RWS01_MONICA_00D0010E243CD007000F,2026-09-08,16,1635.0,101
RWS01_MONICA_00D0010E243CD007000F,2026-09-08,17,1484.7,102
RWS01_MONICA_00D0010E243CD007000F,2026-09-08,18,854.0,105
RWS01_MONICA_00D0010E243CD007000F,2026-09-08,19,691.0,106
RWS01_MONICA_00D0010E243CD007000F,2026-09-08,20,516.0,108
RWS01_MONICA_00D0010E243CD007000F,2026-09-08,21,385.0,111
RWS01_MONICA_00D0010E243CD007000F,2026-09-08,22,293.0,116
RWS01_MONICA_00D0010E243CD007000F,2026-09-08,23,249.0,115
RWS01_MONICA_00D0010E243CD0070013,2026-09-08,0,108.0,104
RWS01_MONICA_00D0010E243CD0070013,2026-09-08,1,69.0,98
RWS01_MONICA_00D0010E243CD0070013,2026-09-08,2,54.0,92
RWS01_MONICA_00D0010E243CD0070013,2026-09-08,3,45.0,94
RWS01_MONICA_00D0010E243CD0070013,2026-09-08,4,77.0,96
RWS01_MONICA_00D0010E243CD0070013,2026-09-08,5,189.0,97
RWS01_MONICA_00D0010E243CD0070013,2026-09-08,6,618.0,100
RWS01_MONICA_00D0010E243CD0070013,2026-09-08,7,997.0,101
RWS01_MONICA_00D0010E243CD0070013,2026-09-08,8,995.0,101
RWS01_MONICA_00D0010E243CD0070013,2026-09-08,9,715.0,99
RWS01_MONICA_00D0010E243CD0070013,2026-09-08,10,662.0,98
RWS01_MONICA_00D0010E243CD0070013,2026-09-08,11,675.0,97
RWS01_MONICA_00D0010E243CD0070013,2026-09-08,12,788.0,97
RWS01_MONICA_00D0010E243CD0070013,2026-09-08,13,789.0,97
RWS01_MONICA_00D0010E243CD0070013,2026-09-08,14,943.0,99
RWS01_MONICA_00D0010E243CD0070013,2026-09-08,15,1120.0,101
RWS01_MONICA_00D0010E243CD0070013,2026-09-08,16,1394.0,99
RWS01_MONICA_00D0010E243CD0070013,2026-09-08,17,1252.9,100
RWS01_MONICA_00D0010E243CD0070013,2026-09-08,18,765.0,102
RWS01_MONICA_00D0010E243CD0070013,2026-09-08,19,550.0,102
RWS01_MONICA_00D0010E243CD0070013,2026-09-08,20,399.0,104
RWS01_MONICA_00D0010E243CD0070013,2026-09-08,21,304.0,106
RWS01_MONICA_00D0010E243CD0070013,2026-09-08,22,277.0,111
RWS01_MONICA_00D0010E243CD0070013,2026-09-08,23,167.0,110
RWS01_MONICA_00D0010E243CD0070017,2026-09-08,0,150.0,97
RWS01_MONICA_00D0010E243CD0070017,2026-09-08,1,134.0,93
RWS01_MONICA_00D0010E243CD0070017,2026-09-08,2,85.0,88
RWS01_MONICA_00D0010E243CD0070017,2026-09-08,3,90.0,89
RWS01_MONICA_00D0010E243CD0070017,2026-09-08,4,145.0,93
RWS01_MONICA_00D0010E243CD0070017,2026-09-08,5,303.0,94
RWS01_MONICA_00D0010E243CD0070017,2026-09-08,6,641.0,91
RWS01_MONICA_00D0010E243CD0070017,2026-09-08,7,899.0,92
RWS01_MONICA_00D0010E243CD0070017,2026-09-08,8,945.0,93
RWS01_MONICA_00D0010E243CD0070017,2026-09-08,9,779.0,91
RWS01_MONICA_00D0010E243CD0070017,2026-09-08,10,708.0,91
RWS01_MONICA_00D0010E243CD0070017,2026-09-08,11,727.0,89
RWS01_MONICA_00D0010E243CD0070017,2026-09-08,12,778.0,89
RWS01_MONICA_00D0010E243CD0070017,2026-09-08,13,813.0,89
RWS01_MONICA_00D0010E243CD0070017,2026-09-08,14,860.0,90
RWS01_MONICA_00D0010E243CD0070017,2026-09-08,15,940.0,91
RWS01_MONICA_00D0010E243CD0070017,2026-09-08,16,1103.0,91
RWS01_MONICA_00D0010E243CD0070017,2026-09-08,17,1068.8,92
RWS01_MONICA_00D0010E243CD0070017,2026-09-08,18,764.0,95
RWS01_MONICA_00D0010E243CD0070017,2026-09-08,19,596.0,93
RWS01_MONICA_00D0010E243CD0070017,2026-09-08,20,517.0,95
RWS01_MONICA_00D0010E243CD0070017,2026-09-08,21,409.0,98
RWS01_MONICA_00D0010E243CD0070017,2026-09-08,22,357.0,101
RWS01_MONICA_00D0010E243CD0070017,2026-09-08,23,238.0,102
RWS01_MONIBAS_0011hrl0905ra,2026-09-15,0,45.0,104
RWS01_MONIBAS_0011hrl0905ra,2026-09-15,1,28.0,102
RWS01_MONIBAS_0011hrl0905ra,2026-09-15,2,37.0,105
RWS01_MONIBAS_0011hrl0905ra,2026-09-15,3,43.0,102
RWS01_MONIBAS_0011hrl0905ra,2026-09-15,4,143.0,103
RWS01_MONIBAS_0011hrl0905ra,2026-09-15,5,1038.0,115
RWS01_MONIBAS_0011hrl0905ra,2026-09-15,6,2234.2,108
RWS01_MONIBAS_0011hrl0905ra,2026-09-15,7,2912.0,106
RWS01_MONIBAS_0011hrl0905ra,2026-09-15,8,2436.0,107
RWS01_MONIBAS_0011hrl0905ra,2026-09-15,9,1724.0,106
RWS01_MONIBAS_0011hrl0905ra,2026-09-15,10,1377.0,104
RWS01_MONIBAS_0011hrl0905ra,2026-09-15,11,1599.0,104
RWS01_MONIBAS_0011hrl0905ra,2026-09-15,12,1616.0,105
RWS01_MONIBAS_0011hrl0905ra,2026-09-15,13,1391.0,105
RWS01_MONIBAS_0011hrl0905ra,2026-09-15,14,1196.0,104
RWS01_MONIBAS_0011hrl0905ra,2026-09-15,15,1483.0,106
RWS01_MONIBAS_0011hrl0905ra,2026-09-15,16,1797.0,107
RWS01_MONIBAS_0011hrl0905ra,2026-09-15,17,1755.0,109
RWS01_MONIBAS_0011hrl0905ra,2026-09-15,18,1109.0,110
RWS01_MONIBAS_0011hrl0905ra,2026-09-15,19,887.0,117
RWS01_MONIBAS_0011hrl0905ra,2026-09-15,20,495.0,115
RWS01_MONIBAS_0011hrl0905ra,2026-09-15,21,254.0,109
RWS01_MONIBAS_0011hrl0905ra,2026-09-15,22,171.0,116
RWS01_MONIBAS_0011hrl0905ra,2026-09-15,23,78.0,113
RWS01_MONIBAS_0011hrr0905ra,2026-09-15,0,352.0,105
RWS01_MONIBAS_0011hrr0905ra,2026-09-15,1,290.0,102
RWS01_MONIBAS_0011hrr0905ra,2026-09-15,2,201.0,95
RWS01_MONIBAS_0011hrr0905ra,2026-09-15,3,201.0,99
RWS01_MONIBAS_0011hrr0905ra,2026-09-15,4,321.0,103
RWS01_MONIBAS_0011hrr0905ra,2026-09-15,5,720.0,103
RWS01_MONIBAS_0011hrr0905ra,2026-09-15,6,2359.3,104
RWS01_MONIBAS_0011hrr0905ra,2026-09-15,7,4010.0,105
RWS01_MONIBAS_0011hrr0905ra,2026-09-15,8,3820.0,105
RWS01_MONIBAS_0011hrr0905ra,2026-09-15,9,3281.0,103
RWS01_MONIBAS_0011hrr0905ra,2026-09-15,10,3085.0,102
RWS01_MONIBAS_0011hrr0905ra,2026-09-15,11,3015.0,101
RWS01_MONIBAS_0011hrr0905ra,2026-09-15,12,3435.0,102
RWS01_MONIBAS_0011hrr0905ra,2026-09-15,13,3652.0,102
RWS01_MONIBAS_0011hrr0905ra,2026-09-15,14,4170.0,103
RWS01_MONIBAS_0011hrr0905ra,2026-09-15,15,5108.0,103
RWS01_MONIBAS_0011hrr0905ra,2026-09-15,16,6278.0,104
RWS01_MONIBAS_0011hrr0905ra,2026-09-15,17,5837.0,105
RWS01_MONIBAS_0011hrr0905ra,2026-09-15,18,3795.0,106
RWS01_MONIBAS_0011hrr0905ra,2026-09-15,19,2401.0,109
RWS01_MONIBAS_0011hrr0905ra,2026-09-15,20,1711.0,109
RWS01_MONIBAS_0011hrr0905ra,2026-09-15,21,1180.0,112
RWS01_MONIBAS_0011hrr0905ra,2026-09-15,22,1153.0,112
RWS01_MONIBAS_0011hrr0905ra,2026-09-15,23,830.0,116
RWS01_MONICA_00D0010E2432D0050005,2026-09-15,0,0.0,0
RWS01_MONICA_00D0010E2432D0050005,2026-09-15,1,0.0,0
RWS01_MONICA_00D0010E2432D0050005,2026-09-15,2,0.0,0
RWS01_MONICA_00D0010E2432D0050005,2026-09-15,3,0.0,0
RWS01_MONICA_00D0010E2432D0050005,2026-09-15,4,0.0,0
RWS01_MONICA_00D0010E2432D0050005,2026-09-15,5,117.0,135
RWS01_MONICA_00D0010E2432D0050005,2026-09-15,6,445.4,123
RWS01_MONICA_00D0010E2432D0050005,2026-09-15,7,631.0,118
RWS01_MONICA_00D0010E2432D0050005,2026-09-15,8,435.0,120
RWS01_MONICA_00D0010E2432D0050005,2026-09-15,9,165.0,120
RWS01_MONICA_00D0010E2432D0050005,2026-09-15,10,94.0,117
RWS01_MONICA_00D0010E2432D0050005,2026-09-15,11,136.0,118
RWS01_MONICA_00D0010E2432D0050005,2026-09-15,12,120.0,120
RWS01_MONICA_00D0010E2432D0050005,2026-09-15,13,85.0,120
RWS01_MONICA_00D0010E2432D0050005,2026-09-15,14,65.0,118
RWS01_MONICA_00D0010E2432D0050005,2026-09-15,15,126.0,123
RWS01_MONICA_00D0010E2432D0050005,2026-09-15,16,199.0,119
RWS01_MONICA_00D0010E2432D0050005,2026-09-15,17,173.0,121
RWS01_MONICA_00D0010E2432D0050005,2026-09-15,18,75.0,124
RWS01_MONICA_00D0010E2432D0050005,2026-09-15,19,45.0,134
RWS01_MONICA_00D0010E2432D0050005,2026-09-15,20,12.0,134
RWS01_MONICA_00D0010E2432D0050005,2026-09-15,21,3.0,153
RWS01_MONICA_00D0010E2432D0050005,2026-09-15,22,0.0,0
RWS01_MONICA_00D0010E2432D0050005,2026-09-15,23,1.0,155
RWS01_MONICA_00D0010E2432D0050009,2026-09-15,0,4.0,135
RWS01_MONICA_00D0010E2432D0050009,2026-09-15,1,3.0,122
RWS01_MONICA_00D0010E2432D0050009,2026-09-15,2,6.0,122
RWS01_MONICA_00D0010E2432D0050009,2026-09-15,3,2.0,130
RWS01_MONICA_00D0010E2432D0050009,2026-09-15,4,24.0,121
RWS01_MONICA_00D0010E2432D0050009,2026-09-15,5,419.0,124
RWS01_MONICA_00D0010E2432D0050009,2026-09-15,6,1002.7,111
RWS01_MONICA_00D0010E2432D0050009,2026-09-15,7,1328.0,107
RWS01_MONICA_00D0010E2432D0050009,2026-09-15,8,1090.0,108
RWS01_MONICA_00D0010E2432D0050009,2026-09-15,9,744.0,108
RWS01_MONICA_00D0010E2432D0050009,2026-09-15,10,549.0,107
RWS01_MONICA_00D0010E2432D0050009,2026-09-15,11,679.0,107
RWS01_MONICA_00D0010E2432D0050009,2026-09-15,12,697.0,107
RWS01_MONICA_00D0010E2432D0050009,2026-09-15,13,584.0,108
RWS01_MONICA_00D0010E2432D0050009,2026-09-15,14,446.0,109
RWS01_MONICA_00D0010E2432D0050009,2026-09-15,15,608.0,108
RWS01_MONICA_00D0010E2432D0050009,2026-09-15,16,726.0,110
RWS01_MONICA_00D0010E2432D0050009,2026-09-15,17,743.0,112
RWS01_MONICA_00D0010E2432D0050009,2026-09-15,18,425.0,114
RWS01_MONICA_00D0010E2432D0050009,2026-09-15,19,319.0,123
RWS01_MONICA_00D0010E2432D0050009,2026-09-15,20,139.0,124
RWS01_MONICA_00D0010E2432D0050009,2026-09-15,21,51.0,124
RWS01_MONICA_00D0010E2432D0050009,2026-09-15,22,29.0,129
RWS01_MONICA_00D0010E2432D0050009,2026-09-15,23,9.0,138
RWS01_MONICA_00D0010E2432D005000D,2026-09-15,0,41.0,103
RWS01_MONICA_00D0010E2432D005000D,2026-09-15,1,25.0,101
RWS01_MONICA_00D0010E2432D005000D,2026-09-15,2,31.0,102
RWS01_MONICA_00D0010E2432D005000D,2026-09-15,3,41.0,101
RWS01_MONICA_00D0010E2432D005000D,2026-09-15,4,119.0,99
RWS01_MONICA_00D0010E2432D005000D,2026-09-15,5,502.0,100
RWS01_MONICA_00D0010E2432D005000D,2026-09-15,6,763.7,96
RWS01_MONICA_00D0010E2432D005000D,2026-09-15,7,953.0,96
RWS01_MONICA_00D0010E2432D005000D,2026-09-15,8,911.0,97
RWS01_MONICA_00D0010E2432D005000D,2026-09-15,9,815.0,96
RWS01_MONICA_00D0010E2432D005000D,2026-09-15,10,734.0,95
RWS01_MONICA_00D0010E2432D005000D,2026-09-15,11,784.0,95
RWS01_MONICA_00D0010E2432D005000D,2026-09-15,12,799.0,94
RWS01_MONICA_00D0010E2432D005000D,2026-09-15,13,722.0,95
RWS01_MONICA_00D0010E2432D005000D,2026-09-15,14,685.0,95
RWS01_MONICA_00D0010E2432D005000D,2026-09-15,15,749.0,97
RWS01_MONICA_00D0010E2432D005000D,2026-09-15,16,872.0,98
RWS01_MONICA_00D0010E2432D005000D,2026-09-15,17,839.0,98
RWS01_MONICA_00D0010E2432D005000D,2026-09-15,18,609.0,100
RWS01_MONICA_00D0010E2432D005000D,2026-09-15,19,523.0,107
RWS01_MONICA_00D0010E2432D005000D,2026-09-15,20,344.0,108
RWS01_MONICA_00D0010E2432D005000D,2026-09-15,21,200.0,105
RWS01_MONICA_00D0010E2432D005000D,2026-09-15,22,142.0,112
RWS01_MONICA_00D0010E2432D005000D,2026-09-15,23,68.0,110
RWS01_MONICA_00D0010E2432D0050085,2026-09-15,0,42.0,113
RWS01_MONICA_00D0010E2432D0050085,2026-09-15,1,25.0,115
RWS01_MONICA_00D0010E2432D0050085,2026-09-15,2,36.0,111
RWS01_MONICA_00D0010E2432D0050085,2026-09-15,3,48.0,107
RWS01_MONICA_00D0010E2432D0050085,2026-09-15,4,103.0,110
RWS01_MONICA_00D0010E2432D0050085,2026-09-15,5,388.0,116
RWS01_MONICA_00D0010E2432D0050085,2026-09-15,6,1204.1,106
RWS01_MONICA_00D0010E2432D0050085,2026-09-15,7,1625.0,101
RWS01_MONICA_00D0010E2432D0050085,2026-09-15,8,1632.0,100
RWS01_MONICA_00D0010E2432D0050085,2026-09-15,9,938.0,102
RWS01_MONICA_00D0010E2432D0050085,2026-09-15,10,678.0,102
RWS01_MONICA_00D0010E2432D0050085,2026-09-15,11,499.0,103
RWS01_MONICA_00D0010E2432D0050085,2026-09-15,12,626.0,103
RWS01_MONICA_00D0010E2432D0050085,2026-09-15,13,667.0,103
RWS01_MONICA_00D0010E2432D0050085,2026-09-15,14,862.0,102
RWS01_MONICA_00D0010E2432D0050085,2026-09-15,15,922.0,103
RWS01_MONICA_00D0010E2432D0050085,2026-09-15,16,954.0,103
RWS01_MONICA_00D0010E2432D0050085,2026-09-15,17,830.0,106
RWS01_MONICA_00D0010E2432D0050085,2026-09-15,18,383.0,108
RWS01_MONICA_00D0010E2432D0050085,2026-09-15,19,248.0,116
RWS01_MONICA_00D0010E2432D0050085,2026-09-15,20,247.0,115
RWS01_MONICA_00D0010E2432D0050085,2026-09-15,21,290.0,113
RWS01_MONICA_00D0010E2432D0050085,2026-09-15,22,192.0,118
RWS01_MONICA_00D0010E2432D0050085,2026-09-15,23,73.0,112
RWS01_MONICA_00D0010E2432D0050089,2026-09-15,0,162.0,96
RWS01_MONICA_00D0010E2432D0050089,2026-09-15,1,137.0,97
RWS01_MONICA_00D0010E2432D0050089,2026-09-15,2,116.0,93
RWS01_MONICA_00D0010E2432D0050089,2026-09-15,3,182.0,96
RWS01_MONICA_00D0010E2432D0050089,2026-09-15,4,297.0,94
RWS01_MONICA_00D0010E2432D0050089,2026-09-15,5,610.0,95
RWS01_MONICA_00D0010E2432D0050089,2026-09-15,6,1135.9,90
RWS01_MONICA_00D0010E2432D0050089,2026-09-15,7,1589.0,88
RWS01_MONICA_00D0010E2432D0050089,2026-09-15,8,1652.0,87
RWS01_MONICA_00D0010E2432D0050089,2026-09-15,9,1128.0,88
RWS01_MONICA_00D0010E2432D0050089,2026-09-15,10,1010.0,89
RWS01_MONICA_00D0010E2432D0050089,2026-09-15,11,982.0,89
RWS01_MONICA_00D0010E2432D0050089,2026-09-15,12,1006.0,89
RWS01_MONICA_00D0010E2432D0050089,2026-09-15,13,1014.0,90
RWS01_MONICA_00D0010E2432D0050089,2026-09-15,14,1107.0,90
RWS01_MONICA_00D0010E2432D0050089,2026-09-15,15,1210.0,91
RWS01_MONICA_00D0010E2432D0050089,2026-09-15,16,1306.0,91
RWS01_MONICA_00D0010E2432D0050089,2026-09-15,17,1308.0,93
RWS01_MONICA_00D0010E2432D0050089,2026-09-15,18,806.0,96
RWS01_MONICA_00D0010E2432D0050089,2026-09-15,19,546.0,101
RWS01_MONICA_00D0010E2432D0050089,2026-09-15,20,539.0,100
RWS01_MONICA_00D0010E2432D0050089,2026-09-15,21,600.0,99
RWS01_MONICA_00D0010E2432D0050089,2026-09-15,22,467.0,102
RWS01_MONICA_00D0010E2432D0050089,2026-09-15,23,259.0,100
RWS01_MONICA_00D0010E243CD0070007,2026-09-15,0,0.0,0
RWS01_MONICA_00D0010E243CD0070007,2026-09-15,1,2.0,134
RWS01_MONICA_00D0010E243CD0070007,2026-09-15,2,2.0,162
RWS01_MONICA_00D0010E243CD0070007,2026-09-15,3,1.0,116
RWS01_MONICA_00D0010E243CD0070007,2026-09-15,4,0.0,0
RWS01_MONICA_00D0010E243CD0070007,2026-09-15,5,4.0,137
RWS01_MONICA_00D0010E243CD0070007,2026-09-15,6,51.9,125
RWS01_MONICA_00D0010E243CD0070007,2026-09-15,7,108.0,125
RWS01_MONICA_00D0010E243CD0070007,2026-09-15,8,80.0,128
RWS01_MONICA_00D0010E243CD0070007,2026-09-15,9,79.0,120
RWS01_MONICA_00D0010E243CD0070007,2026-09-15,10,86.0,125
RWS01_MONICA_00D0010E243CD0070007,2026-09-15,11,83.0,120
RWS01_MONICA_00D0010E243CD0070007,2026-09-15,12,122.0,121
RWS01_MONICA_00D0010E243CD0070007,2026-09-15,13,162.0,120
RWS01_MONICA_00D0010E243CD0070007,2026-09-15,14,209.0,123
RWS01_MONICA_00D0010E243CD0070007,2026-09-15,15,325.0,121
RWS01_MONICA_00D0010E243CD0070007,2026-09-15,16,419.0,123
RWS01_MONICA_00D0010E243CD0070007,2026-09-15,17,359.0,124
RWS01_MONICA_00D0010E243CD0070007,2026-09-15,18,207.0,124
RWS01_MONICA_00D0010E243CD0070007,2026-09-15,19,74.0,131
RWS01_MONICA_00D0010E243CD0070007,2026-09-15,20,47.0,128
RWS01_MONICA_00D0010E243CD0070007,2026-09-15,21,4.0,124
RWS01_MONICA_00D0010E243CD0070007,2026-09-15,22,1.0,132
RWS01_MONICA_00D0010E243CD0070007,2026-09-15,23,2.0,127
RWS01_MONICA_00D0010E243CD007000B,2026-09-15,0,38.0,127
RWS01_MONICA_00D0010E243CD007000B,2026-09-15,1,21.0,129
RWS01_MONICA_00D0010E243CD007000B,2026-09-15,2,12.0,127
RWS01_MONICA_00D0010E243CD007000B,2026-09-15,3,10.0,134
RWS01_MONICA_00D0010E243CD007000B,2026-09-15,4,17.0,129
RWS01_MONICA_00D0010E243CD007000B,2026-09-15,5,59.0,126
RWS01_MONICA_00D0010E243CD007000B,2026-09-15,6,356.9,118
RWS01_MONICA_00D0010E243CD007000B,2026-09-15,7,769.0,114
RWS01_MONICA_00D0010E243CD007000B,2026-09-15,8,759.0,114
RWS01_MONICA_00D0010E243CD007000B,2026-09-15,9,658.0,111
RWS01_MONICA_00D0010E243CD007000B,2026-09-15,10,628.0,111
RWS01_MONICA_00D0010E243CD007000B,2026-09-15,11,657.0,109
RWS01_MONICA_00D0010E243CD007000B,2026-09-15,12,818.0,110
RWS01_MONICA_00D0010E243CD007000B,2026-09-15,13,854.0,110
RWS01_MONICA_00D0010E243CD007000B,2026-09-15,14,1043.0,111
RWS01_MONICA_00D0010E243CD007000B,2026-09-15,15,1361.0,111
RWS01_MONICA_00D0010E243CD007000B,2026-09-15,16,1614.0,112
RWS01_MONICA_00D0010E243CD007000B,2026-09-15,17,1446.0,112
RWS01_MONICA_00D0010E243CD007000B,2026-09-15,18,950.0,114
RWS01_MONICA_00D0010E243CD007000B,2026-09-15,19,511.0,122
RWS01_MONICA_00D0010E243CD007000B,2026-09-15,20,331.0,122
RWS01_MONICA_00D0010E243CD007000B,2026-09-15,21,79.0,126
RWS01_MONICA_00D0010E243CD007000B,2026-09-15,22,91.0,128
RWS01_MONICA_00D0010E243CD007000B,2026-09-15,23,48.0,134
RWS01_MONICA_00D0010E243CD007000F,2026-09-15,0,89.0,113
RWS01_MONICA_00D0010E243CD007000F,2026-09-15,1,84.0,111
RWS01_MONICA_00D0010E243CD007000F,2026-09-15,2,44.0,99
RWS01_MONICA_00D0010E243CD007000F,2026-09-15,3,48.0,111
RWS01_MONICA_00D0010E243CD007000F,2026-09-15,4,76.0,115
RWS01_MONICA_00D0010E243CD007000F,2026-09-15,5,161.0,109
RWS01_MONICA_00D0010E243CD007000F,2026-09-15,6,653.9,108
RWS01_MONICA_00D0010E243CD007000F,2026-09-15,7,1137.0,105
RWS01_MONICA_00D0010E243CD007000F,2026-09-15,8,1081.0,105
RWS01_MONICA_00D0010E243CD007000F,2026-09-15,9,916.0,103
RWS01_MONICA_00D0010E243CD007000F,2026-09-15,10,878.0,102
RWS01_MONICA_00D0010E243CD007000F,2026-09-15,11,835.0,100
RWS01_MONICA_00D0010E243CD007000F,2026-09-15,12,921.0,100
RWS01_MONICA_00D0010E243CD007000F,2026-09-15,13,1018.0,101
RWS01_MONICA_00D0010E243CD007000F,2026-09-15,14,1082.0,102
RWS01_MONICA_00D0010E243CD007000F,2026-09-15,15,1335.0,102
RWS01_MONICA_00D0010E243CD007000F,2026-09-15,16,1638.0,103
RWS01_MONICA_00D0010E243CD007000F,2026-09-15,17,1547.0,103
RWS01_MONICA_00D0010E243CD007000F,2026-09-15,18,1018.0,105
RWS01_MONICA_00D0010E243CD007000F,2026-09-15,19,669.0,111
RWS01_MONICA_00D0010E243CD007000F,2026-09-15,20,461.0,111
RWS01_MONICA_00D0010E243CD007000F,2026-09-15,21,258.0,116
RWS01_MONICA_00D0010E243CD007000F,2026-09-15,22,258.0,115
RWS01_MONICA_00D0010E243CD007000F,2026-09-15,23,167.0,125
RWS01_MONICA_00D0010E243CD0070013,2026-09-15,0,96.0,107
RWS01_MONICA_00D0010E243CD0070013,2026-09-15,1,61.0,101
RWS01_MONICA_00D0010E243CD0070013,2026-09-15,2,47.0,97
RWS01_MONICA_00D0010E243CD0070013,2026-09-15,3,46.0,93
RWS01_MONICA_00D0010E243CD0070013,2026-09-15,4,88.0,103
RWS01_MONICA_00D0010E243CD0070013,2026-09-15,5,190.0,100
RWS01_MONICA_00D0010E243CD0070013,2026-09-15,6,668.1,100
RWS01_MONICA_00D0010E243CD0070013,2026-09-15,7,1093.0,100
RWS01_MONICA_00D0010E243CD0070013,2026-09-15,8,939.0,101
RWS01_MONICA_00D0010E243CD0070013,2026-09-15,9,783.0,100
RWS01_MONICA_00D0010E243CD0070013,2026-09-15,10,704.0,98
RWS01_MONICA_00D0010E243CD0070013,2026-09-15,11,665.0,97
RWS01_MONICA_00D0010E243CD0070013,2026-09-15,12,749.0,98
RWS01_MONICA_00D0010E243CD0070013,2026-09-15,13,799.0,98
RWS01_MONICA_00D0010E243CD0070013,2026-09-15,14,923.0,98
RWS01_MONICA_00D0010E243CD0070013,2026-09-15,15,1091.0,100
RWS01_MONICA_00D0010E243CD0070013,2026-09-15,16,1451.0,100
RWS01_MONICA_00D0010E243CD0070013,2026-09-15,17,1333.0,101
RWS01_MONICA_00D0010E243CD0070013,2026-09-15,18,844.0,102
RWS01_MONICA_00D0010E243CD0070013,2026-09-15,19,560.0,105
RWS01_MONICA_00D0010E243CD0070013,2026-09-15,20,377.0,107
RWS01_MONICA_00D0010E243CD0070013,2026-09-15,21,337.0,113
RWS01_MONICA_00D0010E243CD0070013,2026-09-15,22,324.0,113
RWS01_MONICA_00D0010E243CD0070013,2026-09-15,23,224.0,118
RWS01_MONICA_00D0010E243CD0070017,2026-09-15,0,129.0,94
RWS01_MONICA_00D0010E243CD0070017,2026-09-15,1,122.0,93
RWS01_MONICA_00D0010E243CD0070017,2026-09-15,2,96.0,91
RWS01_MONICA_00D0010E243CD0070017,2026-09-15,3,96.0,92
RWS01_MONICA_00D0010E243CD0070017,2026-09-15,4,140.0,92
RWS01_MONICA_00D0010E243CD0070017,2026-09-15,5,306.0,93
RWS01_MONICA_00D0010E243CD0070017,2026-09-15,6,628.5,91
RWS01_MONICA_00D0010E243CD0070017,2026-09-15,7,903.0,92
RWS01_MONICA_00D0010E243CD0070017,2026-09-15,8,961.0,93
RWS01_MONICA_00D0010E243CD0070017,2026-09-15,9,845.0,92
RWS01_MONICA_00D0010E243CD0070017,2026-09-15,10,789.0,90
RWS01_MONICA_00D0010E243CD0070017,2026-09-15,11,775.0,90
RWS01_MONICA_00D0010E243CD0070017,2026-09-15,12,825.0,90
RWS01_MONICA_00D0010E243CD0070017,2026-09-15,13,819.0,90
RWS01_MONICA_00D0010E243CD0070017,2026-09-15,14,882.0,90
RWS01_MONICA_00D0010E243CD0070017,2026-09-15,15,976.0,90
RWS01_MONICA_00D0010E243CD0070017,2026-09-15,16,1126.0,91
RWS01_MONICA_00D0010E243CD0070017,2026-09-15,17,1101.0,92
RWS01_MONICA_00D0010E243CD0070017,2026-09-15,18,776.0,93
RWS01_MONICA_00D0010E243CD0070017,2026-09-15,19,587.0,95
RWS01_MONICA_00D0010E243CD0070017,2026-09-15,20,495.0,98
RWS01_MONICA_00D0010E243CD0070017,2026-09-15,21,502.0,100
RWS01_MONICA_00D0010E243CD0070017,2026-09-15,22,479.0,101
RWS01_MONICA_00D0010E243CD0070017,2026-09-15,23,389.0,102
RWS01_MONIBAS_0011hrl0905ra,2026-09-22,0,126.0,105
RWS01_MONIBAS_0011hrl0905ra,2026-09-22,1,102.0,104
RWS01_MONIBAS_0011hrl0905ra,2026-09-22,2,109.0,102
RWS01_MONIBAS_0011hrl0905ra,2026-09-22,3,142.0,101
RWS01_MONIBAS_0011hrl0905ra,2026-09-22,4,249.0,104
RWS01_MONIBAS_0011hrl0905ra,2026-09-22,5,1149.0,113
RWS01_MONIBAS_0011hrl0905ra,2026-09-22,6,2222.0,109
RWS01_MONIBAS_0011hrl0905ra,2026-09-22,7,2792.0,106
RWS01_MONIBAS_0011hrl0905ra,2026-09-22,8,2508.0,106
RWS01_MONIBAS_0011hrl0905ra,2026-09-22,9,1713.0,104
RWS01_MONIBAS_0011hrl0905ra,2026-09-22,10,1459.0,103
RWS01_MONIBAS_0011hrl0905ra,2026-09-22,11,1488.0,102
RWS01_MONIBAS_0011hrl0905ra,2026-09-22,12,1551.0,102
RWS01_MONIBAS_0011hrl0905ra,2026-09-22,13,1474.6,102
RWS01_MONIBAS_0011hrl0905ra,2026-09-22,14,1455.0,102
RWS01_MONIBAS_0011hrl0905ra,2026-09-22,15,1504.0,105
RWS01_MONIBAS_0011hrl0905ra,2026-09-22,16,1828.0,107
RWS01_MONIBAS_0011hrl0905ra,2026-09-22,17,1852.0,108
RWS01_MONIBAS_0011hrl0905ra,2026-09-22,18,1098.0,109
RWS01_MONIBAS_0011hrl0905ra,2026-09-22,19,794.0,116
RWS01_MONIBAS_0011hrl0905ra,2026-09-22,20,543.0,115
RWS01_MONIBAS_0011hrl0905ra,2026-09-22,21,551.0,116
RWS01_MONIBAS_0011hrl0905ra,2026-09-22,22,394.0,116
RWS01_MONIBAS_0011hrl0905ra,2026-09-22,23,228.0,112
RWS01_MONIBAS_0011hrr0905ra,2026-09-22,0,375.0,105
RWS01_MONIBAS_0011hrr0905ra,2026-09-22,1,243.0,99
RWS01_MONIBAS_0011hrr0905ra,2026-09-22,2,201.0,97
RWS01_MONIBAS_0011hrr0905ra,2026-09-22,3,200.0,98
RWS01_MONIBAS_0011hrr0905ra,2026-09-22,4,324.0,101
RWS01_MONIBAS_0011hrr0905ra,2026-09-22,5,703.0,102
RWS01_MONIBAS_0011hrr0905ra,2026-09-22,6,2349.0,105
RWS01_MONIBAS_0011hrr0905ra,2026-09-22,7,4044.0,104
RWS01_MONIBAS_0011hrr0905ra,2026-09-22,8,4038.0,105
RWS01_MONIBAS_0011hrr0905ra,2026-09-22,9,2971.0,102
RWS01_MONIBAS_0011hrr0905ra,2026-09-22,10,2832.0,100
RWS01_MONIBAS_0011hrr0905ra,2026-09-22,11,2970.0,99
RWS01_MONIBAS_0011hrr0905ra,2026-09-22,12,3442.0,98
RWS01_MONIBAS_0011hrr0905ra,2026-09-22,13,3455.6,98
RWS01_MONIBAS_0011hrr0905ra,2026-09-22,14,4064.0,99
RWS01_MONIBAS_0011hrr0905ra,2026-09-22,15,4945.0,103
RWS01_MONIBAS_0011hrr0905ra,2026-09-22,16,6462.0,103
RWS01_MONIBAS_0011hrr0905ra,2026-09-22,17,6024.0,103
RWS01_MONIBAS_0011hrr0905ra,2026-09-22,18,3393.0,106
RWS01_MONIBAS_0011hrr0905ra,2026-09-22,19,2275.0,109
RWS01_MONIBAS_0011hrr0905ra,2026-09-22,20,1748.0,110
RWS01_MONIBAS_0011hrr0905ra,2026-09-22,21,1471.0,113
RWS01_MONIBAS_0011hrr0905ra,2026-09-22,22,1123.0,113
RWS01_MONIBAS_0011hrr0905ra,2026-09-22,23,728.0,112
RWS01_MONICA_00D0010E2432D0050005,2026-09-22,0,0.0,0
RWS01_MONICA_00D0010E2432D0050005,2026-09-22,1,0.0,0
RWS01_MONICA_00D0010E2432D0050005,2026-09-22,2,2.0,119
RWS01_MONICA_00D0010E2432D0050005,2026-09-22,3,0.0,0
RWS01_MONICA_00D0010E2432D0050005,2026-09-22,4,3.0,122
RWS01_MONICA_00D0010E2432D0050005,2026-09-22,5,169.0,131
RWS01_MONICA_00D0010E2432D0050005,2026-09-22,6,448.0,124
RWS01_MONICA_00D0010E2432D0050005,2026-09-22,7,645.0,117
RWS01_MONICA_00D0010E2432D0050005,2026-09-22,8,451.0,118
RWS01_MONICA_00D0010E2432D0050005,2026-09-22,9,174.0,118
RWS01_MONICA_00D0010E2432D0050005,2026-09-22,10,96.0,115
RWS01_MONICA_00D0010E2432D0050005,2026-09-22,11,82.0,115
RWS01_MONICA_00D0010E2432D0050005,2026-09-22,12,88.0,112
RWS01_MONICA_00D0010E2432D0050005,2026-09-22,13,85.4,113
RWS01_MONICA_00D0010E2432D0050005,2026-09-22,14,78.0,112
RWS01_MONICA_00D0010E2432D0050005,2026-09-22,15,121.0,118
RWS01_MONICA_00D0010E2432D0050005,2026-09-22,16,212.0,120
RWS01_MONICA_00D0010E2432D0050005,2026-09-22,17,192.0,120
RWS01_MONICA_00D0010E2432D0050005,2026-09-22,18,62.0,122
RWS01_MONICA_00D0010E2432D0050005,2026-09-22,19,26.0,132
RWS01_MONICA_00D0010E2432D0050005,2026-09-22,20,6.0,141
RWS01_MONICA_00D0010E2432D0050005,2026-09-22,21,12.0,137
RWS01_MONICA_00D0010E2432D0050005,2026-09-22,22,6.0,147
RWS01_MONICA_00D0010E2432D0050005,2026-09-22,23,4.0,137
RWS01_MONICA_00D0010E2432D0050009,2026-09-22,0,19.0,123
RWS01_MONICA_00D0010E2432D0050009,2026-09-22,1,17.0,125
RWS01_MONICA_00D0010E2432D0050009,2026-09-22,2,9.0,113
RWS01_MONICA_00D0010E2432D0050009,2026-09-22,3,16.0,120
RWS01_MONICA_00D0010E2432D0050009,2026-09-22,4,49.0,114
RWS01_MONICA_00D0010E2432D0050009,2026-09-22,5,465.0,121
RWS01_MONICA_00D0010E2432D0050009,2026-09-22,6,995.0,112
RWS01_MONICA_00D0010E2432D0050009,2026-09-22,7,1249.0,108
RWS01_MONICA_00D0010E2432D0050009,2026-09-22,8,1152.0,108
RWS01_MONICA_00D0010E2432D0050009,2026-09-22,9,764.0,106
RWS01_MONICA_00D0010E2432D0050009,2026-09-22,10,587.0,106
RWS01_MONICA_00D0010E2432D0050009,2026-09-22,11,594.0,105
RWS01_MONICA_00D0010E2432D0050009,2026-09-22,12,634.0,105
RWS01_MONICA_00D0010E2432D0050009,2026-09-22,13,576.6,105
RWS01_MONICA_00D0010E2432D0050009,2026-09-22,14,596.0,104
RWS01_MONICA_00D0010E2432D0050009,2026-09-22,15,567.0,107
RWS01_MONICA_00D0010E2432D0050009,2026-09-22,16,770.0,109
RWS01_MONICA_00D0010E2432D0050009,2026-09-22,17,783.0,111
RWS01_MONICA_00D0010E2432D0050009,2026-09-22,18,395.0,113
RWS01_MONICA_00D0010E2432D0050009,2026-09-22,19,254.0,123
RWS01_MONICA_00D0010E2432D0050009,2026-09-22,20,155.0,122
RWS01_MONICA_00D0010E2432D0050009,2026-09-22,21,162.0,124
RWS01_MONICA_00D0010E2432D0050009,2026-09-22,22,92.0,127
RWS01_MONICA_00D0010E2432D0050009,2026-09-22,23,42.0,125
RWS01_MONICA_00D0010E2432D005000D,2026-09-22,0,107.0,102
RWS01_MONICA_00D0010E2432D005000D,2026-09-22,1,85.0,101
RWS01_MONICA_00D0010E2432D005000D,2026-09-22,2,98.0,101
RWS01_MONICA_00D0010E2432D005000D,2026-09-22,3,126.0,99
RWS01_MONICA_00D0010E2432D005000D,2026-09-22,4,197.0,98
RWS01_MONICA_00D0010E2432D005000D,2026-09-22,5,515.0,98
RWS01_MONICA_00D0010E2432D005000D,2026-09-22,6,779.0,95
RWS01_MONICA_00D0010E2432D005000D,2026-09-22,7,898.0,96
RWS01_MONICA_00D0010E2432D005000D,2026-09-22,8,905.0,96
RWS01_MONICA_00D0010E2432D005000D,2026-09-22,9,775.0,94
RWS01_MONICA_00D0010E2432D005000D,2026-09-22,10,776.0,95
RWS01_MONICA_00D0010E2432D005000D,2026-09-22,11,812.0,95
RWS01_MONICA_00D0010E2432D005000D,2026-09-22,12,829.0,95
RWS01_MONICA_00D0010E2432D005000D,2026-09-22,13,812.5,95
RWS01_MONICA_00D0010E2432D005000D,2026-09-22,14,781.0,95
RWS01_MONICA_00D0010E2432D005000D,2026-09-22,15,816.0,97
RWS01_MONICA_00D0010E2432D005000D,2026-09-22,16,846.0,97
RWS01_MONICA_00D0010E2432D005000D,2026-09-22,17,877.0,98
RWS01_MONICA_00D0010E2432D005000D,2026-09-22,18,641.0,99
RWS01_MONICA_00D0010E2432D005000D,2026-09-22,19,514.0,107
RWS01_MONICA_00D0010E2432D005000D,2026-09-22,20,382.0,109
RWS01_MONICA_00D0010E2432D005000D,2026-09-22,21,377.0,108
RWS01_MONICA_00D0010E2432D005000D,2026-09-22,22,296.0,108
RWS01_MONICA_00D0010E2432D005000D,2026-09-22,23,182.0,107
RWS01_MONICA_00D0010E2432D0050085,2026-09-22,0,14.0,118
RWS01_MONICA_00D0010E2432D0050085,2026-09-22,1,9.0,100
RWS01_MONICA_00D0010E2432D0050085,2026-09-22,2,4.0,109
RWS01_MONICA_00D0010E2432D0050085,2026-09-22,3,13.0,115
RWS01_MONICA_00D0010E2432D0050085,2026-09-22,4,44.0,111
RWS01_MONICA_00D0010E2432D0050085,2026-09-22,5,340.0,118
RWS01_MONICA_00D0010E2432D0050085,2026-09-22,6,1268.0,104
RWS01_MONICA_00D0010E2432D0050085,2026-09-22,7,1719.0,101
RWS01_MONICA_00D0010E2432D0050085,2026-09-22,8,1433.0,101
RWS01_MONICA_00D0010E2432D0050085,2026-09-22,9,848.0,102
RWS01_MONICA_00D0010E2432D0050085,2026-09-22,10,569.0,101
RWS01_MONICA_00D0010E2432D0050085,2026-09-22,11,552.0,103
RWS01_MONICA_00D0010E2432D0050085,2026-09-22,12,641.0,103
RWS01_MONICA_00D0010E2432D0050085,2026-09-22,13,632.5,102
RWS01_MONICA_00D0010E2432D0050085,2026-09-22,14,647.0,102
RWS01_MONICA_00D0010E2432D0050085,2026-09-22,15,876.0,102
RWS01_MONICA_00D0010E2432D0050085,2026-09-22,16,916.0,103
RWS01_MONICA_00D0010E2432D0050085,2026-09-22,17,784.0,105
RWS01_MONICA_00D0010E2432D0050085,2026-09-22,18,368.0,107
RWS01_MONICA_00D0010E2432D0050085,2026-09-22,19,243.0,116
RWS01_MONICA_00D0010E2432D0050085,2026-09-22,20,153.0,115
RWS01_MONICA_00D0010E2432D0050085,2026-09-22,21,153.0,117
RWS01_MONICA_00D0010E2432D0050085,2026-09-22,22,102.0,115
RWS01_MONICA_00D0010E2432D0050085,2026-09-22,23,34.0,106
RWS01_MONICA_00D0010E2432D0050089,2026-09-22,0,101.0,100
RWS01_MONICA_00D0010E2432D0050089,2026-09-22,1,76.0,95
RWS01_MONICA_00D0010E2432D0050089,2026-09-22,2,76.0,92
RWS01_MONICA_00D0010E2432D0050089,2026-09-22,3,105.0,96
RWS01_MONICA_00D0010E2432D0050089,2026-09-22,4,221.0,97
RWS01_MONICA_00D0010E2432D0050089,2026-09-22,5,586.0,95
RWS01_MONICA_00D0010E2432D0050089,2026-09-22,6,1173.0,89
RWS01_MONICA_00D0010E2432D0050089,2026-09-22,7,1651.0,87
RWS01_MONICA_00D0010E2432D0050089,2026-09-22,8,1505.0,89
RWS01_MONICA_00D0010E2432D0050089,2026-09-22,9,1179.0,88
RWS01_MONICA_00D0010E2432D0050089,2026-09-22,10,887.0,90
RWS01_MONICA_00D0010E2432D0050089,2026-09-22,11,909.0,89
RWS01_MONICA_00D0010E2432D0050089,2026-09-22,12,1013.0,89
RWS01_MONICA_00D0010E2432D0050089,2026-09-22,13,993.6,89
RWS01_MONICA_00D0010E2432D0050089,2026-09-22,14,1109.0,89
RWS01_MONICA_00D0010E2432D0050089,2026-09-22,15,1189.0,89
RWS01_MONICA_00D0010E2432D0050089,2026-09-22,16,1308.0,91
RWS01_MONICA_00D0010E2432D0050089,2026-09-22,17,1244.0,93
RWS01_MONICA_00D0010E2432D0050089,2026-09-22,18,793.0,96
RWS01_MONICA_00D0010E2432D0050089,2026-09-22,19,580.0,101
RWS01_MONICA_00D0010E2432D0050089,2026-09-22,20,456.0,102
RWS01_MONICA_00D0010E2432D0050089,2026-09-22,21,440.0,102
RWS01_MONICA_00D0010E2432D0050089,2026-09-22,22,342.0,105
RWS01_MONICA_00D0010E2432D0050089,2026-09-22,23,177.0,102
RWS01_MONICA_00D0010E243CD0070007,2026-09-22,0,2.0,155
RWS01_MONICA_00D0010E243CD0070007,2026-09-22,1,0.0,0
RWS01_MONICA_00D0010E243CD0070007,2026-09-22,2,0.0,0
RWS01_MONICA_00D0010E243CD0070007,2026-09-22,3,1.0,138
RWS01_MONICA_00D0010E243CD0070007,2026-09-22,4,1.0,126
RWS01_MONICA_00D0010E243CD0070007,2026-09-22,5,3.0,132
RWS01_MONICA_00D0010E243CD0070007,2026-09-22,6,51.0,129
RWS01_MONICA_00D0010E243CD0070007,2026-09-22,7,126.0,122
RWS01_MONICA_00D0010E243CD0070007,2026-09-22,8,104.0,125
RWS01_MONICA_00D0010E243CD0070007,2026-09-22,9,50.0,121
RWS01_MONICA_00D0010E243CD0070007,2026-09-22,10,42.0,117
RWS01_MONICA_00D0010E243CD0070007,2026-09-22,11,83.0,121
RWS01_MONICA_00D0010E243CD0070007,2026-09-22,12,59.0,119
RWS01_MONICA_00D0010E243CD0070007,2026-09-22,13,73.2,114
RWS01_MONICA_00D0010E243CD0070007,2026-09-22,14,120.0,114
RWS01_MONICA_00D0010E243CD0070007,2026-09-22,15,232.0,122
RWS01_MONICA_00D0010E243CD0070007,2026-09-22,16,452.0,122
RWS01_MONICA_00D0010E243CD0070007,2026-09-22,17,426.0,121
RWS01_MONICA_00D0010E243CD0070007,2026-09-22,18,123.0,125
RWS01_MONICA_00D0010E243CD0070007,2026-09-22,19,73.0,130
RWS01_MONICA_00D0010E243CD0070007,2026-09-22,20,32.0,131
RWS01_MONICA_00D0010E243CD0070007,2026-09-22,21,26.0,134
RWS01_MONICA_00D0010E243CD0070007,2026-09-22,22,11.0,148
RWS01_MONICA_00D0010E243CD0070007,2026-09-22,23,7.0,137
RWS01_MONICA_00D0010E243CD007000B,2026-09-22,0,34.0,118
RWS01_MONICA_00D0010E243CD007000B,2026-09-22,1,18.0,126
RWS01_MONICA_00D0010E243CD007000B,2026-09-22,2,12.0,127
RWS01_MONICA_00D0010E243CD007000B,2026-09-22,3,5.0,130
RWS01_MONICA_00D0010E243CD007000B,2026-09-22,4,24.0,127
RWS01_MONICA_00D0010E243CD007000B,2026-09-22,5,57.0,122
RWS01_MONICA_00D0010E243CD007000B,2026-09-22,6,353.0,118
RWS01_MONICA_00D0010E243CD007000B,2026-09-22,7,771.0,114
RWS01_MONICA_00D0010E243CD007000B,2026-09-22,8,800.0,113
RWS01_MONICA_00D0010E243CD007000B,2026-09-22,9,517.0,112
RWS01_MONICA_00D0010E243CD007000B,2026-09-22,10,533.0,109
RWS01_MONICA_00D0010E243CD007000B,2026-09-22,11,603.0,106
RWS01_MONICA_00D0010E243CD007000B,2026-09-22,12,732.0,106
RWS01_MONICA_00D0010E243CD007000B,2026-09-22,13,720.0,103
RWS01_MONICA_00D0010E243CD007000B,2026-09-22,14,925.0,105
RWS01_MONICA_00D0010E243CD007000B,2026-09-22,15,1193.0,111
RWS01_MONICA_00D0010E243CD007000B,2026-09-22,16,1662.0,110
RWS01_MONICA_00D0010E243CD007000B,2026-09-22,17,1526.0,110
RWS01_MONICA_00D0010E243CD007000B,2026-09-22,18,739.0,114
RWS01_MONICA_00D0010E243CD007000B,2026-09-22,19,504.0,121
RWS01_MONICA_00D0010E243CD007000B,2026-09-22,20,327.0,122
RWS01_MONICA_00D0010E243CD007000B,2026-09-22,21,243.0,126
RWS01_MONICA_00D0010E243CD007000B,2026-09-22,22,146.0,127
RWS01_MONICA_00D0010E243CD007000B,2026-09-22,23,80.0,128
RWS01_MONICA_00D0010E243CD007000F,2026-09-22,0,100.0,113
RWS01_MONICA_00D0010E243CD007000F,2026-09-22,1,64.0,108
RWS01_MONICA_00D0010E243CD007000F,2026-09-22,2,49.0,109
RWS01_MONICA_00D0010E243CD007000F,2026-09-22,3,57.0,114
RWS01_MONICA_00D0010E243CD007000F,2026-09-22,4,73.0,111
RWS01_MONICA_00D0010E243CD007000F,2026-09-22,5,143.0,107
RWS01_MONICA_00D0010E243CD007000F,2026-09-22,6,597.0,107
RWS01_MONICA_00D0010E243CD007000F,2026-09-22,7,1066.0,104
RWS01_MONICA_00D0010E243CD007000F,2026-09-22,8,1122.0,105
RWS01_MONICA_00D0010E243CD007000F,2026-09-22,9,828.0,103
RWS01_MONICA_00D0010E243CD007000F,2026-09-22,10,824.0,101
RWS01_MONICA_00D0010E243CD007000F,2026-09-22,11,833.0,99
RWS01_MONICA_00D0010E243CD007000F,2026-09-22,12,936.0,99
RWS01_MONICA_00D0010E243CD007000F,2026-09-22,13,956.9,98
RWS01_MONICA_00D0010E243CD007000F,2026-09-22,14,1088.0,98
RWS01_MONICA_00D0010E243CD007000F,2026-09-22,15,1336.0,102
RWS01_MONICA_00D0010E243CD007000F,2026-09-22,16,1724.0,102
RWS01_MONICA_00D0010E243CD007000F,2026-09-22,17,1564.0,102
RWS01_MONICA_00D0010E243CD007000F,2026-09-22,18,918.0,106
RWS01_MONICA_00D0010E243CD007000F,2026-09-22,19,647.0,110
RWS01_MONICA_00D0010E243CD007000F,2026-09-22,20,515.0,111
RWS01_MONICA_00D0010E243CD007000F,2026-09-22,21,416.0,115
RWS01_MONICA_00D0010E243CD007000F,2026-09-22,22,322.0,116
RWS01_MONICA_00D0010E243CD007000F,2026-09-22,23,214.0,118
RWS01_MONICA_00D0010E243CD0070013,2026-09-22,0,91.0,104
RWS01_MONICA_00D0010E243CD0070013,2026-09-22,1,58.0,96
RWS01_MONICA_00D0010E243CD0070013,2026-09-22,2,47.0,93
RWS01_MONICA_00D0010E243CD0070013,2026-09-22,3,52.0,96
RWS01_MONICA_00D0010E243CD0070013,2026-09-22,4,81.0,101
RWS01_MONICA_00D0010E243CD0070013,2026-09-22,5,193.0,101
RWS01_MONICA_00D0010E243CD0070013,2026-09-22,6,659.0,100
RWS01_MONICA_00D0010E243CD0070013,2026-09-22,7,1123.0,100
RWS01_MONICA_00D0010E243CD0070013,2026-09-22,8,1049.0,101
RWS01_MONICA_00D0010E243CD0070013,2026-09-22,9,757.0,100
RWS01_MONICA_00D0010E243CD0070013,2026-09-22,10,671.0,98
RWS01_MONICA_00D0010E243CD0070013,2026-09-22,11,665.0,96
RWS01_MONICA_00D0010E243CD0070013,2026-09-22,12,796.0,95
RWS01_MONICA_00D0010E243CD0070013,2026-09-22,13,762.7,95
RWS01_MONICA_00D0010E243CD0070013,2026-09-22,14,960.0,96
RWS01_MONICA_00D0010E243CD0070013,2026-09-22,15,1175.0,99
RWS01_MONICA_00D0010E243CD0070013,2026-09-22,16,1440.0,99
RWS01_MONICA_00D0010E243CD0070013,2026-09-22,17,1329.0,100
RWS01_MONICA_00D0010E243CD0070013,2026-09-22,18,822.0,103
RWS01_MONICA_00D0010E243CD0070013,2026-09-22,19,498.0,105
RWS01_MONICA_00D0010E243CD0070013,2026-09-22,20,389.0,107
RWS01_MONICA_00D0010E243CD0070013,2026-09-22,21,344.0,109
RWS01_MONICA_00D0010E243CD0070013,2026-09-22,22,276.0,111
RWS01_MONICA_00D0010E243CD0070013,2026-09-22,23,178.0,107
RWS01_MONICA_00D0010E243CD0070017,2026-09-22,0,148.0,98
RWS01_MONICA_00D0010E243CD0070017,2026-09-22,1,103.0,94
RWS01_MONICA_00D0010E243CD0070017,2026-09-22,2,93.0,90
RWS01_MONICA_00D0010E243CD0070017,2026-09-22,3,85.0,90
RWS01_MONICA_00D0010E243CD0070017,2026-09-22,4,145.0,93
RWS01_MONICA_00D0010E243CD0070017,2026-09-22,5,300.0,92
RWS01_MONICA_00D0010E243CD0070017,2026-09-22,6,689.0,91
RWS01_MONICA_00D0010E243CD0070017,2026-09-22,7,958.0,91
RWS01_MONICA_00D0010E243CD0070017,2026-09-22,8,943.0,93
RWS01_MONICA_00D0010E243CD0070017,2026-09-22,9,819.0,92
RWS01_MONICA_00D0010E243CD0070017,2026-09-22,10,762.0,90
RWS01_MONICA_00D0010E243CD0070017,2026-09-22,11,786.0,89
RWS01_MONICA_00D0010E243CD0070017,2026-09-22,12,904.0,89
RWS01_MONICA_00D0010E243CD0070017,2026-09-22,13,921.4,88
RWS01_MONICA_00D0010E243CD0070017,2026-09-22,14,971.0,89
RWS01_MONICA_00D0010E243CD0070017,2026-09-22,15,1009.0,90
RWS01_MONICA_00D0010E243CD0070017,2026-09-22,16,1184.0,91
RWS01_MONICA_00D0010E243CD0070017,2026-09-22,17,1148.0,91
RWS01_MONICA_00D0010E243CD0070017,2026-09-22,18,769.0,94
RWS01_MONICA_00D0010E243CD0070017,2026-09-22,19,553.0,95
RWS01_MONICA_00D0010E243CD0070017,2026-09-22,20,485.0,98
RWS01_MONICA_00D0010E243CD0070017,2026-09-22,21,442.0,101
RWS01_MONICA_00D0010E243CD0070017,2026-09-22,22,368.0,103
RWS01_MONICA_00D0010E243CD0070017,2026-09-22,23,249.0,103
RWS01_MONIBAS_0011hrl0905ra,2026-09-29,0,87.0,103
RWS01_MONIBAS_0011hrl0905ra,2026-09-29,1,90.0,109
RWS01_MONIBAS_0011hrl0905ra,2026-09-29,2,92.0,109
RWS01_MONIBAS_0011hrl0905ra,2026-09-29,3,104.0,104
RWS01_MONIBAS_0011hrl0905ra,2026-09-29,4,251.0,106
RWS01_MONIBAS_0011hrl0905ra,2026-09-29,5,1078.0,114
RWS01_MONIBAS_0011hrl0905ra,2026-09-29,6,2118.0,109
RWS01_MONIBAS_0011hrl0905ra,2026-09-29,7,2780.0,107
RWS01_MONIBAS_0011hrl0905ra,2026-09-29,8,2734.0,106
RWS01_MONIBAS_0011hrl0905ra,2026-09-29,9,1986.0,105
RWS01_MONIBAS_0011hrl0905ra,2026-09-29,10,1476.0,105
RWS01_MONIBAS_0011hrl0905ra,2026-09-29,11,1567.0,103
RWS01_MONIBAS_0011hrl0905ra,2026-09-29,12,1622.0,103
RWS01_MONIBAS_0011hrl0905ra,2026-09-29,13,1332.2,104
RWS01_MONIBAS_0011hrl0905ra,2026-09-29,14,1466.0,105
RWS01_MONIBAS_0011hrl0905ra,2026-09-29,15,1449.0,107
RWS01_MONIBAS_0011hrl0905ra,2026-09-29,16,1707.0,108
RWS01_MONIBAS_0011hrl0905ra,2026-09-29,17,1743.0,110
RWS01_MONIBAS_0011hrl0905ra,2026-09-29,18,1152.0,109
RWS01_MONIBAS_0011hrl0905ra,2026-09-29,19,789.0,116
RWS01_MONIBAS_0011hrl0905ra,2026-09-29,20,608.0,115
RWS01_MONIBAS_0011hrl0905ra,2026-09-29,21,500.0,114
RWS01_MONIBAS_0011hrl0905ra,2026-09-29,22,309.0,113
RWS01_MONIBAS_0011hrl0905ra,2026-09-29,23,175.0,114
RWS01_MONIBAS_0011hrr0905ra,2026-09-29,0,390.0,104
RWS01_MONIBAS_0011hrr0905ra,2026-09-29,1,238.0,101
RWS01_MONIBAS_0011hrr0905ra,2026-09-29,2,209.0,97
RWS01_MONIBAS_0011hrr0905ra,2026-09-29,3,207.0,95
RWS01_MONIBAS_0011hrr0905ra,2026-09-29,4,348.0,98
RWS01_MONIBAS_0011hrr0905ra,2026-09-29,5,768.0,101
RWS01_MONIBAS_0011hrr0905ra,2026-09-29,6,2435.0,104
RWS01_MONIBAS_0011hrr0905ra,2026-09-29,7,4008.0,103
RWS01_MONIBAS_0011hrr0905ra,2026-09-29,8,4031.0,105
RWS01_MONIBAS_0011hrr0905ra,2026-09-29,9,2992.0,103
RWS01_MONIBAS_0011hrr0905ra,2026-09-29,10,2959.0,101
RWS01_MONIBAS_0011hrr0905ra,2026-09-29,11,3069.0,100
RWS01_MONIBAS_0011hrr0905ra,2026-09-29,12,3467.8,100
RWS01_MONIBAS_0011hrr0905ra,2026-09-29,13,3670.2,101
RWS01_MONIBAS_0011hrr0905ra,2026-09-29,14,3970.0,102
RWS01_MONIBAS_0011hrr0905ra,2026-09-29,15,5205.0,102
RWS01_MONIBAS_0011hrr0905ra,2026-09-29,16,6232.0,103
RWS01_MONIBAS_0011hrr0905ra,2026-09-29,17,5789.0,105
RWS01_MONIBAS_0011hrr0905ra,2026-09-29,18,3316.0,107
RWS01_MONIBAS_0011hrr0905ra,2026-09-29,19,2757.0,108
RWS01_MONIBAS_0011hrr0905ra,2026-09-29,20,1775.0,112
RWS01_MONIBAS_0011hrr0905ra,2026-09-29,21,1464.0,113
RWS01_MONIBAS_0011hrr0905ra,2026-09-29,22,1179.0,113
RWS01_MONIBAS_0011hrr0905ra,2026-09-29,23,817.0,113
RWS01_MONICA_00D0010E2432D0050005,2026-09-29,0,1.0,147
RWS01_MONICA_00D0010E2432D0050005,2026-09-29,1,0.0,0
RWS01_MONICA_00D0010E2432D0050005,2026-09-29,2,2.0,145
RWS01_MONICA_00D0010E2432D0050005,2026-09-29,3,0.0,0
RWS01_MONICA_00D0010E2432D0050005,2026-09-29,4,2.0,131
RWS01_MONICA_00D0010E2432D0050005,2026-09-29,5,134.0,135
RWS01_MONICA_00D0010E2432D0050005,2026-09-29,6,424.0,123
RWS01_MONICA_00D0010E2432D0050005,2026-09-29,7,637.0,119
RWS01_MONICA_00D0010E2432D0050005,2026-09-29,8,559.0,118
RWS01_MONICA_00D0010E2432D0050005,2026-09-29,9,261.0,118
RWS01_MONICA_00D0010E2432D0050005,2026-09-29,10,106.0,119
RWS01_MONICA_00D0010E2432D0050005,2026-09-29,11,127.0,115
RWS01_MONICA_00D0010E2432D0050005,2026-09-29,12,161.7,116
RWS01_MONICA_00D0010E2432D0050005,2026-09-29,13,88.5,115
RWS01_MONICA_00D0010E2432D0050005,2026-09-29,14,109.0,117
RWS01_MONICA_00D0010E2432D0050005,2026-09-29,15,123.0,123
RWS01_MONICA_00D0010E2432D0050005,2026-09-29,16,154.0,120
RWS01_MONICA_00D0010E2432D0050005,2026-09-29,17,177.0,123
RWS01_MONICA_00D0010E2432D0050005,2026-09-29,18,81.0,125
RWS01_MONICA_00D0010E2432D0050005,2026-09-29,19,28.0,136
RWS01_MONICA_00D0010E2432D0050005,2026-09-29,20,21.0,135
RWS01_MONICA_00D0010E2432D0050005,2026-09-29,21,15.0,128
RWS01_MONICA_00D0010E2432D0050005,2026-09-29,22,1.0,125
RWS01_MONICA_00D0010E2432D0050005,2026-09-29,23,2.0,161
RWS01_MONICA_00D0010E2432D0050009,2026-09-29,0,9.0,126
RWS01_MONICA_00D0010E2432D0050009,2026-09-29,1,7.0,122
RWS01_MONICA_00D0010E2432D0050009,2026-09-29,2,13.0,122
RWS01_MONICA_00D0010E2432D0050009,2026-09-29,3,10.0,114
RWS01_MONICA_00D0010E2432D0050009,2026-09-29,4,56.0,123
RWS01_MONICA_00D0010E2432D0050009,2026-09-29,5,457.0,122
RWS01_MONICA_00D0010E2432D0050009,2026-09-29,6,946.0,112
RWS01_MONICA_00D0010E2432D0050009,2026-09-29,7,1224.0,108
RWS01_MONICA_00D0010E2432D0050009,2026-09-29,8,1261.0,107
RWS01_MONICA_00D0010E2432D0050009,2026-09-29,9,860.0,106
RWS01_MONICA_00D0010E2432D0050009,2026-09-29,10,596.0,107
RWS01_MONICA_00D0010E2432D0050009,2026-09-29,11,657.0,106
RWS01_MONICA_00D0010E2432D0050009,2026-09-29,12,679.3,105
RWS01_MONICA_00D0010E2432D0050009,2026-09-29,13,534.9,108
RWS01_MONICA_00D0010E2432D0050009,2026-09-29,14,583.0,108
RWS01_MONICA_00D0010E2432D0050009,2026-09-29,15,593.0,110
RWS01_MONICA_00D0010E2432D0050009,2026-09-29,16,720.0,110
RWS01_MONICA_00D0010E2432D0050009,2026-09-29,17,709.0,111
RWS01_MONICA_00D0010E2432D0050009,2026-09-29,18,420.0,112
RWS01_MONICA_00D0010E2432D0050009,2026-09-29,19,262.0,123
RWS01_MONICA_00D0010E2432D0050009,2026-09-29,20,215.0,122
RWS01_MONICA_00D0010E2432D0050009,2026-09-29,21,126.0,121
RWS01_MONICA_00D0010E2432D0050009,2026-09-29,22,53.0,126
RWS01_MONICA_00D0010E2432D0050009,2026-09-29,23,30.0,125
RWS01_MONICA_00D0010E2432D005000D,2026-09-29,0,77.0,101
RWS01_MONICA_00D0010E2432D005000D,2026-09-29,1,83.0,106
RWS01_MONICA_00D0010E2432D005000D,2026-09-29,2,77.0,105
RWS01_MONICA_00D0010E2432D005000D,2026-09-29,3,94.0,102
RWS01_MONICA_00D0010E2432D005000D,2026-09-29,4,193.0,100
RWS01_MONICA_00D0010E2432D005000D,2026-09-29,5,487.0,100
RWS01_MONICA_00D0010E2432D005000D,2026-09-29,6,748.0,96
RWS01_MONICA_00D0010E2432D005000D,2026-09-29,7,919.0,97
RWS01_MONICA_00D0010E2432D005000D,2026-09-29,8,914.0,96
RWS01_MONICA_00D0010E2432D005000D,2026-09-29,9,865.0,95
RWS01_MONICA_00D0010E2432D005000D,2026-09-29,10,774.0,95
RWS01_MONICA_00D0010E2432D005000D,2026-09-29,11,783.0,94
RWS01_MONICA_00D0010E2432D005000D,2026-09-29,12,781.0,94
RWS01_MONICA_00D0010E2432D005000D,2026-09-29,13,708.8,96
RWS01_MONICA_00D0010E2432D005000D,2026-09-29,14,774.0,96
RWS01_MONICA_00D0010E2432D005000D,2026-09-29,15,733.0,97
RWS01_MONICA_00D0010E2432D005000D,2026-09-29,16,833.0,98
RWS01_MONICA_00D0010E2432D005000D,2026-09-29,17,857.0,99
RWS01_MONICA_00D0010E2432D005000D,2026-09-29,18,651.0,100
RWS01_MONICA_00D0010E2432D005000D,2026-09-29,19,499.0,106
RWS01_MONICA_00D0010E2432D005000D,2026-09-29,20,372.0,106
RWS01_MONICA_00D0010E2432D005000D,2026-09-29,21,359.0,108
RWS01_MONICA_00D0010E2432D005000D,2026-09-29,22,255.0,109
RWS01_MONICA_00D0010E2432D005000D,2026-09-29,23,143.0,110
RWS01_MONICA_00D0010E2432D0050085,2026-09-29,0,20.0,113
RWS01_MONICA_00D0010E2432D0050085,2026-09-29,1,7.0,123
RWS01_MONICA_00D0010E2432D0050085,2026-09-29,2,12.0,112
RWS01_MONICA_00D0010E2432D0050085,2026-09-29,3,11.0,111
RWS01_MONICA_00D0010E2432D0050085,2026-09-29,4,53.0,112
RWS01_MONICA_00D0010E2432D0050085,2026-09-29,5,417.0,114
RWS01_MONICA_00D0010E2432D0050085,2026-09-29,6,1399.0,105
RWS01_MONICA_00D0010E2432D0050085,2026-09-29,7,1706.0,101
RWS01_MONICA_00D0010E2432D0050085,2026-09-29,8,1375.0,101
RWS01_MONICA_00D0010E2432D0050085,2026-09-29,9,740.0,102
RWS01_MONICA_00D0010E2432D0050085,2026-09-29,10,572.0,102
RWS01_MONICA_00D0010E2432D0050085,2026-09-29,11,610.0,101
RWS01_MONICA_00D0010E2432D0050085,2026-09-29,12,631.5,102
RWS01_MONICA_00D0010E2432D0050085,2026-09-29,13,630.5,103
RWS01_MONICA_00D0010E2432D0050085,2026-09-29,14,721.0,104
RWS01_MONICA_00D0010E2432D0050085,2026-09-29,15,998.0,103
RWS01_MONICA_00D0010E2432D0050085,2026-09-29,16,963.0,104
RWS01_MONICA_00D0010E2432D0050085,2026-09-29,17,775.0,107
RWS01_MONICA_00D0010E2432D0050085,2026-09-29,18,423.0,109
RWS01_MONICA_00D0010E2432D0050085,2026-09-29,19,218.0,114
RWS01_MONICA_00D0010E2432D0050085,2026-09-29,20,185.0,114
RWS01_MONICA_00D0010E2432D0050085,2026-09-29,21,145.0,116
RWS01_MONICA_00D0010E2432D0050085,2026-09-29,22,129.0,116
RWS01_MONICA_00D0010E2432D0050085,2026-09-29,23,25.0,124
RWS01_MONICA_00D0010E2432D0050089,2026-09-29,0,106.0,97
RWS01_MONICA_00D0010E2432D0050089,2026-09-29,1,101.0,97
RWS01_MONICA_00D0010E2432D0050089,2026-09-29,2,101.0,99
RWS01_MONICA_00D0010E2432D0050089,2026-09-29,3,142.0,94
RWS01_MONICA_00D0010E2432D0050089,2026-09-29,4,247.0,94
RWS01_MONICA_00D0010E2432D0050089,2026-09-29,5,627.0,93
RWS01_MONICA_00D0010E2432D0050089,2026-09-29,6,1216.0,89
RWS01_MONICA_00D0010E2432D0050089,2026-09-29,7,1581.0,88
RWS01_MONICA_00D0010E2432D0050089,2026-09-29,8,1523.0,88
RWS01_MONICA_00D0010E2432D0050089,2026-09-29,9,1121.0,89
RWS01_MONICA_00D0010E2432D0050089,2026-09-29,10,946.0,89
RWS01_MONICA_00D0010E2432D0050089,2026-09-29,11,993.0,89
RWS01_MONICA_00D0010E2432D0050089,2026-09-29,12,1074.9,88
RWS01_MONICA_00D0010E2432D0050089,2026-09-29,13,1066.8,90
RWS01_MONICA_00D0010E2432D0050089,2026-09-29,14,1092.0,90
RWS01_MONICA_00D0010E2432D0050089,2026-09-29,15,1240.0,89
RWS01_MONICA_00D0010E2432D0050089,2026-09-29,16,1358.0,91
RWS01_MONICA_00D0010E2432D0050089,2026-09-29,17,1305.0,92
RWS01_MONICA_00D0010E2432D0050089,2026-09-29,18,839.0,95
RWS01_MONICA_00D0010E2432D0050089,2026-09-29,19,551.0,101
RWS01_MONICA_00D0010E2432D0050089,2026-09-29,20,487.0,101
RWS01_MONICA_00D0010E2432D0050089,2026-09-29,21,451.0,104
RWS01_MONICA_00D0010E2432D0050089,2026-09-29,22,375.0,103
RWS01_MONICA_00D0010E2432D0050089,2026-09-29,23,195.0,105
RWS01_MONICA_00D0010E243CD0070007,2026-09-29,0,0.0,0
RWS01_MONICA_00D0010E243CD0070007,2026-09-29,1,0.0,0
RWS01_MONICA_00D0010E243CD0070007,2026-09-29,2,0.0,0
RWS01_MONICA_00D0010E243CD0070007,2026-09-29,3,0.0,0
RWS01_MONICA_00D0010E243CD0070007,2026-09-29,4,0.0,0
RWS01_MONICA_00D0010E243CD0070007,2026-09-29,5,2.0,136
RWS01_MONICA_00D0010E243CD0070007,2026-09-29,6,46.0,124
RWS01_MONICA_00D0010E243CD0070007,2026-09-29,7,112.0,120
RWS01_MONICA_00D0010E243CD0070007,2026-09-29,8,114.0,123
RWS01_MONICA_00D0010E243CD0070007,2026-09-29,9,34.0,126
RWS01_MONICA_00D0010E243CD0070007,2026-09-29,10,38.0,122
RWS01_MONICA_00D0010E243CD0070007,2026-09-29,11,70.0,116
RWS01_MONICA_00D0010E243CD0070007,2026-09-29,12,116.9,119
RWS01_MONICA_00D0010E243CD0070007,2026-09-29,13,127.1,119
RWS01_MONICA_00D0010E243CD0070007,2026-09-29,14,156.0,121
RWS01_MONICA_00D0010E243CD0070007,2026-09-29,15,318.0,121
RWS01_MONICA_00D0010E243CD0070007,2026-09-29,16,448.0,122
RWS01_MONICA_00D0010E243CD0070007,2026-09-29,17,316.0,122
RWS01_MONICA_00D0010E243CD0070007,2026-09-29,18,85.0,126
RWS01_MONICA_00D0010E243CD0070007,2026-09-29,19,101.0,131
RWS01_MONICA_00D0010E243CD0070007,2026-09-29,20,42.0,134
RWS01_MONICA_00D0010E243CD0070007,2026-09-29,21,17.0,141
RWS01_MONICA_00D0010E243CD0070007,2026-09-29,22,12.0,135
RWS01_MONICA_00D0010E243CD0070007,2026-09-29,23,4.0,137
RWS01_MONICA_00D0010E243CD007000B,2026-09-29,0,41.0,125
RWS01_MONICA_00D0010E243CD007000B,2026-09-29,1,16.0,130
RWS01_MONICA_00D0010E243CD007000B,2026-09-29,2,10.0,115
RWS01_MONICA_00D0010E243CD007000B,2026-09-29,3,17.0,124
RWS01_MONICA_00D0010E243CD007000B,2026-09-29,4,26.0,130
RWS01_MONICA_00D0010E243CD007000B,2026-09-29,5,69.0,119
RWS01_MONICA_00D0010E243CD007000B,2026-09-29,6,397.0,114
RWS01_MONICA_00D0010E243CD007000B,2026-09-29,7,769.0,111
RWS01_MONICA_00D0010E243CD007000B,2026-09-29,8,776.0,113
RWS01_MONICA_00D0010E243CD007000B,2026-09-29,9,504.0,113
RWS01_MONICA_00D0010E243CD007000B,2026-09-29,10,570.0,110
RWS01_MONICA_00D0010E243CD007000B,2026-09-29,11,614.0,109
RWS01_MONICA_00D0010E243CD007000B,2026-09-29,12,771.9,109
RWS01_MONICA_00D0010E243CD007000B,2026-09-29,13,839.0,110
RWS01_MONICA_00D0010E243CD007000B,2026-09-29,14,923.0,110
RWS01_MONICA_00D0010E243CD007000B,2026-09-29,15,1351.0,110
RWS01_MONICA_00D0010E243CD007000B,2026-09-29,16,1636.0,111
RWS01_MONICA_00D0010E243CD007000B,2026-09-29,17,1448.0,112
RWS01_MONICA_00D0010E243CD007000B,2026-09-29,18,660.0,118
RWS01_MONICA_00D0010E243CD007000B,2026-09-29,19,677.0,121
RWS01_MONICA_00D0010E243CD007000B,2026-09-29,20,329.0,124
RWS01_MONICA_00D0010E243CD007000B,2026-09-29,21,247.0,126
RWS01_MONICA_00D0010E243CD007000B,2026-09-29,22,155.0,126
RWS01_MONICA_00D0010E243CD007000B,2026-09-29,23,100.0,130
RWS01_MONICA_00D0010E243CD007000F,2026-09-29,0,114.0,111
RWS01_MONICA_00D0010E243CD007000F,2026-09-29,1,53.0,113
RWS01_MONICA_00D0010E243CD007000F,2026-09-29,2,46.0,111
RWS01_MONICA_00D0010E243CD007000F,2026-09-29,3,44.0,107
RWS01_MONICA_00D0010E243CD007000F,2026-09-29,4,79.0,107
RWS01_MONICA_00D0010E243CD007000F,2026-09-29,5,172.0,107
RWS01_MONICA_00D0010E243CD007000F,2026-09-29,6,628.0,105
RWS01_MONICA_00D0010E243CD007000F,2026-09-29,7,1092.0,104
RWS01_MONICA_00D0010E243CD007000F,2026-09-29,8,1104.0,105
RWS01_MONICA_00D0010E243CD007000F,2026-09-29,9,834.0,104
RWS01_MONICA_00D0010E243CD007000F,2026-09-29,10,814.0,102
RWS01_MONICA_00D0010E243CD007000F,2026-09-29,11,884.0,100
RWS01_MONICA_00D0010E243CD007000F,2026-09-29,12,971.2,100
RWS01_MONICA_00D0010E243CD007000F,2026-09-29,13,1004.7,101
RWS01_MONICA_00D0010E243CD007000F,2026-09-29,14,1116.0,101
RWS01_MONICA_00D0010E243CD007000F,2026-09-29,15,1344.0,101
RWS01_MONICA_00D0010E243CD007000F,2026-09-29,16,1639.0,102
RWS01_MONICA_00D0010E243CD007000F,2026-09-29,17,1549.0,104
RWS01_MONICA_00D0010E243CD007000F,2026-09-29,18,903.0,107
RWS01_MONICA_00D0010E243CD007000F,2026-09-29,19,754.0,109
RWS01_MONICA_00D0010E243CD007000F,2026-09-29,20,498.0,114
RWS01_MONICA_00D0010E243CD007000F,2026-09-29,21,415.0,116
RWS01_MONICA_00D0010E243CD007000F,2026-09-29,22,343.0,118
RWS01_MONICA_00D0010E243CD007000F,2026-09-29,23,244.0,119
RWS01_MONICA_00D0010E243CD0070013,2026-09-29,0,94.0,101
RWS01_MONICA_00D0010E243CD0070013,2026-09-29,1,58.0,102
RWS01_MONICA_00D0010E243CD0070013,2026-09-29,2,61.0,98
RWS01_MONICA_00D0010E243CD0070013,2026-09-29,3,51.0,93
RWS01_MONICA_00D0010E243CD0070013,2026-09-29,4,91.0,97
RWS01_MONICA_00D0010E243CD0070013,2026-09-29,5,201.0,97
RWS01_MONICA_00D0010E243CD0070013,2026-09-29,6,668.0,100
RWS01_MONICA_00D0010E243CD0070013,2026-09-29,7,1097.0,99
RWS01_MONICA_00D0010E243CD0070013,2026-09-29,8,1105.0,101
RWS01_MONICA_00D0010E243CD0070013,2026-09-29,9,794.0,100
RWS01_MONICA_00D0010E243CD0070013,2026-09-29,10,732.0,98
RWS01_MONICA_00D0010E243CD0070013,2026-09-29,11,716.0,97
RWS01_MONICA_00D0010E243CD0070013,2026-09-29,12,790.2,97
RWS01_MONICA_00D0010E243CD0070013,2026-09-29,13,822.7,98
RWS01_MONICA_00D0010E243CD0070013,2026-09-29,14,885.0,98
RWS01_MONICA_00D0010E243CD0070013,2026-09-29,15,1180.0,99
RWS01_MONICA_00D0010E243CD0070013,2026-09-29,16,1395.0,100
RWS01_MONICA_00D0010E243CD0070013,2026-09-29,17,1334.0,101
RWS01_MONICA_00D0010E243CD0070013,2026-09-29,18,856.0,104
RWS01_MONICA_00D0010E243CD0070013,2026-09-29,19,567.0,104
RWS01_MONICA_00D0010E243CD0070013,2026-09-29,20,383.0,107
RWS01_MONICA_00D0010E243CD0070013,2026-09-29,21,347.0,109
RWS01_MONICA_00D0010E243CD0070013,2026-09-29,22,298.0,110
RWS01_MONICA_00D0010E243CD0070013,2026-09-29,23,193.0,110
RWS01_MONICA_00D0010E243CD0070017,2026-09-29,0,141.0,94
RWS01_MONICA_00D0010E243CD0070017,2026-09-29,1,111.0,94
RWS01_MONICA_00D0010E243CD0070017,2026-09-29,2,92.0,90
RWS01_MONICA_00D0010E243CD0070017,2026-09-29,3,95.0,88
RWS01_MONICA_00D0010E243CD0070017,2026-09-29,4,152.0,89
RWS01_MONICA_00D0010E243CD0070017,2026-09-29,5,324.0,92
RWS01_MONICA_00D0010E243CD0070017,2026-09-29,6,683.0,91
RWS01_MONICA_00D0010E243CD0070017,2026-09-29,7,938.0,92
RWS01_MONICA_00D0010E243CD0070017,2026-09-29,8,932.0,92
RWS01_MONICA_00D0010E243CD0070017,2026-09-29,9,826.0,92
RWS01_MONICA_00D0010E243CD0070017,2026-09-29,10,805.0,90
RWS01_MONICA_00D0010E243CD0070017,2026-09-29,11,785.0,90
RWS01_MONICA_00D0010E243CD0070017,2026-09-29,12,817.6,89
RWS01_MONICA_00D0010E243CD0070017,2026-09-29,13,876.6,88
RWS01_MONICA_00D0010E243CD0070017,2026-09-29,14,890.0,89
RWS01_MONICA_00D0010E243CD0070017,2026-09-29,15,983.0,89
RWS01_MONICA_00D0010E243CD0070017,2026-09-29,16,1114.0,91
RWS01_MONICA_00D0010E243CD0070017,2026-09-29,17,1119.0,92
RWS01_MONICA_00D0010E243CD0070017,2026-09-29,18,812.0,95
RWS01_MONICA_00D0010E243CD0070017,2026-09-29,19,645.0,93
RWS01_MONICA_00D0010E243CD0070017,2026-09-29,20,501.0,100
RWS01_MONICA_00D0010E243CD0070017,2026-09-29,21,438.0,100
RWS01_MONICA_00D0010E243CD0070017,2026-09-29,22,371.0,101
RWS01_MONICA_00D0010E243CD0070017,2026-09-29,23,276.0,102
RWS01_MONIBAS_0011hrl0905ra,2026-10-06,0,116.0,105
RWS01_MONIBAS_0011hrl0905ra,2026-10-06,1,108.0,101
RWS01_MONIBAS_0011hrl0905ra,2026-10-06,2,92.0,103
RWS01_MONIBAS_0011hrl0905ra,2026-10-06,3,125.0,98
RWS01_MONIBAS_0011hrl0905ra,2026-10-06,4,265.0,102
RWS01_MONIBAS_0011hrl0905ra,2026-10-06,5,1161.0,112
RWS01_MONIBAS_0011hrl0905ra,2026-10-06,6,2203.0,109
RWS01_MONIBAS_0011hrl0905ra,2026-10-06,7,2916.0,106
RWS01_MONIBAS_0011hrl0905ra,2026-10-06,8,2679.0,106
RWS01_MONIBAS_0011hrl0905ra,2026-10-06,9,1765.0,105
RWS01_MONIBAS_0011hrl0905ra,2026-10-06,10,1448.0,103
RWS01_MONIBAS_0011hrl0905ra,2026-10-06,11,1470.0,101
RWS01_MONIBAS_0011hrl0905ra,2026-10-06,12,1425.0,101
RWS01_MONIBAS_0011hrl0905ra,2026-10-06,13,1345.0,101
RWS01_MONIBAS_0011hrl0905ra,2026-10-06,14,1178.0,103
RWS01_MONIBAS_0011hrl0905ra,2026-10-06,15,1462.0,104
RWS01_MONIBAS_0011hrl0905ra,2026-10-06,16,1707.0,105
RWS01_MONIBAS_0011hrl0905ra,2026-10-06,17,1739.0,108
RWS01_MONIBAS_0011hrl0905ra,2026-10-06,18,1089.0,109
RWS01_MONIBAS_0011hrl0905ra,2026-10-06,19,781.0,114
RWS01_MONIBAS_0011hrl0905ra,2026-10-06,20,603.0,116
RWS01_MONIBAS_0011hrl0905ra,2026-10-06,21,495.0,117
RWS01_MONIBAS_0011hrl0905ra,2026-10-06,22,354.0,115
RWS01_MONIBAS_0011hrl0905ra,2026-10-06,23,195.0,111
RWS01_MONIBAS_0011hrr0905ra,2026-10-06,0,394.0,107
RWS01_MONIBAS_0011hrr0905ra,2026-10-06,1,246.0,99
RWS01_MONIBAS_0011hrr0905ra,2026-10-06,2,221.0,98
RWS01_MONIBAS_0011hrr0905ra,2026-10-06,3,211.0,97
RWS01_MONIBAS_0011hrr0905ra,2026-10-06,4,288.0,97
RWS01_MONIBAS_0011hrr0905ra,2026-10-06,5,746.0,102
RWS01_MONIBAS_0011hrr0905ra,2026-10-06,6,2450.0,103
RWS01_MONIBAS_0011hrr0905ra,2026-10-06,7,3963.0,104
RWS01_MONIBAS_0011hrr0905ra,2026-10-06,8,3999.0,105
RWS01_MONIBAS_0011hrr0905ra,2026-10-06,9,2959.0,102
RWS01_MONIBAS_0011hrr0905ra,2026-10-06,10,2958.0,101
RWS01_MONIBAS_0011hrr0905ra,2026-10-06,11,2873.0,101
RWS01_MONIBAS_0011hrr0905ra,2026-10-06,12,3255.0,101
RWS01_MONIBAS_0011hrr0905ra,2026-10-06,13,3641.0,102
RWS01_MONIBAS_0011hrr0905ra,2026-10-06,14,3991.0,102
RWS01_MONIBAS_0011hrr0905ra,2026-10-06,15,5028.0,103
RWS01_MONIBAS_0011hrr0905ra,2026-10-06,16,6540.0,103
RWS01_MONIBAS_0011hrr0905ra,2026-10-06,17,6005.0,105
RWS01_MONIBAS_0011hrr0905ra,2026-10-06,18,3630.0,106
RWS01_MONIBAS_0011hrr0905ra,2026-10-06,19,2408.0,109
RWS01_MONIBAS_0011hrr0905ra,2026-10-06,20,1813.0,111
RWS01_MONIBAS_0011hrr0905ra,2026-10-06,21,1237.0,113
RWS01_MONIBAS_0011hrr0905ra,2026-10-06,22,1329.0,113
RWS01_MONIBAS_0011hrr0905ra,2026-10-06,23,697.0,112
RWS01_MONICA_00D0010E2432D0050005,2026-10-06,0,1.0,126
RWS01_MONICA_00D0010E2432D0050005,2026-10-06,1,1.0,169
RWS01_MONICA_00D0010E2432D0050005,2026-10-06,2,0.0,0
RWS01_MONICA_00D0010E2432D0050005,2026-10-06,3,0.0,0
RWS01_MONICA_00D0010E2432D0050005,2026-10-06,4,4.0,129
RWS01_MONICA_00D0010E2432D0050005,2026-10-06,5,178.0,135
RWS01_MONICA_00D0010E2432D0050005,2026-10-06,6,431.0,124
RWS01_MONICA_00D0010E2432D0050005,2026-10-06,7,716.0,118
RWS01_MONICA_00D0010E2432D0050005,2026-10-06,8,539.0,118
RWS01_MONICA_00D0010E2432D0050005,2026-10-06,9,178.0,119
RWS01_MONICA_00D0010E2432D0050005,2026-10-06,10,116.0,116
RWS01_MONICA_00D0010E2432D0050005,2026-10-06,11,79.0,112
RWS01_MONICA_00D0010E2432D0050005,2026-10-06,12,73.0,112
RWS01_MONICA_00D0010E2432D0050005,2026-10-06,13,64.0,110
RWS01_MONICA_00D0010E2432D0050005,2026-10-06,14,42.0,118
RWS01_MONICA_00D0010E2432D0050005,2026-10-06,15,77.0,115
RWS01_MONICA_00D0010E2432D0050005,2026-10-06,16,132.0,116
RWS01_MONICA_00D0010E2432D0050005,2026-10-06,17,169.0,122
RWS01_MONICA_00D0010E2432D0050005,2026-10-06,18,50.0,122
RWS01_MONICA_00D0010E2432D0050005,2026-10-06,19,26.0,126
RWS01_MONICA_00D0010E2432D0050005,2026-10-06,20,24.0,137
RWS01_MONICA_00D0010E2432D0050005,2026-10-06,21,8.0,126
RWS01_MONICA_00D0010E2432D0050005,2026-10-06,22,4.0,147
RWS01_MONICA_00D0010E2432D0050005,2026-10-06,23,1.0,147
RWS01_MONICA_00D0010E2432D0050009,2026-10-06,0,19.0,125
RWS01_MONICA_00D0010E2432D0050009,2026-10-06,1,23.0,118
RWS01_MONICA_00D0010E2432D0050009,2026-10-06,2,11.0,116
RWS01_MONICA_00D0010E2432D0050009,2026-10-06,3,14.0,124
RWS01_MONICA_00D0010E2432D0050009,2026-10-06,4,54.0,123
RWS01_MONICA_00D0010E2432D0050009,2026-10-06,5,483.0,122
RWS01_MONICA_00D0010E2432D0050009,2026-10-06,6,979.0,113
RWS01_MONICA_00D0010E2432D0050009,2026-10-06,7,1285.0,107
RWS01_MONICA_00D0010E2432D0050009,2026-10-06,8,1230.0,108
RWS01_MONICA_00D0010E2432D0050009,2026-10-06,9,789.0,108
RWS01_MONICA_00D0010E2432D0050009,2026-10-06,10,599.0,107
RWS01_MONICA_00D0010E2432D0050009,2026-10-06,11,621.0,104
RWS01_MONICA_00D0010E2432D0050009,2026-10-06,12,588.0,104
RWS01_MONICA_00D0010E2432D0050009,2026-10-06,13,523.0,105
RWS01_MONICA_00D0010E2432D0050009,2026-10-06,14,421.0,106
RWS01_MONICA_00D0010E2432D0050009,2026-10-06,15,591.0,107
RWS01_MONICA_00D0010E2432D0050009,2026-10-06,16,714.0,107
RWS01_MONICA_00D0010E2432D0050009,2026-10-06,17,725.0,111
RWS01_MONICA_00D0010E2432D0050009,2026-10-06,18,419.0,115
RWS01_MONICA_00D0010E2432D0050009,2026-10-06,19,265.0,120
RWS01_MONICA_00D0010E2432D0050009,2026-10-06,20,193.0,124
RWS01_MONICA_00D0010E2432D0050009,2026-10-06,21,135.0,126
RWS01_MONICA_00D0010E2432D0050009,2026-10-06,22,70.0,124
RWS01_MONICA_00D0010E2432D0050009,2026-10-06,23,31.0,125
RWS01_MONICA_00D0010E2432D005000D,2026-10-06,0,96.0,102
RWS01_MONICA_00D0010E2432D005000D,2026-10-06,1,84.0,98
RWS01_MONICA_00D0010E2432D005000D,2026-10-06,2,81.0,101
RWS01_MONICA_00D0010E2432D005000D,2026-10-06,3,111.0,96
RWS01_MONICA_00D0010E2432D005000D,2026-10-06,4,207.0,95
RWS01_MONICA_00D0010E2432D005000D,2026-10-06,5,500.0,96
RWS01_MONICA_00D0010E2432D005000D,2026-10-06,6,793.0,96
RWS01_MONICA_00D0010E2432D005000D,2026-10-06,7,915.0,96
RWS01_MONICA_00D0010E2432D005000D,2026-10-06,8,910.0,96
RWS01_MONICA_00D0010E2432D005000D,2026-10-06,9,798.0,94
RWS01_MONICA_00D0010E2432D005000D,2026-10-06,10,733.0,94
RWS01_MONICA_00D0010E2432D005000D,2026-10-06,11,770.0,94
RWS01_MONICA_00D0010E2432D005000D,2026-10-06,12,764.0,94
RWS01_MONICA_00D0010E2432D005000D,2026-10-06,13,758.0,94
RWS01_MONICA_00D0010E2432D005000D,2026-10-06,14,715.0,95
RWS01_MONICA_00D0010E2432D005000D,2026-10-06,15,794.0,96
RWS01_MONICA_00D0010E2432D005000D,2026-10-06,16,861.0,97
RWS01_MONICA_00D0010E2432D005000D,2026-10-06,17,845.0,99
RWS01_MONICA_00D0010E2432D005000D,2026-10-06,18,620.0,101
RWS01_MONICA_00D0010E2432D005000D,2026-10-06,19,490.0,106
RWS01_MONICA_00D0010E2432D005000D,2026-10-06,20,386.0,107
RWS01_MONICA_00D0010E2432D005000D,2026-10-06,21,352.0,110
RWS01_MONICA_00D0010E2432D005000D,2026-10-06,22,280.0,110
RWS01_MONICA_00D0010E2432D005000D,2026-10-06,23,163.0,108
RWS01_MONICA_00D0010E2432D0050085,2026-10-06,0,20.0,114
RWS01_MONICA_00D0010E2432D0050085,2026-10-06,1,11.0,115
RWS01_MONICA_00D0010E2432D0050085,2026-10-06,2,14.0,99
RWS01_MONICA_00D0010E2432D0050085,2026-10-06,3,15.0,108
RWS01_MONICA_00D0010E2432D0050085,2026-10-06,4,34.0,113
RWS01_MONICA_00D0010E2432D0050085,2026-10-06,5,418.0,115
RWS01_MONICA_00D0010E2432D0050085,2026-10-06,6,1444.0,103
RWS01_MONICA_00D0010E2432D0050085,2026-10-06,7,1745.0,99
RWS01_MONICA_00D0010E2432D0050085,2026-10-06,8,1467.0,101
RWS01_MONICA_00D0010E2432D0050085,2026-10-06,9,908.0,102
RWS01_MONICA_00D0010E2432D0050085,2026-10-06,10,525.0,103
RWS01_MONICA_00D0010E2432D0050085,2026-10-06,11,582.0,100
RWS01_MONICA_00D0010E2432D0050085,2026-10-06,12,650.0,101
RWS01_MONICA_00D0010E2432D0050085,2026-10-06,13,611.0,101
RWS01_MONICA_00D0010E2432D0050085,2026-10-06,14,777.0,101
RWS01_MONICA_00D0010E2432D0050085,2026-10-06,15,886.0,101
RWS01_MONICA_00D0010E2432D0050085,2026-10-06,16,937.0,102
RWS01_MONICA_00D0010E2432D0050085,2026-10-06,17,904.0,105
RWS01_MONICA_00D0010E2432D0050085,2026-10-06,18,419.0,108
RWS01_MONICA_00D0010E2432D0050085,2026-10-06,19,247.0,114
RWS01_MONICA_00D0010E2432D0050085,2026-10-06,20,133.0,112
RWS01_MONICA_00D0010E2432D0050085,2026-10-06,21,126.0,119
RWS01_MONICA_00D0010E2432D0050085,2026-10-06,22,74.0,118
RWS01_MONICA_00D0010E2432D0050085,2026-10-06,23,36.0,115
RWS01_MONICA_00D0010E2432D0050089,2026-10-06,0,105.0,97
RWS01_MONICA_00D0010E2432D0050089,2026-10-06,1,83.0,96
RWS01_MONICA_00D0010E2432D0050089,2026-10-06,2,68.0,88
RWS01_MONICA_00D0010E2432D0050089,2026-10-06,3,112.0,94
RWS01_MONICA_00D0010E2432D0050089,2026-10-06,4,207.0,94
RWS01_MONICA_00D0010E2432D0050089,2026-10-06,5,626.0,94
RWS01_MONICA_00D0010E2432D0050089,2026-10-06,6,1260.0,88
RWS01_MONICA_00D0010E2432D0050089,2026-10-06,7,1608.0,86
RWS01_MONICA_00D0010E2432D0050089,2026-10-06,8,1548.0,88
RWS01_MONICA_00D0010E2432D0050089,2026-10-06,9,1192.0,88
RWS01_MONICA_00D0010E2432D0050089,2026-10-06,10,955.0,90
RWS01_MONICA_00D0010E2432D0050089,2026-10-06,11,1037.0,88
RWS01_MONICA_00D0010E2432D0050089,2026-10-06,12,1078.0,89
RWS01_MONICA_00D0010E2432D0050089,2026-10-06,13,1089.0,88
RWS01_MONICA_00D0010E2432D0050089,2026-10-06,14,1184.0,88
RWS01_MONICA_00D0010E2432D0050089,2026-10-06,15,1269.0,89
RWS01_MONICA_00D0010E2432D0050089,2026-10-06,16,1414.0,90
RWS01_MONICA_00D0010E2432D0050089,2026-10-06,17,1365.0,92
RWS01_MONICA_00D0010E2432D0050089,2026-10-06,18,869.0,95
RWS01_MONICA_00D0010E2432D0050089,2026-10-06,19,570.0,99
RWS01_MONICA_00D0010E2432D0050089,2026-10-06,20,433.0,103
RWS01_MONICA_00D0010E2432D0050089,2026-10-06,21,396.0,105
RWS01_MONICA_00D0010E2432D0050089,2026-10-06,22,315.0,103
RWS01_MONICA_00D0010E2432D0050089,2026-10-06,23,177.0,98
RWS01_MONICA_00D0010E243CD0070007,2026-10-06,0,0.0,0
RWS01_MONICA_00D0010E243CD0070007,2026-10-06,1,1.0,118
RWS01_MONICA_00D0010E243CD0070007,2026-10-06,2,0.0,0
RWS01_MONICA_00D0010E243CD0070007,2026-10-06,3,0.0,0
RWS01_MONICA_00D0010E243CD0070007,2026-10-06,4,0.0,0
RWS01_MONICA_00D0010E243CD0070007,2026-10-06,5,0.0,0
RWS01_MONICA_00D0010E243CD0070007,2026-10-06,6,28.0,129
RWS01_MONICA_00D0010E243CD0070007,2026-10-06,7,82.0,120
RWS01_MONICA_00D0010E243CD0070007,2026-10-06,8,89.0,126
RWS01_MONICA_00D0010E243CD0070007,2026-10-06,9,46.0,123
RWS01_MONICA_00D0010E243CD0070007,2026-10-06,10,59.0,120
RWS01_MONICA_00D0010E243CD0070007,2026-10-06,11,47.0,123
RWS01_MONICA_00D0010E243CD0070007,2026-10-06,12,101.0,123
RWS01_MONICA_00D0010E243CD0070007,2026-10-06,13,103.0,121
RWS01_MONICA_00D0010E243CD0070007,2026-10-06,14,149.0,120
RWS01_MONICA_00D0010E243CD0070007,2026-10-06,15,301.0,123
RWS01_MONICA_00D0010E243CD0070007,2026-10-06,16,467.0,121
RWS01_MONICA_00D0010E243CD0070007,2026-10-06,17,390.0,123
RWS01_MONICA_00D0010E243CD0070007,2026-10-06,18,169.0,126
RWS01_MONICA_00D0010E243CD0070007,2026-10-06,19,80.0,130
RWS01_MONICA_00D0010E243CD0070007,2026-10-06,20,34.0,131
RWS01_MONICA_00D0010E243CD0070007,2026-10-06,21,9.0,132
RWS01_MONICA_00D0010E243CD0070007,2026-10-06,22,9.0,131
RWS01_MONICA_00D0010E243CD0070007,2026-10-06,23,2.0,143
RWS01_MONICA_00D0010E243CD007000B,2026-10-06,0,34.0,126
RWS01_MONICA_00D0010E243CD007000B,2026-10-06,1,11.0,122
RWS01_MONICA_00D0010E243CD007000B,2026-10-06,2,14.0,120
RWS01_MONICA_00D0010E243CD007000B,2026-10-06,3,19.0,124
RWS01_MONICA_00D0010E243CD007000B,2026-10-06,4,7.0,130
RWS01_MONICA_00D0010E243CD007000B,2026-10-06,5,45.0,121
RWS01_MONICA_00D0010E243CD007000B,2026-10-06,6,359.0,116
RWS01_MONICA_00D0010E243CD007000B,2026-10-06,7,746.0,113
RWS01_MONICA_00D0010E243CD007000B,2026-10-06,8,773.0,115
RWS01_MONICA_00D0010E243CD007000B,2026-10-06,9,480.0,112
RWS01_MONICA_00D0010E243CD007000B,2026-10-06,10,582.0,110
RWS01_MONICA_00D0010E243CD007000B,2026-10-06,11,523.0,110
RWS01_MONICA_00D0010E243CD007000B,2026-10-06,12,676.0,110
RWS01_MONICA_00D0010E243CD007000B,2026-10-06,13,820.0,110
RWS01_MONICA_00D0010E243CD007000B,2026-10-06,14,941.0,110
RWS01_MONICA_00D0010E243CD007000B,2026-10-06,15,1237.0,110
RWS01_MONICA_00D0010E243CD007000B,2026-10-06,16,1758.0,110
RWS01_MONICA_00D0010E243CD007000B,2026-10-06,17,1538.0,111
RWS01_MONICA_00D0010E243CD007000B,2026-10-06,18,896.0,115
RWS01_MONICA_00D0010E243CD007000B,2026-10-06,19,524.0,121
RWS01_MONICA_00D0010E243CD007000B,2026-10-06,20,380.0,124
RWS01_MONICA_00D0010E243CD007000B,2026-10-06,21,149.0,127
RWS01_MONICA_00D0010E243CD007000B,2026-10-06,22,166.0,125
RWS01_MONICA_00D0010E243CD007000B,2026-10-06,23,54.0,129
RWS01_MONICA_00D0010E243CD007000F,2026-10-06,0,101.0,110
RWS01_MONICA_00D0010E243CD007000F,2026-10-06,1,58.0,109
RWS01_MONICA_00D0010E243CD007000F,2026-10-06,2,47.0,105
RWS01_MONICA_00D0010E243CD007000F,2026-10-06,3,35.0,103
RWS01_MONICA_00D0010E243CD007000F,2026-10-06,4,46.0,104
RWS01_MONICA_00D0010E243CD007000F,2026-10-06,5,159.0,111
RWS01_MONICA_00D0010E243CD007000F,2026-10-06,6,629.0,106
RWS01_MONICA_00D0010E243CD007000F,2026-10-06,7,1076.0,104
RWS01_MONICA_00D0010E243CD007000F,2026-10-06,8,1107.0,105
RWS01_MONICA_00D0010E243CD007000F,2026-10-06,9,817.0,104
RWS01_MONICA_00D0010E243CD007000F,2026-10-06,10,821.0,102
RWS01_MONICA_00D0010E243CD007000F,2026-10-06,11,870.0,102
RWS01_MONICA_00D0010E243CD007000F,2026-10-06,12,908.0,102
RWS01_MONICA_00D0010E243CD007000F,2026-10-06,13,988.0,102
RWS01_MONICA_00D0010E243CD007000F,2026-10-06,14,1114.0,102
RWS01_MONICA_00D0010E243CD007000F,2026-10-06,15,1342.0,102
RWS01_MONICA_00D0010E243CD007000F,2026-10-06,16,1683.0,102
RWS01_MONICA_00D0010E243CD007000F,2026-10-06,17,1639.0,103
RWS01_MONICA_00D0010E243CD007000F,2026-10-06,18,969.0,105
RWS01_MONICA_00D0010E243CD007000F,2026-10-06,19,660.0,110
RWS01_MONICA_00D0010E243CD007000F,2026-10-06,20,497.0,112
RWS01_MONICA_00D0010E243CD007000F,2026-10-06,21,334.0,116
RWS01_MONICA_00D0010E243CD007000F,2026-10-06,22,362.0,116
RWS01_MONICA_00D0010E243CD007000F,2026-10-06,23,158.0,120
RWS01_MONICA_00D0010E243CD0070013,2026-10-06,0,87.0,108
RWS01_MONICA_00D0010E243CD0070013,2026-10-06,1,56.0,100
RWS01_MONICA_00D0010E243CD0070013,2026-10-06,2,45.0,94
RWS01_MONICA_00D0010E243CD0070013,2026-10-06,3,39.0,96
RWS01_MONICA_00D0010E243CD0070013,2026-10-06,4,77.0,103
RWS01_MONICA_00D0010E243CD0070013,2026-10-06,5,208.0,102
RWS01_MONICA_00D0010E243CD0070013,2026-10-06,6,735.0,100
RWS01_MONICA_00D0010E243CD0070013,2026-10-06,7,1128.0,101
RWS01_MONICA_00D0010E243CD0070013,2026-10-06,8,1093.0,101
RWS01_MONICA_00D0010E243CD0070013,2026-10-06,9,795.0,99
RWS01_MONICA_00D0010E243CD0070013,2026-10-06,10,731.0,98
RWS01_MONICA_00D0010E243CD0070013,2026-10-06,11,695.0,97
RWS01_MONICA_00D0010E243CD0070013,2026-10-06,12,771.0,98
RWS01_MONICA_00D0010E243CD0070013,2026-10-06,13,870.0,98
RWS01_MONICA_00D0010E243CD0070013,2026-10-06,14,874.0,99
RWS01_MONICA_00D0010E243CD0070013,2026-10-06,15,1160.0,100
RWS01_MONICA_00D0010E243CD0070013,2026-10-06,16,1444.0,100
RWS01_MONICA_00D0010E243CD0070013,2026-10-06,17,1293.0,101
RWS01_MONICA_00D0010E243CD0070013,2026-10-06,18,822.0,102
RWS01_MONICA_00D0010E243CD0070013,2026-10-06,19,547.0,105
RWS01_MONICA_00D0010E243CD0070013,2026-10-06,20,400.0,108
RWS01_MONICA_00D0010E243CD0070013,2026-10-06,21,315.0,111
RWS01_MONICA_00D0010E243CD0070013,2026-10-06,22,345.0,113
RWS01_MONICA_00D0010E243CD0070013,2026-10-06,23,183.0,112
RWS01_MONICA_00D0010E243CD0070017,2026-10-06,0,172.0,97
RWS01_MONICA_00D0010E243CD0070017,2026-10-06,1,120.0,92
RWS01_MONICA_00D0010E243CD0070017,2026-10-06,2,115.0,94
RWS01_MONICA_00D0010E243CD0070017,2026-10-06,3,118.0,88
RWS01_MONICA_00D0010E243CD0070017,2026-10-06,4,158.0,91
RWS01_MONICA_00D0010E243CD0070017,2026-10-06,5,334.0,90
RWS01_MONICA_00D0010E243CD0070017,2026-10-06,6,699.0,91
RWS01_MONICA_00D0010E243CD0070017,2026-10-06,7,914.0,92
RWS01_MONICA_00D0010E243CD0070017,2026-10-06,8,937.0,93
RWS01_MONICA_00D0010E243CD0070017,2026-10-06,9,821.0,90
RWS01_MONICA_00D0010E243CD0070017,2026-10-06,10,765.0,90
RWS01_MONICA_00D0010E243CD0070017,2026-10-06,11,738.0,90
RWS01_MONICA_00D0010E243CD0070017,2026-10-06,12,779.0,89
RWS01_MONICA_00D0010E243CD0070017,2026-10-06,13,860.0,90
RWS01_MONICA_00D0010E243CD0070017,2026-10-06,14,896.0,90
RWS01_MONICA_00D0010E243CD0070017,2026-10-06,15,988.0,90
RWS01_MONICA_00D0010E243CD0070017,2026-10-06,16,1164.0,92
RWS01_MONICA_00D0010E243CD0070017,2026-10-06,17,1129.0,93
RWS01_MONICA_00D0010E243CD0070017,2026-10-06,18,774.0,94
RWS01_MONICA_00D0010E243CD0070017,2026-10-06,19,597.0,94
RWS01_MONICA_00D0010E243CD0070017,2026-10-06,20,502.0,99
RWS01_MONICA_00D0010E243CD0070017,2026-10-06,21,430.0,102
RWS01_MONICA_00D0010E243CD0070017,2026-10-06,22,447.0,102
RWS01_MONICA_00D0010E243CD0070017,2026-10-06,23,300.0,99
